route,label,lat,lng,url,map,x,y
R191,萩保守作業所,34.3959841667,131.4001935028,,,,
R191,萩備蓄倉庫,34.3962869972,131.4002691667,,,,
R191,協和建設工業,34.3949325028,131.4014613333,,,,
R191,102k000,34.39336,131.37271,https://drive.google.com/file/d/1IDVLjuH-TI2PNGpZE3S9pzr0Udlk2eNz/view?usp=drive_link,map_01.webp,,
R191,102k020,34.39352,131.37283,https://drive.google.com/file/d/1IDVLjuH-TI2PNGpZE3S9pzr0Udlk2eNz/view?usp=drive_link,map_01.webp,,
R191,102k040,34.39367,131.37295,https://drive.google.com/file/d/1IDVLjuH-TI2PNGpZE3S9pzr0Udlk2eNz/view?usp=drive_link,map_01.webp,,
R191,102k060,34.39381,131.37307,https://drive.google.com/file/d/1IDVLjuH-TI2PNGpZE3S9pzr0Udlk2eNz/view?usp=drive_link,map_01.webp,,
R191,102k080,34.39396,131.3732,https://drive.google.com/file/d/1IDVLjuH-TI2PNGpZE3S9pzr0Udlk2eNz/view?usp=drive_link,map_01.webp,,
R191,102k100,34.3941,131.37333,https://drive.google.com/file/d/1IDVLjuH-TI2PNGpZE3S9pzr0Udlk2eNz/view?usp=drive_link,map_01.webp,807,534
R191,102k120,34.39424,131.37347,https://drive.google.com/file/d/1IDVLjuH-TI2PNGpZE3S9pzr0Udlk2eNz/view?usp=drive_link,map_01.webp,,
R191,102k140,34.39438,131.37361,https://drive.google.com/file/d/1IDVLjuH-TI2PNGpZE3S9pzr0Udlk2eNz/view?usp=drive_link,map_01.webp,,
R191,102k160,34.39452,131.37375,https://drive.google.com/file/d/1IDVLjuH-TI2PNGpZE3S9pzr0Udlk2eNz/view?usp=drive_link,map_01.webp,,
R191,102k180,34.39466,131.37389,https://drive.google.com/file/d/1IDVLjuH-TI2PNGpZE3S9pzr0Udlk2eNz/view?usp=drive_link,map_01.webp,,
R191,102k200,34.39479,131.37402,https://drive.google.com/file/d/1IDVLjuH-TI2PNGpZE3S9pzr0Udlk2eNz/view?usp=drive_link,map_01.webp,1521,479
R191,102k220,34.39492,131.37417,https://drive.google.com/file/d/1IDVLjuH-TI2PNGpZE3S9pzr0Udlk2eNz/view?usp=drive_link,map_01.webp,,
R191,102k240,34.39503,131.37434,https://drive.google.com/file/d/1IDVLjuH-TI2PNGpZE3S9pzr0Udlk2eNz/view?usp=drive_link,map_01.webp,,
R191,102k260,34.3951,131.37454,https://drive.google.com/file/d/1IDVLjuH-TI2PNGpZE3S9pzr0Udlk2eNz/view?usp=drive_link,map_01.webp,,
R191,102k270,34.39513,131.37464,https://drive.google.com/file/d/1IDVLjuH-TI2PNGpZE3S9pzr0Udlk2eNz/view?usp=drive_link,map_01.webp,,
R191,102k300,34.39525,131.37504,https://drive.google.com/file/d/1IDVLjuH-TI2PNGpZE3S9pzr0Udlk2eNz/view?usp=drive_link,map_01.webp,2259,703
R191,102k320,34.39531,131.37524,https://drive.google.com/file/d/1IDVLjuH-TI2PNGpZE3S9pzr0Udlk2eNz/view?usp=drive_link,map_01.webp,,
R191,102k340,34.39538,131.37544,https://drive.google.com/file/d/1IDVLjuH-TI2PNGpZE3S9pzr0Udlk2eNz/view?usp=drive_link,map_01.webp,,
R191,102k360,34.39546,131.37563,https://drive.google.com/file/d/1IDVLjuH-TI2PNGpZE3S9pzr0Udlk2eNz/view?usp=drive_link,map_01.webp,,
R191,102k380,34.39556,131.37581,https://drive.google.com/file/d/1IDVLjuH-TI2PNGpZE3S9pzr0Udlk2eNz/view?usp=drive_link,map_01.webp,,
R191,102k400,34.39562,131.3759,https://drive.google.com/file/d/1IDVLjuH-TI2PNGpZE3S9pzr0Udlk2eNz/view?usp=drive_link,map_01.webp,2828,897
R191,102k420,34.39574,131.37607,https://drive.google.com/file/d/1IDVLjuH-TI2PNGpZE3S9pzr0Udlk2eNz/view?usp=drive_link,map_01.webp,,
R191,102k440,34.39585,131.37624,https://drive.google.com/file/d/1IDVLjuH-TI2PNGpZE3S9pzr0Udlk2eNz/view?usp=drive_link,map_01.webp,,
R191,102k460,34.39596,131.37641,https://drive.google.com/file/d/1IDVLjuH-TI2PNGpZE3S9pzr0Udlk2eNz/view?usp=drive_link,map_01.webp,,
R191,102k480,34.39608,131.37658,https://drive.google.com/file/d/1IDVLjuH-TI2PNGpZE3S9pzr0Udlk2eNz/view?usp=drive_link,map_01.webp,,
R191,102k500,34.3962,131.37675,https://drive.google.com/file/d/1IDVLjuH-TI2PNGpZE3S9pzr0Udlk2eNz/view?usp=drive_link,map_01.webp,3603,990
R191,102k520,34.39631,131.37692,https://drive.google.com/file/d/1IDVLjuH-TI2PNGpZE3S9pzr0Udlk2eNz/view?usp=drive_link,map_01.webp,,
R191,102k540,34.39642,131.37709,https://drive.google.com/file/d/1IDVLjuH-TI2PNGpZE3S9pzr0Udlk2eNz/view?usp=drive_link,map_01.webp,,
R191,102k560,34.39654,131.37726,https://drive.google.com/file/d/1IDVLjuH-TI2PNGpZE3S9pzr0Udlk2eNz/view?usp=drive_link,map_01.webp,,
R191,102k580,34.39665,131.37743,https://drive.google.com/file/d/1IDVLjuH-TI2PNGpZE3S9pzr0Udlk2eNz/view?usp=drive_link,map_01.webp,,
R191,102k600,34.39676,131.3776,https://drive.google.com/file/d/1IDVLjuH-TI2PNGpZE3S9pzr0Udlk2eNz/view?usp=drive_link,map_01.webp,4321,1071
R191,102k620,34.39689,131.37779,https://drive.google.com/file/d/1IDVLjuH-TI2PNGpZE3S9pzr0Udlk2eNz/view?usp=drive_link,map_01.webp,,
R191,102k640,34.39701,131.37796,https://drive.google.com/file/d/1IDVLjuH-TI2PNGpZE3S9pzr0Udlk2eNz/view?usp=drive_link,map_01.webp,,
R191,102k660,34.39712,131.37813,https://drive.google.com/file/d/1IDVLjuH-TI2PNGpZE3S9pzr0Udlk2eNz/view?usp=drive_link,map_01.webp,,
R191,102k680,34.39724,131.37829,https://drive.google.com/file/d/1IDVLjuH-TI2PNGpZE3S9pzr0Udlk2eNz/view?usp=drive_link,map_01.webp,,
R191,102k700,34.39736,131.37842,https://drive.google.com/file/d/1IDVLjuH-TI2PNGpZE3S9pzr0Udlk2eNz/view?usp=drive_link,map_01.webp,5046,1127
R191,102k720,34.39752,131.37853,https://drive.google.com/file/d/1IDVLjuH-TI2PNGpZE3S9pzr0Udlk2eNz/view?usp=drive_link,map_01.webp,,
R191,102k740,34.39768,131.37863,https://drive.google.com/file/d/1IDVLjuH-TI2PNGpZE3S9pzr0Udlk2eNz/view?usp=drive_link,map_01.webp,,
R191,102k760,34.39784,131.37873,https://drive.google.com/file/d/1IDVLjuH-TI2PNGpZE3S9pzr0Udlk2eNz/view?usp=drive_link,map_01.webp,,
R191,102k780,34.398,131.37883,https://drive.google.com/file/d/1IDVLjuH-TI2PNGpZE3S9pzr0Udlk2eNz/view?usp=drive_link,map_01.webp,,
R191,102k800,34.39824,131.37897,https://drive.google.com/file/d/1IDVLjuH-TI2PNGpZE3S9pzr0Udlk2eNz/view?usp=drive_link,map_01.webp,5810,895
R191,102k820,34.39841,131.37906,https://drive.google.com/file/d/1IDVLjuH-TI2PNGpZE3S9pzr0Udlk2eNz/view?usp=drive_link,map_01.webp,,
R191,102k840,34.39857,131.37915,https://drive.google.com/file/d/1IDVLjuH-TI2PNGpZE3S9pzr0Udlk2eNz/view?usp=drive_link,map_01.webp,,
R191,102k860,34.39873,131.37926,https://drive.google.com/file/d/1IDVLjuH-TI2PNGpZE3S9pzr0Udlk2eNz/view?usp=drive_link,map_01.webp,,
R191,102k880,34.39888,131.37937,https://drive.google.com/file/d/1IDVLjuH-TI2PNGpZE3S9pzr0Udlk2eNz/view?usp=drive_link,map_01.webp,,
R191,102k900,34.3990382139,131.3795068556,https://drive.google.com/file/d/1Q6HQDhO5yE65qK4e04tlTlHhKKUtWC3s/view?usp=drive_link,map_02.webp,380,911
R191,102k920,34.39918,131.37958,https://drive.google.com/file/d/1Q6HQDhO5yE65qK4e04tlTlHhKKUtWC3s/view?usp=drive_link,map_02.webp,,
R191,102k940,34.39934,131.37969,https://drive.google.com/file/d/1Q6HQDhO5yE65qK4e04tlTlHhKKUtWC3s/view?usp=drive_link,map_02.webp,,
R191,102k960,34.3995,131.3798,https://drive.google.com/file/d/1Q6HQDhO5yE65qK4e04tlTlHhKKUtWC3s/view?usp=drive_link,map_02.webp,,
R191,102k980,34.39965,131.37991,https://drive.google.com/file/d/1Q6HQDhO5yE65qK4e04tlTlHhKKUtWC3s/view?usp=drive_link,map_02.webp,,
R191,103k000,34.39976,131.37999,https://drive.google.com/file/d/1Q6HQDhO5yE65qK4e04tlTlHhKKUtWC3s/view?usp=drive_link,map_02.webp,922,692
R191,103k020,34.39991,131.3801,https://drive.google.com/file/d/1Q6HQDhO5yE65qK4e04tlTlHhKKUtWC3s/view?usp=drive_link,map_02.webp,,
R191,103k040,34.40005,131.38024,https://drive.google.com/file/d/1Q6HQDhO5yE65qK4e04tlTlHhKKUtWC3s/view?usp=drive_link,map_02.webp,,
R191,103k060,34.40018,131.38039,https://drive.google.com/file/d/1Q6HQDhO5yE65qK4e04tlTlHhKKUtWC3s/view?usp=drive_link,map_02.webp,,
R191,103k080,34.40029,131.38056,https://drive.google.com/file/d/1Q6HQDhO5yE65qK4e04tlTlHhKKUtWC3s/view?usp=drive_link,map_02.webp,,
R191,103k100,34.40039,131.38075,https://drive.google.com/file/d/1Q6HQDhO5yE65qK4e04tlTlHhKKUtWC3s/view?usp=drive_link,map_02.webp,1541,626
R191,103k120,34.40046,131.38094,https://drive.google.com/file/d/1Q6HQDhO5yE65qK4e04tlTlHhKKUtWC3s/view?usp=drive_link,map_02.webp,,
R191,103k140,34.40054,131.38114,https://drive.google.com/file/d/1Q6HQDhO5yE65qK4e04tlTlHhKKUtWC3s/view?usp=drive_link,map_02.webp,,
R191,103k160,34.40062,131.38133,https://drive.google.com/file/d/1Q6HQDhO5yE65qK4e04tlTlHhKKUtWC3s/view?usp=drive_link,map_02.webp,,
R191,103k180,34.4007,131.38153,https://drive.google.com/file/d/1Q6HQDhO5yE65qK4e04tlTlHhKKUtWC3s/view?usp=drive_link,map_02.webp,,
R191,103k200,34.40078,131.38172,https://drive.google.com/file/d/1Q6HQDhO5yE65qK4e04tlTlHhKKUtWC3s/view?usp=drive_link,map_02.webp,2152,767
R191,103k220,34.40086,131.38192,https://drive.google.com/file/d/1Q6HQDhO5yE65qK4e04tlTlHhKKUtWC3s/view?usp=drive_link,map_02.webp,,
R191,103k240,34.40094,131.38212,https://drive.google.com/file/d/1Q6HQDhO5yE65qK4e04tlTlHhKKUtWC3s/view?usp=drive_link,map_02.webp,,
R191,103k260,34.40103,131.38231,https://drive.google.com/file/d/1Q6HQDhO5yE65qK4e04tlTlHhKKUtWC3s/view?usp=drive_link,map_02.webp,,
R191,103k280,34.40112,131.38249,https://drive.google.com/file/d/1Q6HQDhO5yE65qK4e04tlTlHhKKUtWC3s/view?usp=drive_link,map_02.webp,,
R191,103k300,34.40122,131.38267,https://drive.google.com/file/d/1Q6HQDhO5yE65qK4e04tlTlHhKKUtWC3s/view?usp=drive_link,map_02.webp,2777,873
R191,103k320,34.40133,131.38285,https://drive.google.com/file/d/1Q6HQDhO5yE65qK4e04tlTlHhKKUtWC3s/view?usp=drive_link,map_02.webp,,
R191,103k340,34.40144,131.38302,https://drive.google.com/file/d/1Q6HQDhO5yE65qK4e04tlTlHhKKUtWC3s/view?usp=drive_link,map_02.webp,,
R191,103k360,34.40156,131.38318,https://drive.google.com/file/d/1Q6HQDhO5yE65qK4e04tlTlHhKKUtWC3s/view?usp=drive_link,map_02.webp,,
R191,103k380,34.40168,131.38334,https://drive.google.com/file/d/1Q6HQDhO5yE65qK4e04tlTlHhKKUtWC3s/view?usp=drive_link,map_02.webp,,
R191,103k400,34.40179,131.38348,https://drive.google.com/file/d/1Q6HQDhO5yE65qK4e04tlTlHhKKUtWC3s/view?usp=drive_link,map_02.webp,3389,857
R191,103k420,34.40193,131.38363,https://drive.google.com/file/d/1Q6HQDhO5yE65qK4e04tlTlHhKKUtWC3s/view?usp=drive_link,map_02.webp,,
R191,103k440,34.40206,131.38377,https://drive.google.com/file/d/1Q6HQDhO5yE65qK4e04tlTlHhKKUtWC3s/view?usp=drive_link,map_02.webp,,
R191,103k460,34.4022,131.3839,https://drive.google.com/file/d/1Q6HQDhO5yE65qK4e04tlTlHhKKUtWC3s/view?usp=drive_link,map_02.webp,,
R191,103k480,34.40235,131.38403,https://drive.google.com/file/d/1Q6HQDhO5yE65qK4e04tlTlHhKKUtWC3s/view?usp=drive_link,map_02.webp,,
R191,103k500,34.40249,131.38417,https://drive.google.com/file/d/1Q6HQDhO5yE65qK4e04tlTlHhKKUtWC3s/view?usp=drive_link,map_02.webp,4007,731
R191,103k520,34.40264,131.3843,https://drive.google.com/file/d/1Q6HQDhO5yE65qK4e04tlTlHhKKUtWC3s/view?usp=drive_link,map_02.webp,,
R191,103k540,34.40278,131.38443,https://drive.google.com/file/d/1Q6HQDhO5yE65qK4e04tlTlHhKKUtWC3s/view?usp=drive_link,map_02.webp,,
R191,103k560,34.40292,131.38456,https://drive.google.com/file/d/1Q6HQDhO5yE65qK4e04tlTlHhKKUtWC3s/view?usp=drive_link,map_02.webp,,
R191,103k580,34.40306,131.3847,https://drive.google.com/file/d/1Q6HQDhO5yE65qK4e04tlTlHhKKUtWC3s/view?usp=drive_link,map_02.webp,,
R191,103k600,34.40318,131.38483,https://drive.google.com/file/d/1Q6HQDhO5yE65qK4e04tlTlHhKKUtWC3s/view?usp=drive_link,map_02.webp,4612,597
R191,103k620,34.40331,131.38499,https://drive.google.com/file/d/1Q6HQDhO5yE65qK4e04tlTlHhKKUtWC3s/view?usp=drive_link,map_02.webp,,
R191,103k640,34.40344,131.38514,https://drive.google.com/file/d/1Q6HQDhO5yE65qK4e04tlTlHhKKUtWC3s/view?usp=drive_link,map_02.webp,,
R191,103k660,34.40356,131.38531,https://drive.google.com/file/d/1Q6HQDhO5yE65qK4e04tlTlHhKKUtWC3s/view?usp=drive_link,map_02.webp,,
R191,103k680,34.4036716444,131.3854731361,https://drive.google.com/file/d/1Q6HQDhO5yE65qK4e04tlTlHhKKUtWC3s/view?usp=drive_link,map_02.webp,,
R191,103k700,34.40378,131.38565,https://drive.google.com/file/d/1Q6HQDhO5yE65qK4e04tlTlHhKKUtWC3s/view?usp=drive_link,map_02.webp,5240,570
R191,103k720,34.40389,131.38582,https://drive.google.com/file/d/1Q6HQDhO5yE65qK4e04tlTlHhKKUtWC3s/view?usp=drive_link,map_02.webp,,
R191,103k740,34.404,131.38599,https://drive.google.com/file/d/1Q6HQDhO5yE65qK4e04tlTlHhKKUtWC3s/view?usp=drive_link,map_02.webp,,
R191,103k760,34.40411,131.38617,https://drive.google.com/file/d/1Q6HQDhO5yE65qK4e04tlTlHhKKUtWC3s/view?usp=drive_link,map_02.webp,,
R191,103k780,34.40421,131.38634,https://drive.google.com/file/d/1Q6HQDhO5yE65qK4e04tlTlHhKKUtWC3s/view?usp=drive_link,map_02.webp,,
R191,103k800,34.40437,131.38659,https://drive.google.com/file/d/1Q6HQDhO5yE65qK4e04tlTlHhKKUtWC3s/view?usp=drive_link,map_02.webp,5921,590
R191,103k820,34.40448,131.38676,https://drive.google.com/file/d/1Q6HQDhO5yE65qK4e04tlTlHhKKUtWC3s/view?usp=drive_link,map_02.webp,,
R191,103k840,34.40459,131.38693,https://drive.google.com/file/d/1Q6HQDhO5yE65qK4e04tlTlHhKKUtWC3s/view?usp=drive_link,map_02.webp,,
R191,103k860,34.4047,131.38711,https://drive.google.com/file/d/1Q6HQDhO5yE65qK4e04tlTlHhKKUtWC3s/view?usp=drive_link,map_02.webp,,
R191,103k880,34.40481,131.38728,https://drive.google.com/file/d/1Q6HQDhO5yE65qK4e04tlTlHhKKUtWC3s/view?usp=drive_link,map_02.webp,,
R191,103k900,34.4049191917,131.3874521611,https://drive.google.com/file/d/1Q6HQDhO5yE65qK4e04tlTlHhKKUtWC3s/view?usp=drive_link,map_02.webp,6553,607
R191,103k920,34.40503,131.38762,https://drive.google.com/file/d/1Q6HQDhO5yE65qK4e04tlTlHhKKUtWC3s/view?usp=drive_link,map_02.webp,,
R191,103k940,34.40514,131.38779,https://drive.google.com/file/d/1Q6HQDhO5yE65qK4e04tlTlHhKKUtWC3s/view?usp=drive_link,map_02.webp,,
R191,103k960,34.40525,131.38797,https://drive.google.com/file/d/1Q6HQDhO5yE65qK4e04tlTlHhKKUtWC3s/view?usp=drive_link,map_02.webp,,
R191,103k980,34.40536,131.38814,https://drive.google.com/file/d/1Q6HQDhO5yE65qK4e04tlTlHhKKUtWC3s/view?usp=drive_link,map_02.webp,,
R191,104k000,34.40543,131.38825,https://drive.google.com/file/d/1Q6HQDhO5yE65qK4e04tlTlHhKKUtWC3s/view?usp=drive_link,map_02.webp,7135,619
R191,104k020,34.40554,131.38842,https://drive.google.com/file/d/1Q6HQDhO5yE65qK4e04tlTlHhKKUtWC3s/view?usp=drive_link,map_02.webp,,
R191,104k040,34.40565,131.38859,https://drive.google.com/file/d/1Q6HQDhO5yE65qK4e04tlTlHhKKUtWC3s/view?usp=drive_link,map_02.webp,,
R191,104k060,34.40576,131.38877,https://drive.google.com/file/d/1Q6HQDhO5yE65qK4e04tlTlHhKKUtWC3s/view?usp=drive_link,map_02.webp,,
R191,104k080,34.40587,131.38894,https://drive.google.com/file/d/1Q6HQDhO5yE65qK4e04tlTlHhKKUtWC3s/view?usp=drive_link,map_02.webp,,
R191,104k100,34.40597,131.38912,https://drive.google.com/file/d/1Q6HQDhO5yE65qK4e04tlTlHhKKUtWC3s/view?usp=drive_link,map_02.webp,7747,640
R191,104k120,34.40607,131.3893,https://drive.google.com/file/d/17yFZhcayqAzvn0MAW63Ie3005chvlipS/view?usp=drive_link,map_03.webp,,
R191,104k140,34.40617,131.38948,https://drive.google.com/file/d/17yFZhcayqAzvn0MAW63Ie3005chvlipS/view?usp=drive_link,map_03.webp,,
R191,104k160,34.40626,131.38966,https://drive.google.com/file/d/17yFZhcayqAzvn0MAW63Ie3005chvlipS/view?usp=drive_link,map_03.webp,,
R191,104k180,34.40636,131.38985,https://drive.google.com/file/d/17yFZhcayqAzvn0MAW63Ie3005chvlipS/view?usp=drive_link,map_03.webp,,
R191,104k200,34.40649,131.39009,https://drive.google.com/file/d/17yFZhcayqAzvn0MAW63Ie3005chvlipS/view?usp=drive_link,map_03.webp,814,527
R191,104k220,34.40659,131.39027,https://drive.google.com/file/d/17yFZhcayqAzvn0MAW63Ie3005chvlipS/view?usp=drive_link,map_03.webp,,
R191,104k240,34.40668,131.39046,https://drive.google.com/file/d/17yFZhcayqAzvn0MAW63Ie3005chvlipS/view?usp=drive_link,map_03.webp,,
R191,104k260,34.40678,131.39064,https://drive.google.com/file/d/17yFZhcayqAzvn0MAW63Ie3005chvlipS/view?usp=drive_link,map_03.webp,,
R191,104k280,34.40688,131.39082,https://drive.google.com/file/d/17yFZhcayqAzvn0MAW63Ie3005chvlipS/view?usp=drive_link,map_03.webp,,
R191,104k300,34.40697,131.391,https://drive.google.com/file/d/17yFZhcayqAzvn0MAW63Ie3005chvlipS/view?usp=drive_link,map_03.webp,1441,524
R191,104k320,34.40707,131.39119,https://drive.google.com/file/d/17yFZhcayqAzvn0MAW63Ie3005chvlipS/view?usp=drive_link,map_03.webp,,
R191,104k340,34.40717,131.39137,https://drive.google.com/file/d/17yFZhcayqAzvn0MAW63Ie3005chvlipS/view?usp=drive_link,map_03.webp,,
R191,104k360,34.40726,131.39155,https://drive.google.com/file/d/17yFZhcayqAzvn0MAW63Ie3005chvlipS/view?usp=drive_link,map_03.webp,,
R191,104k380,34.40736,131.39173,https://drive.google.com/file/d/17yFZhcayqAzvn0MAW63Ie3005chvlipS/view?usp=drive_link,map_03.webp,,
R191,104k400,34.40746,131.39192,https://drive.google.com/file/d/17yFZhcayqAzvn0MAW63Ie3005chvlipS/view?usp=drive_link,map_03.webp,2072,524
R191,104k420,34.40755,131.39212,https://drive.google.com/file/d/17yFZhcayqAzvn0MAW63Ie3005chvlipS/view?usp=drive_link,map_03.webp,,
R191,104k440,34.40765,131.3923,https://drive.google.com/file/d/17yFZhcayqAzvn0MAW63Ie3005chvlipS/view?usp=drive_link,map_03.webp,,
R191,104k460,34.40774,131.39249,https://drive.google.com/file/d/17yFZhcayqAzvn0MAW63Ie3005chvlipS/view?usp=drive_link,map_03.webp,,
R191,104k480,34.40784,131.39267,https://drive.google.com/file/d/17yFZhcayqAzvn0MAW63Ie3005chvlipS/view?usp=drive_link,map_03.webp,,
R191,104k500,34.4079,131.3928,https://drive.google.com/file/d/17yFZhcayqAzvn0MAW63Ie3005chvlipS/view?usp=drive_link,map_03.webp,2669,534
R191,104k520,34.408,131.39299,https://drive.google.com/file/d/17yFZhcayqAzvn0MAW63Ie3005chvlipS/view?usp=drive_link,map_03.webp,,
R191,104k540,34.40809,131.39317,https://drive.google.com/file/d/17yFZhcayqAzvn0MAW63Ie3005chvlipS/view?usp=drive_link,map_03.webp,,
R191,104k560,34.40819,131.39336,https://drive.google.com/file/d/17yFZhcayqAzvn0MAW63Ie3005chvlipS/view?usp=drive_link,map_03.webp,,
R191,104k580,34.40828,131.39354,https://drive.google.com/file/d/17yFZhcayqAzvn0MAW63Ie3005chvlipS/view?usp=drive_link,map_03.webp,,
R191,104k600,34.40838,131.39373,https://drive.google.com/file/d/17yFZhcayqAzvn0MAW63Ie3005chvlipS/view?usp=drive_link,map_03.webp,3300,544
R191,104k620,34.40847,131.39391,https://drive.google.com/file/d/17yFZhcayqAzvn0MAW63Ie3005chvlipS/view?usp=drive_link,map_03.webp,,
R191,104k640,34.40856,131.3941,https://drive.google.com/file/d/17yFZhcayqAzvn0MAW63Ie3005chvlipS/view?usp=drive_link,map_03.webp,,
R191,104k660,34.40866,131.39428,https://drive.google.com/file/d/17yFZhcayqAzvn0MAW63Ie3005chvlipS/view?usp=drive_link,map_03.webp,,
R191,104k680,34.40875,131.39447,https://drive.google.com/file/d/17yFZhcayqAzvn0MAW63Ie3005chvlipS/view?usp=drive_link,map_03.webp,,
R191,104k700,34.40884,131.39466,https://drive.google.com/file/d/17yFZhcayqAzvn0MAW63Ie3005chvlipS/view?usp=drive_link,map_03.webp,3931,557
R191,104k720,34.40891,131.39486,https://drive.google.com/file/d/17yFZhcayqAzvn0MAW63Ie3005chvlipS/view?usp=drive_link,map_03.webp,,
R191,104k740,34.40896,131.39507,https://drive.google.com/file/d/17yFZhcayqAzvn0MAW63Ie3005chvlipS/view?usp=drive_link,map_03.webp,,
R191,104k760,34.409,131.39528,https://drive.google.com/file/d/17yFZhcayqAzvn0MAW63Ie3005chvlipS/view?usp=drive_link,map_03.webp,,
R191,104k780,34.40902,131.3955,https://drive.google.com/file/d/17yFZhcayqAzvn0MAW63Ie3005chvlipS/view?usp=drive_link,map_03.webp,,
R191,104k800,34.40903,131.39571,https://drive.google.com/file/d/17yFZhcayqAzvn0MAW63Ie3005chvlipS/view?usp=drive_link,map_03.webp,4515,772
R191,104k820,34.40903,131.39591,https://drive.google.com/file/d/17yFZhcayqAzvn0MAW63Ie3005chvlipS/view?usp=drive_link,map_03.webp,,
R191,104k840,34.40902,131.39613,https://drive.google.com/file/d/17yFZhcayqAzvn0MAW63Ie3005chvlipS/view?usp=drive_link,map_03.webp,,
R191,104k860,34.409,131.39634,https://drive.google.com/file/d/17yFZhcayqAzvn0MAW63Ie3005chvlipS/view?usp=drive_link,map_03.webp,,
R191,104k880,34.40899,131.39656,https://drive.google.com/file/d/17yFZhcayqAzvn0MAW63Ie3005chvlipS/view?usp=drive_link,map_03.webp,,
R191,104k900,34.40898,131.39678,https://drive.google.com/file/d/17yFZhcayqAzvn0MAW63Ie3005chvlipS/view?usp=drive_link,map_03.webp,5011,1131
R191,104k920,34.40897,131.39699,https://drive.google.com/file/d/17yFZhcayqAzvn0MAW63Ie3005chvlipS/view?usp=drive_link,map_03.webp,,
R191,104k940,34.40895,131.39721,https://drive.google.com/file/d/17yFZhcayqAzvn0MAW63Ie3005chvlipS/view?usp=drive_link,map_03.webp,,
R191,104k960,34.40894,131.39743,https://drive.google.com/file/d/17yFZhcayqAzvn0MAW63Ie3005chvlipS/view?usp=drive_link,map_03.webp,,
R191,104k980,34.40893,131.39765,https://drive.google.com/file/d/17yFZhcayqAzvn0MAW63Ie3005chvlipS/view?usp=drive_link,map_03.webp,,
R191,105k000,34.40892,131.39782,https://drive.google.com/file/d/17yFZhcayqAzvn0MAW63Ie3005chvlipS/view?usp=drive_link,map_03.webp,5508,1490
R191,105k020,34.40891,131.39804,https://drive.google.com/file/d/17yFZhcayqAzvn0MAW63Ie3005chvlipS/view?usp=drive_link,map_03.webp,,
R191,105k040,34.4089,131.39826,https://drive.google.com/file/d/17yFZhcayqAzvn0MAW63Ie3005chvlipS/view?usp=drive_link,map_03.webp,,
R191,105k060,34.40888,131.39847,https://drive.google.com/file/d/17yFZhcayqAzvn0MAW63Ie3005chvlipS/view?usp=drive_link,map_03.webp,,
R191,105k080,34.40887,131.39869,https://drive.google.com/file/d/17yFZhcayqAzvn0MAW63Ie3005chvlipS/view?usp=drive_link,map_03.webp,,
R191,105k100,34.40886,131.39891,https://drive.google.com/file/d/17yFZhcayqAzvn0MAW63Ie3005chvlipS/view?usp=drive_link,map_03.webp,6015,1863
R191,105k120,34.40885,131.39913,https://drive.google.com/file/d/17yFZhcayqAzvn0MAW63Ie3005chvlipS/view?usp=drive_link,map_03.webp,,
R191,105k140,34.40884,131.39934,https://drive.google.com/file/d/17yFZhcayqAzvn0MAW63Ie3005chvlipS/view?usp=drive_link,map_03.webp,,
R191,105k160,34.40882,131.39956,https://drive.google.com/file/d/17yFZhcayqAzvn0MAW63Ie3005chvlipS/view?usp=drive_link,map_03.webp,,
R191,105k180,34.40881,131.39978,https://drive.google.com/file/d/17yFZhcayqAzvn0MAW63Ie3005chvlipS/view?usp=drive_link,map_03.webp,,
R191,105k200,34.4088,131.40002,https://drive.google.com/file/d/17yFZhcayqAzvn0MAW63Ie3005chvlipS/view?usp=drive_link,map_03.webp,6535,2245
R191,105k220,34.40879,131.40024,https://drive.google.com/file/d/17yFZhcayqAzvn0MAW63Ie3005chvlipS/view?usp=drive_link,map_03.webp,,
R191,105k240,34.40877,131.40046,https://drive.google.com/file/d/17yFZhcayqAzvn0MAW63Ie3005chvlipS/view?usp=drive_link,map_03.webp,,
R191,105k260,34.40876,131.40068,https://drive.google.com/file/d/17yFZhcayqAzvn0MAW63Ie3005chvlipS/view?usp=drive_link,map_03.webp,,
R191,105k280,34.40875,131.40089,https://drive.google.com/file/d/17yFZhcayqAzvn0MAW63Ie3005chvlipS/view?usp=drive_link,map_03.webp,,
R191,105k300,34.40874,131.40111,https://drive.google.com/file/d/17yFZhcayqAzvn0MAW63Ie3005chvlipS/view?usp=drive_link,map_03.webp,,
R191,105k320,34.40873,131.40133,https://drive.google.com/file/d/1oCCN3xqd_CToMC-UYcjpjdmUtX_kRO0i/view?usp=drive_link,map_04.webp,,
R191,105k340,34.40871,131.40155,https://drive.google.com/file/d/1oCCN3xqd_CToMC-UYcjpjdmUtX_kRO0i/view?usp=drive_link,map_04.webp,,
R191,105k360,34.4087,131.40176,https://drive.google.com/file/d/1oCCN3xqd_CToMC-UYcjpjdmUtX_kRO0i/view?usp=drive_link,map_04.webp,,
R191,105k380,34.40869,131.40198,https://drive.google.com/file/d/1oCCN3xqd_CToMC-UYcjpjdmUtX_kRO0i/view?usp=drive_link,map_04.webp,,
R191,105k400,34.40869,131.40222,https://drive.google.com/file/d/1oCCN3xqd_CToMC-UYcjpjdmUtX_kRO0i/view?usp=drive_link,map_04.webp,970,2706
R191,105k420,34.40868,131.40244,https://drive.google.com/file/d/1oCCN3xqd_CToMC-UYcjpjdmUtX_kRO0i/view?usp=drive_link,map_04.webp,,
R191,105k440,34.40866,131.40265,https://drive.google.com/file/d/1oCCN3xqd_CToMC-UYcjpjdmUtX_kRO0i/view?usp=drive_link,map_04.webp,,
R191,105k460,34.40865,131.40287,https://drive.google.com/file/d/1oCCN3xqd_CToMC-UYcjpjdmUtX_kRO0i/view?usp=drive_link,map_04.webp,,
R191,105k480,34.40864,131.40308,https://drive.google.com/file/d/1oCCN3xqd_CToMC-UYcjpjdmUtX_kRO0i/view?usp=drive_link,map_04.webp,,
R191,105k500,34.40863,131.4033,https://drive.google.com/file/d/1oCCN3xqd_CToMC-UYcjpjdmUtX_kRO0i/view?usp=drive_link,map_04.webp,1757,2710
R191,105k520,34.40862,131.40351,https://drive.google.com/file/d/1oCCN3xqd_CToMC-UYcjpjdmUtX_kRO0i/view?usp=drive_link,map_04.webp,,
R191,105k540,34.40861,131.40373,https://drive.google.com/file/d/1oCCN3xqd_CToMC-UYcjpjdmUtX_kRO0i/view?usp=drive_link,map_04.webp,,
R191,105k580,34.40858,131.40416,https://drive.google.com/file/d/1oCCN3xqd_CToMC-UYcjpjdmUtX_kRO0i/view?usp=drive_link,map_04.webp,,
R191,105k600,34.40857,131.40438,https://drive.google.com/file/d/1oCCN3xqd_CToMC-UYcjpjdmUtX_kRO0i/view?usp=drive_link,map_04.webp,2536,2710
R191,105k620,34.40856,131.40462,https://drive.google.com/file/d/1oCCN3xqd_CToMC-UYcjpjdmUtX_kRO0i/view?usp=drive_link,map_04.webp,,
R191,105k640,34.40854,131.40483,https://drive.google.com/file/d/1oCCN3xqd_CToMC-UYcjpjdmUtX_kRO0i/view?usp=drive_link,map_04.webp,,
R191,105k660,34.40853,131.40505,https://drive.google.com/file/d/1oCCN3xqd_CToMC-UYcjpjdmUtX_kRO0i/view?usp=drive_link,map_04.webp,,
R191,105k680,34.40852,131.40527,https://drive.google.com/file/d/1oCCN3xqd_CToMC-UYcjpjdmUtX_kRO0i/view?usp=drive_link,map_04.webp,,
R191,105k700,34.4085,131.40548,https://drive.google.com/file/d/1oCCN3xqd_CToMC-UYcjpjdmUtX_kRO0i/view?usp=drive_link,map_04.webp,3327,2721
R191,105k720,34.40849,131.4057,https://drive.google.com/file/d/1oCCN3xqd_CToMC-UYcjpjdmUtX_kRO0i/view?usp=drive_link,map_04.webp,,
R191,105k740,34.40848,131.40591,https://drive.google.com/file/d/1oCCN3xqd_CToMC-UYcjpjdmUtX_kRO0i/view?usp=drive_link,map_04.webp,,
R191,105k760,34.40846,131.40613,https://drive.google.com/file/d/1oCCN3xqd_CToMC-UYcjpjdmUtX_kRO0i/view?usp=drive_link,map_04.webp,,
R191,105k780,34.40845,131.40634,https://drive.google.com/file/d/1oCCN3xqd_CToMC-UYcjpjdmUtX_kRO0i/view?usp=drive_link,map_04.webp,,
R191,105k800,34.40843,131.4066,https://drive.google.com/file/d/1oCCN3xqd_CToMC-UYcjpjdmUtX_kRO0i/view?usp=drive_link,map_04.webp,4118,2725
R191,105k820,34.40842,131.40682,https://drive.google.com/file/d/1oCCN3xqd_CToMC-UYcjpjdmUtX_kRO0i/view?usp=drive_link,map_04.webp,,
R191,105k840,34.4084,131.40703,https://drive.google.com/file/d/1oCCN3xqd_CToMC-UYcjpjdmUtX_kRO0i/view?usp=drive_link,map_04.webp,,
R191,105k860,34.40839,131.40725,https://drive.google.com/file/d/1oCCN3xqd_CToMC-UYcjpjdmUtX_kRO0i/view?usp=drive_link,map_04.webp,,
R191,105k880,34.40857,131.40722,https://drive.google.com/file/d/1oCCN3xqd_CToMC-UYcjpjdmUtX_kRO0i/view?usp=drive_link,map_04.webp,,
R191,105k900,34.40875,131.40726,https://drive.google.com/file/d/1oCCN3xqd_CToMC-UYcjpjdmUtX_kRO0i/view?usp=drive_link,map_04.webp,4603,2424
R191,105k920,34.40893,131.40726,https://drive.google.com/file/d/1oCCN3xqd_CToMC-UYcjpjdmUtX_kRO0i/view?usp=drive_link,map_04.webp,,
R191,105k940,34.40911,131.40725,https://drive.google.com/file/d/1oCCN3xqd_CToMC-UYcjpjdmUtX_kRO0i/view?usp=drive_link,map_04.webp,,
R191,105k960,34.40929,131.40725,https://drive.google.com/file/d/1oCCN3xqd_CToMC-UYcjpjdmUtX_kRO0i/view?usp=drive_link,map_04.webp,,
R191,105k980,34.40947,131.40725,https://drive.google.com/file/d/1oCCN3xqd_CToMC-UYcjpjdmUtX_kRO0i/view?usp=drive_link,map_04.webp,,
R191,106k000,34.40963,131.40724,https://drive.google.com/file/d/1oCCN3xqd_CToMC-UYcjpjdmUtX_kRO0i/view?usp=drive_link,map_04.webp,4557,1661
R191,106k020,34.40981,131.40723,https://drive.google.com/file/d/1oCCN3xqd_CToMC-UYcjpjdmUtX_kRO0i/view?usp=drive_link,map_04.webp,,
R191,106k040,34.40999,131.40722,https://drive.google.com/file/d/1oCCN3xqd_CToMC-UYcjpjdmUtX_kRO0i/view?usp=drive_link,map_04.webp,,
R191,106k060,34.41017,131.40719,https://drive.google.com/file/d/1oCCN3xqd_CToMC-UYcjpjdmUtX_kRO0i/view?usp=drive_link,map_04.webp,,
R191,106k080,34.41035,131.40717,https://drive.google.com/file/d/1oCCN3xqd_CToMC-UYcjpjdmUtX_kRO0i/view?usp=drive_link,map_04.webp,,
R191,106k100,34.41052,131.40714,https://drive.google.com/file/d/1oCCN3xqd_CToMC-UYcjpjdmUtX_kRO0i/view?usp=drive_link,map_04.webp,4439,881
R191,106k120,34.4107,131.40712,https://drive.google.com/file/d/1oCCN3xqd_CToMC-UYcjpjdmUtX_kRO0i/view?usp=drive_link,map_04.webp,,
R191,106k140,34.41088,131.40709,https://drive.google.com/file/d/1oCCN3xqd_CToMC-UYcjpjdmUtX_kRO0i/view?usp=drive_link,map_04.webp,,
R191,106k160,34.41106,131.40707,https://drive.google.com/file/d/1oCCN3xqd_CToMC-UYcjpjdmUtX_kRO0i/view?usp=drive_link,map_04.webp,,
R191,106k180,34.41124,131.40704,https://drive.google.com/file/d/1oCCN3xqd_CToMC-UYcjpjdmUtX_kRO0i/view?usp=drive_link,map_04.webp,,
R191,106k200,34.41142,131.40703,https://drive.google.com/file/d/1oCCN3xqd_CToMC-UYcjpjdmUtX_kRO0i/view?usp=drive_link,map_04.webp,,
R191,106k220,34.4116,131.40702,https://drive.google.com/file/d/1BXPYpUJ7m_V07r5mTPWcFuRYrWmpa5jY/view?usp=drive_link,map_05.webp,,
R191,106k240,34.41178,131.40702,https://drive.google.com/file/d/1BXPYpUJ7m_V07r5mTPWcFuRYrWmpa5jY/view?usp=drive_link,map_05.webp,,
R191,106k260,34.41196,131.40702,https://drive.google.com/file/d/1BXPYpUJ7m_V07r5mTPWcFuRYrWmpa5jY/view?usp=drive_link,map_05.webp,,
R191,106k280,34.41214,131.40703,https://drive.google.com/file/d/1BXPYpUJ7m_V07r5mTPWcFuRYrWmpa5jY/view?usp=drive_link,map_05.webp,,
R191,106k300,34.41232,131.40705,https://drive.google.com/file/d/1BXPYpUJ7m_V07r5mTPWcFuRYrWmpa5jY/view?usp=drive_link,map_05.webp,,
R191,106k320,34.4125,131.40706,https://drive.google.com/file/d/1BXPYpUJ7m_V07r5mTPWcFuRYrWmpa5jY/view?usp=drive_link,map_05.webp,,
R191,106k340,34.41268,131.40708,https://drive.google.com/file/d/1BXPYpUJ7m_V07r5mTPWcFuRYrWmpa5jY/view?usp=drive_link,map_05.webp,,
R191,106k360,34.41286,131.40709,https://drive.google.com/file/d/1BXPYpUJ7m_V07r5mTPWcFuRYrWmpa5jY/view?usp=drive_link,map_05.webp,,
R191,106k380,34.41304,131.4071,https://drive.google.com/file/d/1BXPYpUJ7m_V07r5mTPWcFuRYrWmpa5jY/view?usp=drive_link,map_05.webp,,
R191,106k400,34.41322,131.40712,https://drive.google.com/file/d/1BXPYpUJ7m_V07r5mTPWcFuRYrWmpa5jY/view?usp=drive_link,map_05.webp,,
R191,106k420,34.4134,131.40713,https://drive.google.com/file/d/1BXPYpUJ7m_V07r5mTPWcFuRYrWmpa5jY/view?usp=drive_link,map_05.webp,,
R191,106k440,34.41358,131.40714,https://drive.google.com/file/d/1BXPYpUJ7m_V07r5mTPWcFuRYrWmpa5jY/view?usp=drive_link,map_05.webp,,
R191,106k460,34.41376,131.40716,https://drive.google.com/file/d/1BXPYpUJ7m_V07r5mTPWcFuRYrWmpa5jY/view?usp=drive_link,map_05.webp,,
R191,106k480,34.41394,131.40717,https://drive.google.com/file/d/1BXPYpUJ7m_V07r5mTPWcFuRYrWmpa5jY/view?usp=drive_link,map_05.webp,,
R191,106k500,34.41412,131.40718,https://drive.google.com/file/d/1BXPYpUJ7m_V07r5mTPWcFuRYrWmpa5jY/view?usp=drive_link,map_05.webp,2208,511
R191,106k520,34.41432,131.40723,https://drive.google.com/file/d/1BXPYpUJ7m_V07r5mTPWcFuRYrWmpa5jY/view?usp=drive_link,map_05.webp,,
R191,106k540,34.4145,131.40724,https://drive.google.com/file/d/1BXPYpUJ7m_V07r5mTPWcFuRYrWmpa5jY/view?usp=drive_link,map_05.webp,,
R191,106k560,34.41468,131.40725,https://drive.google.com/file/d/1BXPYpUJ7m_V07r5mTPWcFuRYrWmpa5jY/view?usp=drive_link,map_05.webp,,
R191,106k580,34.41486,131.40726,https://drive.google.com/file/d/1BXPYpUJ7m_V07r5mTPWcFuRYrWmpa5jY/view?usp=drive_link,map_05.webp,,
R191,106k600,34.41504,131.40727,https://drive.google.com/file/d/1BXPYpUJ7m_V07r5mTPWcFuRYrWmpa5jY/view?usp=drive_link,map_05.webp,,
R191,106k620,34.41522,131.40731,https://drive.google.com/file/d/1BXPYpUJ7m_V07r5mTPWcFuRYrWmpa5jY/view?usp=drive_link,map_05.webp,,
R191,106k640,34.41539,131.40738,https://drive.google.com/file/d/1BXPYpUJ7m_V07r5mTPWcFuRYrWmpa5jY/view?usp=drive_link,map_05.webp,,
R191,106k660,34.41556,131.40747,https://drive.google.com/file/d/1BXPYpUJ7m_V07r5mTPWcFuRYrWmpa5jY/view?usp=drive_link,map_05.webp,,
R191,106k680,34.41572,131.40758,https://drive.google.com/file/d/1BXPYpUJ7m_V07r5mTPWcFuRYrWmpa5jY/view?usp=drive_link,map_05.webp,,
R191,106k700,34.41582,131.40763,https://drive.google.com/file/d/1BXPYpUJ7m_V07r5mTPWcFuRYrWmpa5jY/view?usp=drive_link,map_05.webp,,
R191,106k720,34.41596,131.40782,https://drive.google.com/file/d/1BXPYpUJ7m_V07r5mTPWcFuRYrWmpa5jY/view?usp=drive_link,map_05.webp,,
R191,106k740,34.41609,131.40797,https://drive.google.com/file/d/1BXPYpUJ7m_V07r5mTPWcFuRYrWmpa5jY/view?usp=drive_link,map_05.webp,,
R191,106k760,34.41622,131.40811,https://drive.google.com/file/d/1BXPYpUJ7m_V07r5mTPWcFuRYrWmpa5jY/view?usp=drive_link,map_05.webp,,
R191,106k780,34.41636,131.40826,https://drive.google.com/file/d/1BXPYpUJ7m_V07r5mTPWcFuRYrWmpa5jY/view?usp=drive_link,map_05.webp,,
R191,106k800,34.41649,131.40841,https://drive.google.com/file/d/1BXPYpUJ7m_V07r5mTPWcFuRYrWmpa5jY/view?usp=drive_link,map_05.webp,4055,1159
R191,106k820,34.41661,131.40855,https://drive.google.com/file/d/1BXPYpUJ7m_V07r5mTPWcFuRYrWmpa5jY/view?usp=drive_link,map_05.webp,,
R191,106k840,34.41674,131.4087,https://drive.google.com/file/d/1BXPYpUJ7m_V07r5mTPWcFuRYrWmpa5jY/view?usp=drive_link,map_05.webp,,
R191,106k860,34.41688,131.40885,https://drive.google.com/file/d/1BXPYpUJ7m_V07r5mTPWcFuRYrWmpa5jY/view?usp=drive_link,map_05.webp,,
R191,106k880,34.41701,131.409,https://drive.google.com/file/d/1BXPYpUJ7m_V07r5mTPWcFuRYrWmpa5jY/view?usp=drive_link,map_05.webp,,
R191,106k900,34.41714,131.40915,https://drive.google.com/file/d/1BXPYpUJ7m_V07r5mTPWcFuRYrWmpa5jY/view?usp=drive_link,map_05.webp,,
R191,106k920,34.41727,131.4093,https://drive.google.com/file/d/1BXPYpUJ7m_V07r5mTPWcFuRYrWmpa5jY/view?usp=drive_link,map_05.webp,,
R191,106k940,34.4174,131.40945,https://drive.google.com/file/d/1BXPYpUJ7m_V07r5mTPWcFuRYrWmpa5jY/view?usp=drive_link,map_05.webp,,
R191,106k960,34.41754,131.40959,https://drive.google.com/file/d/1BXPYpUJ7m_V07r5mTPWcFuRYrWmpa5jY/view?usp=drive_link,map_05.webp,,
R191,106k980,34.41769,131.40972,https://drive.google.com/file/d/1BXPYpUJ7m_V07r5mTPWcFuRYrWmpa5jY/view?usp=drive_link,map_05.webp,,
R191,107k000,34.41791,131.40985,https://drive.google.com/file/d/1BXPYpUJ7m_V07r5mTPWcFuRYrWmpa5jY/view?usp=drive_link,map_05.webp,,
R191,107k020,34.41807,131.40992,https://drive.google.com/file/d/1BXPYpUJ7m_V07r5mTPWcFuRYrWmpa5jY/view?usp=drive_link,map_05.webp,,
R191,107k040,34.41825,131.40997,https://drive.google.com/file/d/1BXPYpUJ7m_V07r5mTPWcFuRYrWmpa5jY/view?usp=drive_link,map_05.webp,,
R191,107k060,34.41843,131.40999,https://drive.google.com/file/d/1BXPYpUJ7m_V07r5mTPWcFuRYrWmpa5jY/view?usp=drive_link,map_05.webp,,
R191,107k080,34.41861,131.40999,https://drive.google.com/file/d/1BXPYpUJ7m_V07r5mTPWcFuRYrWmpa5jY/view?usp=drive_link,map_05.webp,,
R191,107k100,34.41879,131.40997,https://drive.google.com/file/d/1BXPYpUJ7m_V07r5mTPWcFuRYrWmpa5jY/view?usp=drive_link,map_05.webp,5883,2048
R191,107k120,34.41897,131.40996,https://drive.google.com/file/d/1BXPYpUJ7m_V07r5mTPWcFuRYrWmpa5jY/view?usp=drive_link,map_05.webp,,
R191,107k140,34.41915,131.40994,https://drive.google.com/file/d/1BXPYpUJ7m_V07r5mTPWcFuRYrWmpa5jY/view?usp=drive_link,map_05.webp,,
R191,107k160,34.41933,131.40993,https://drive.google.com/file/d/1BXPYpUJ7m_V07r5mTPWcFuRYrWmpa5jY/view?usp=drive_link,map_05.webp,,
R191,107k180,34.41951,131.40991,https://drive.google.com/file/d/1BXPYpUJ7m_V07r5mTPWcFuRYrWmpa5jY/view?usp=drive_link,map_05.webp,,
R191,107k200,34.41969,131.4099,https://drive.google.com/file/d/1BXPYpUJ7m_V07r5mTPWcFuRYrWmpa5jY/view?usp=drive_link,map_05.webp,,
R191,107k220,34.41987,131.40988,https://drive.google.com/file/d/1BXPYpUJ7m_V07r5mTPWcFuRYrWmpa5jY/view?usp=drive_link,map_05.webp,,
R191,107k240,34.42005,131.40987,https://drive.google.com/file/d/1BXPYpUJ7m_V07r5mTPWcFuRYrWmpa5jY/view?usp=drive_link,map_05.webp,,
R191,107k260,34.42023,131.40986,https://drive.google.com/file/d/1BXPYpUJ7m_V07r5mTPWcFuRYrWmpa5jY/view?usp=drive_link,map_05.webp,,
R191,107k280,34.42041,131.40986,https://drive.google.com/file/d/1BXPYpUJ7m_V07r5mTPWcFuRYrWmpa5jY/view?usp=drive_link,map_05.webp,,
R191,107k300,34.42059,131.40987,https://drive.google.com/file/d/1BXPYpUJ7m_V07r5mTPWcFuRYrWmpa5jY/view?usp=drive_link,map_05.webp,,
R191,107k320,34.42077,131.40989,https://drive.google.com/file/d/1BXPYpUJ7m_V07r5mTPWcFuRYrWmpa5jY/view?usp=drive_link,map_05.webp,,
R191,107k340,34.42094,131.40993,https://drive.google.com/file/d/1BXPYpUJ7m_V07r5mTPWcFuRYrWmpa5jY/view?usp=drive_link,map_05.webp,,
R191,107k360,34.42112,131.40997,https://drive.google.com/file/d/1BXPYpUJ7m_V07r5mTPWcFuRYrWmpa5jY/view?usp=drive_link,map_05.webp,,
R191,107k380,34.42129,131.41003,https://drive.google.com/file/d/1BXPYpUJ7m_V07r5mTPWcFuRYrWmpa5jY/view?usp=drive_link,map_05.webp,,
R191,107k400,34.42146,131.41011,https://drive.google.com/file/d/1BXPYpUJ7m_V07r5mTPWcFuRYrWmpa5jY/view?usp=drive_link,map_05.webp,,
R191,107k420,34.42163,131.41019,https://drive.google.com/file/d/1GJtpMiA4VpuCenPbOVAoYza_jdWYhWOL/view?usp=drive_link,map_06.webp,,
R191,107k440,34.42179,131.41028,https://drive.google.com/file/d/1GJtpMiA4VpuCenPbOVAoYza_jdWYhWOL/view?usp=drive_link,map_06.webp,,
R191,107k460,34.42195,131.41039,https://drive.google.com/file/d/1GJtpMiA4VpuCenPbOVAoYza_jdWYhWOL/view?usp=drive_link,map_06.webp,,
R191,107k480,34.4221,131.41051,https://drive.google.com/file/d/1GJtpMiA4VpuCenPbOVAoYza_jdWYhWOL/view?usp=drive_link,map_06.webp,,
R191,107k500,34.42224,131.41064,https://drive.google.com/file/d/1GJtpMiA4VpuCenPbOVAoYza_jdWYhWOL/view?usp=drive_link,map_06.webp,1049,711
R191,107k520,34.42238,131.41078,https://drive.google.com/file/d/1GJtpMiA4VpuCenPbOVAoYza_jdWYhWOL/view?usp=drive_link,map_06.webp,,
R191,107k540,34.42252,131.41093,https://drive.google.com/file/d/1GJtpMiA4VpuCenPbOVAoYza_jdWYhWOL/view?usp=drive_link,map_06.webp,,
R191,107k560,34.42264,131.41108,https://drive.google.com/file/d/1GJtpMiA4VpuCenPbOVAoYza_jdWYhWOL/view?usp=drive_link,map_06.webp,,
R191,107k580,34.42276,131.41125,https://drive.google.com/file/d/1GJtpMiA4VpuCenPbOVAoYza_jdWYhWOL/view?usp=drive_link,map_06.webp,,
R191,107k600,34.42287,131.41142,https://drive.google.com/file/d/1GJtpMiA4VpuCenPbOVAoYza_jdWYhWOL/view?usp=drive_link,map_06.webp,,
R191,107k620,34.42297,131.4116,https://drive.google.com/file/d/1GJtpMiA4VpuCenPbOVAoYza_jdWYhWOL/view?usp=drive_link,map_06.webp,,
R191,107k640,34.42306,131.41178,https://drive.google.com/file/d/1GJtpMiA4VpuCenPbOVAoYza_jdWYhWOL/view?usp=drive_link,map_06.webp,,
R191,107k660,34.42315,131.41197,https://drive.google.com/file/d/1GJtpMiA4VpuCenPbOVAoYza_jdWYhWOL/view?usp=drive_link,map_06.webp,,
R191,107k680,34.42323,131.41217,https://drive.google.com/file/d/1GJtpMiA4VpuCenPbOVAoYza_jdWYhWOL/view?usp=drive_link,map_06.webp,,
R191,107k700,34.42331,131.41236,https://drive.google.com/file/d/1GJtpMiA4VpuCenPbOVAoYza_jdWYhWOL/view?usp=drive_link,map_06.webp,2599,859
R191,107k720,34.42339,131.41255,https://drive.google.com/file/d/1GJtpMiA4VpuCenPbOVAoYza_jdWYhWOL/view?usp=drive_link,map_06.webp,,
R191,107k740,34.42348,131.41274,https://drive.google.com/file/d/1GJtpMiA4VpuCenPbOVAoYza_jdWYhWOL/view?usp=drive_link,map_06.webp,,
R191,107k760,34.42356,131.41294,https://drive.google.com/file/d/1GJtpMiA4VpuCenPbOVAoYza_jdWYhWOL/view?usp=drive_link,map_06.webp,,
R191,107k780,34.42364,131.41313,https://drive.google.com/file/d/1GJtpMiA4VpuCenPbOVAoYza_jdWYhWOL/view?usp=drive_link,map_06.webp,,
R191,107k800,34.42372,131.41332,https://drive.google.com/file/d/1GJtpMiA4VpuCenPbOVAoYza_jdWYhWOL/view?usp=drive_link,map_06.webp,,
R191,107k820,34.42381,131.41352,https://drive.google.com/file/d/1GJtpMiA4VpuCenPbOVAoYza_jdWYhWOL/view?usp=drive_link,map_06.webp,,
R191,107k840,34.42389,131.41371,https://drive.google.com/file/d/1GJtpMiA4VpuCenPbOVAoYza_jdWYhWOL/view?usp=drive_link,map_06.webp,,
R191,107k860,34.42397,131.4139,https://drive.google.com/file/d/1GJtpMiA4VpuCenPbOVAoYza_jdWYhWOL/view?usp=drive_link,map_06.webp,,
R191,107k880,34.42405,131.4141,https://drive.google.com/file/d/1GJtpMiA4VpuCenPbOVAoYza_jdWYhWOL/view?usp=drive_link,map_06.webp,,
R191,107k900,34.42412,131.4143,https://drive.google.com/file/d/1GJtpMiA4VpuCenPbOVAoYza_jdWYhWOL/view?usp=drive_link,map_06.webp,,
R191,107k920,34.42419,131.4145,https://drive.google.com/file/d/1GJtpMiA4VpuCenPbOVAoYza_jdWYhWOL/view?usp=drive_link,map_06.webp,,
R191,107k940,34.42426,131.4147,https://drive.google.com/file/d/1GJtpMiA4VpuCenPbOVAoYza_jdWYhWOL/view?usp=drive_link,map_06.webp,,
R191,107k960,34.42433,131.4149,https://drive.google.com/file/d/1GJtpMiA4VpuCenPbOVAoYza_jdWYhWOL/view?usp=drive_link,map_06.webp,,
R191,107k980,34.42439,131.41511,https://drive.google.com/file/d/1GJtpMiA4VpuCenPbOVAoYza_jdWYhWOL/view?usp=drive_link,map_06.webp,,
R191,108k000,34.42441,131.41518,https://drive.google.com/file/d/1GJtpMiA4VpuCenPbOVAoYza_jdWYhWOL/view?usp=drive_link,map_06.webp,4801,1549
R191,108k020,34.42447,131.41539,https://drive.google.com/file/d/1GJtpMiA4VpuCenPbOVAoYza_jdWYhWOL/view?usp=drive_link,map_06.webp,,
R191,108k040,34.42455,131.41559,https://drive.google.com/file/d/1GJtpMiA4VpuCenPbOVAoYza_jdWYhWOL/view?usp=drive_link,map_06.webp,,
R191,108k060,34.42467,131.41575,https://drive.google.com/file/d/1GJtpMiA4VpuCenPbOVAoYza_jdWYhWOL/view?usp=drive_link,map_06.webp,,
R191,108k080,34.4248,131.4159,https://drive.google.com/file/d/1GJtpMiA4VpuCenPbOVAoYza_jdWYhWOL/view?usp=drive_link,map_06.webp,,
R191,108k100,34.42494,131.41603,https://drive.google.com/file/d/1GJtpMiA4VpuCenPbOVAoYza_jdWYhWOL/view?usp=drive_link,map_06.webp,,
R191,108k120,34.42509,131.41615,https://drive.google.com/file/d/1GJtpMiA4VpuCenPbOVAoYza_jdWYhWOL/view?usp=drive_link,map_06.webp,,
R191,108k140,34.42524,131.41626,https://drive.google.com/file/d/1GJtpMiA4VpuCenPbOVAoYza_jdWYhWOL/view?usp=drive_link,map_06.webp,,
R191,108k160,34.4254,131.41636,https://drive.google.com/file/d/1GJtpMiA4VpuCenPbOVAoYza_jdWYhWOL/view?usp=drive_link,map_06.webp,,
R191,108k180,34.42556,131.41646,https://drive.google.com/file/d/1GJtpMiA4VpuCenPbOVAoYza_jdWYhWOL/view?usp=drive_link,map_06.webp,,
R191,108k200,34.42572,131.41656,https://drive.google.com/file/d/1GJtpMiA4VpuCenPbOVAoYza_jdWYhWOL/view?usp=drive_link,map_06.webp,6325,1299
R191,108k220,34.42588,131.41666,https://drive.google.com/file/d/1GJtpMiA4VpuCenPbOVAoYza_jdWYhWOL/view?usp=drive_link,map_06.webp,,
R191,108k240,34.42604,131.41676,https://drive.google.com/file/d/1GJtpMiA4VpuCenPbOVAoYza_jdWYhWOL/view?usp=drive_link,map_06.webp,,
R191,108k260,34.4262,131.41685,https://drive.google.com/file/d/1GJtpMiA4VpuCenPbOVAoYza_jdWYhWOL/view?usp=drive_link,map_06.webp,,
R191,108k280,34.42636,131.41695,https://drive.google.com/file/d/1GJtpMiA4VpuCenPbOVAoYza_jdWYhWOL/view?usp=drive_link,map_06.webp,,
R191,108k300,34.42652,131.41704,https://drive.google.com/file/d/1GJtpMiA4VpuCenPbOVAoYza_jdWYhWOL/view?usp=drive_link,map_06.webp,,
R191,108k320,34.4267,131.41711,https://drive.google.com/file/d/14H2z_Wrw5ewr2c0nFi7jtBVibR4FfEt1/view?usp=drive_link,map_07.webp,,
R191,108k340,34.42688,131.41716,https://drive.google.com/file/d/14H2z_Wrw5ewr2c0nFi7jtBVibR4FfEt1/view?usp=drive_link,map_07.webp,,
R191,108k360,34.42705,131.41721,https://drive.google.com/file/d/14H2z_Wrw5ewr2c0nFi7jtBVibR4FfEt1/view?usp=drive_link,map_07.webp,,
R191,108k380,34.42723,131.41726,https://drive.google.com/file/d/14H2z_Wrw5ewr2c0nFi7jtBVibR4FfEt1/view?usp=drive_link,map_07.webp,,
R191,108k400,34.4274,131.41731,https://drive.google.com/file/d/14H2z_Wrw5ewr2c0nFi7jtBVibR4FfEt1/view?usp=drive_link,map_07.webp,787,2750
R191,108k420,34.42758,131.41736,https://drive.google.com/file/d/14H2z_Wrw5ewr2c0nFi7jtBVibR4FfEt1/view?usp=drive_link,map_07.webp,,
R191,108k440,34.42775,131.41741,https://drive.google.com/file/d/14H2z_Wrw5ewr2c0nFi7jtBVibR4FfEt1/view?usp=drive_link,map_07.webp,,
R191,108k460,34.42793,131.41746,https://drive.google.com/file/d/14H2z_Wrw5ewr2c0nFi7jtBVibR4FfEt1/view?usp=drive_link,map_07.webp,,
R191,108k480,34.4281,131.4175,https://drive.google.com/file/d/14H2z_Wrw5ewr2c0nFi7jtBVibR4FfEt1/view?usp=drive_link,map_07.webp,,
R191,108k500,34.42828,131.41753,https://drive.google.com/file/d/14H2z_Wrw5ewr2c0nFi7jtBVibR4FfEt1/view?usp=drive_link,map_07.webp,,
R191,108k520,34.42846,131.41753,https://drive.google.com/file/d/14H2z_Wrw5ewr2c0nFi7jtBVibR4FfEt1/view?usp=drive_link,map_07.webp,,
R191,108k540,34.42864,131.41749,https://drive.google.com/file/d/14H2z_Wrw5ewr2c0nFi7jtBVibR4FfEt1/view?usp=drive_link,map_07.webp,,
R191,108k560,34.42881,131.41743,https://drive.google.com/file/d/14H2z_Wrw5ewr2c0nFi7jtBVibR4FfEt1/view?usp=drive_link,map_07.webp,,
R191,108k580,34.42898,131.41738,https://drive.google.com/file/d/14H2z_Wrw5ewr2c0nFi7jtBVibR4FfEt1/view?usp=drive_link,map_07.webp,,
R191,108k600,34.42916,131.41732,https://drive.google.com/file/d/14H2z_Wrw5ewr2c0nFi7jtBVibR4FfEt1/view?usp=drive_link,map_07.webp,2129,2579
R191,108k620,34.42933,131.41726,https://drive.google.com/file/d/14H2z_Wrw5ewr2c0nFi7jtBVibR4FfEt1/view?usp=drive_link,map_07.webp,,
R191,108k640,34.4295,131.41718,https://drive.google.com/file/d/14H2z_Wrw5ewr2c0nFi7jtBVibR4FfEt1/view?usp=drive_link,map_07.webp,,
R191,108k660,34.42966,131.41708,https://drive.google.com/file/d/14H2z_Wrw5ewr2c0nFi7jtBVibR4FfEt1/view?usp=drive_link,map_07.webp,,
R191,萩除雪基地,34.4298128194,131.4173397194,https://drive.google.com/file/d/14H2z_Wrw5ewr2c0nFi7jtBVibR4FfEt1/view?usp=drive_link,map_07.webp,,
R191,108k680,34.42981,131.41696,https://drive.google.com/file/d/14H2z_Wrw5ewr2c0nFi7jtBVibR4FfEt1/view?usp=drive_link,map_07.webp,,
R191,108k700,34.42995,131.41683,https://drive.google.com/file/d/14H2z_Wrw5ewr2c0nFi7jtBVibR4FfEt1/view?usp=drive_link,map_07.webp,,
R191,108k720,34.43009,131.4167,https://drive.google.com/file/d/14H2z_Wrw5ewr2c0nFi7jtBVibR4FfEt1/view?usp=drive_link,map_07.webp,,
R191,108k740,34.43024,131.41656,https://drive.google.com/file/d/14H2z_Wrw5ewr2c0nFi7jtBVibR4FfEt1/view?usp=drive_link,map_07.webp,,
R191,108k760,34.43038,131.41643,https://drive.google.com/file/d/14H2z_Wrw5ewr2c0nFi7jtBVibR4FfEt1/view?usp=drive_link,map_07.webp,,
R191,108k780,34.43052,131.4163,https://drive.google.com/file/d/14H2z_Wrw5ewr2c0nFi7jtBVibR4FfEt1/view?usp=drive_link,map_07.webp,,
R191,108k800,34.43066,131.41617,https://drive.google.com/file/d/14H2z_Wrw5ewr2c0nFi7jtBVibR4FfEt1/view?usp=drive_link,map_07.webp,,
R191,108k820,34.43081,131.41604,https://drive.google.com/file/d/14H2z_Wrw5ewr2c0nFi7jtBVibR4FfEt1/view?usp=drive_link,map_07.webp,,
R191,108k840,34.43095,131.4159,https://drive.google.com/file/d/14H2z_Wrw5ewr2c0nFi7jtBVibR4FfEt1/view?usp=drive_link,map_07.webp,,
R191,108k860,34.43109,131.41577,https://drive.google.com/file/d/14H2z_Wrw5ewr2c0nFi7jtBVibR4FfEt1/view?usp=drive_link,map_07.webp,,
R191,108k880,34.43122,131.41562,https://drive.google.com/file/d/14H2z_Wrw5ewr2c0nFi7jtBVibR4FfEt1/view?usp=drive_link,map_07.webp,,
R191,108k900,34.43135,131.41547,https://drive.google.com/file/d/14H2z_Wrw5ewr2c0nFi7jtBVibR4FfEt1/view?usp=drive_link,map_07.webp,3638,1186
R191,108k920,34.43148,131.41531,https://drive.google.com/file/d/14H2z_Wrw5ewr2c0nFi7jtBVibR4FfEt1/view?usp=drive_link,map_07.webp,,
R191,108k940,34.4316,131.41515,https://drive.google.com/file/d/14H2z_Wrw5ewr2c0nFi7jtBVibR4FfEt1/view?usp=drive_link,map_07.webp,,
R191,108k960,34.43172,131.41499,https://drive.google.com/file/d/14H2z_Wrw5ewr2c0nFi7jtBVibR4FfEt1/view?usp=drive_link,map_07.webp,,
R191,108k980,34.43185,131.41483,https://drive.google.com/file/d/14H2z_Wrw5ewr2c0nFi7jtBVibR4FfEt1/view?usp=drive_link,map_07.webp,,
R191,109k000,34.432,131.41468,https://drive.google.com/file/d/14H2z_Wrw5ewr2c0nFi7jtBVibR4FfEt1/view?usp=drive_link,map_07.webp,,
R191,109k020,34.43217,131.41458,https://drive.google.com/file/d/14H2z_Wrw5ewr2c0nFi7jtBVibR4FfEt1/view?usp=drive_link,map_07.webp,,
R191,109k040,34.43234,131.41452,https://drive.google.com/file/d/14H2z_Wrw5ewr2c0nFi7jtBVibR4FfEt1/view?usp=drive_link,map_07.webp,,
R191,109k060,34.43252,131.4145,https://drive.google.com/file/d/14H2z_Wrw5ewr2c0nFi7jtBVibR4FfEt1/view?usp=drive_link,map_07.webp,,
R191,109k080,34.4327,131.41449,https://drive.google.com/file/d/14H2z_Wrw5ewr2c0nFi7jtBVibR4FfEt1/view?usp=drive_link,map_07.webp,,
R191,109k100,34.43288,131.41449,https://drive.google.com/file/d/14H2z_Wrw5ewr2c0nFi7jtBVibR4FfEt1/view?usp=drive_link,map_07.webp,4721,409
R191,109k120,34.43306,131.41448,https://drive.google.com/file/d/14H2z_Wrw5ewr2c0nFi7jtBVibR4FfEt1/view?usp=drive_link,map_07.webp,,
R191,109k140,34.43324,131.41448,https://drive.google.com/file/d/14H2z_Wrw5ewr2c0nFi7jtBVibR4FfEt1/view?usp=drive_link,map_07.webp,,
R191,109k160,34.43342,131.41447,https://drive.google.com/file/d/14H2z_Wrw5ewr2c0nFi7jtBVibR4FfEt1/view?usp=drive_link,map_07.webp,,
R191,109k180,34.4336,131.4145,https://drive.google.com/file/d/14H2z_Wrw5ewr2c0nFi7jtBVibR4FfEt1/view?usp=drive_link,map_07.webp,,
R191,109k200,34.43375,131.41462,https://drive.google.com/file/d/14H2z_Wrw5ewr2c0nFi7jtBVibR4FfEt1/view?usp=drive_link,map_07.webp,,
R191,109k220,34.43386,131.4148,https://drive.google.com/file/d/1o2fwM6j7bdT1ZaPF2RSLbpfH72SfCfhz/view?usp=drive_link,map_08.webp,,
R191,109k240,34.43395,131.41498,https://drive.google.com/file/d/1o2fwM6j7bdT1ZaPF2RSLbpfH72SfCfhz/view?usp=drive_link,map_08.webp,,
R191,109k260,34.43405,131.41517,https://drive.google.com/file/d/1o2fwM6j7bdT1ZaPF2RSLbpfH72SfCfhz/view?usp=drive_link,map_08.webp,,
R191,109k280,34.43414,131.41536,https://drive.google.com/file/d/1o2fwM6j7bdT1ZaPF2RSLbpfH72SfCfhz/view?usp=drive_link,map_08.webp,,
R191,109k300,34.43424,131.41554,https://drive.google.com/file/d/1o2fwM6j7bdT1ZaPF2RSLbpfH72SfCfhz/view?usp=drive_link,map_08.webp,963,1134
R191,109k320,34.43433,131.41572,https://drive.google.com/file/d/1o2fwM6j7bdT1ZaPF2RSLbpfH72SfCfhz/view?usp=drive_link,map_08.webp,,
R191,109k340,34.43443,131.41591,https://drive.google.com/file/d/1o2fwM6j7bdT1ZaPF2RSLbpfH72SfCfhz/view?usp=drive_link,map_08.webp,,
R191,109k360,34.43452,131.41609,https://drive.google.com/file/d/1o2fwM6j7bdT1ZaPF2RSLbpfH72SfCfhz/view?usp=drive_link,map_08.webp,,
R191,109k380,34.43461,131.41628,https://drive.google.com/file/d/1o2fwM6j7bdT1ZaPF2RSLbpfH72SfCfhz/view?usp=drive_link,map_08.webp,,
R191,109k400,34.43472,131.41645,https://drive.google.com/file/d/1o2fwM6j7bdT1ZaPF2RSLbpfH72SfCfhz/view?usp=drive_link,map_08.webp,,
R191,109k420,34.43485,131.41662,https://drive.google.com/file/d/1o2fwM6j7bdT1ZaPF2RSLbpfH72SfCfhz/view?usp=drive_link,map_08.webp,,
R191,109k440,34.43497,131.41677,https://drive.google.com/file/d/1o2fwM6j7bdT1ZaPF2RSLbpfH72SfCfhz/view?usp=drive_link,map_08.webp,,
R191,109k460,34.43509,131.41692,https://drive.google.com/file/d/1o2fwM6j7bdT1ZaPF2RSLbpfH72SfCfhz/view?usp=drive_link,map_08.webp,,
R191,109k480,34.43521,131.41708,https://drive.google.com/file/d/1o2fwM6j7bdT1ZaPF2RSLbpfH72SfCfhz/view?usp=drive_link,map_08.webp,,
R191,109k500,34.43534,131.41723,https://drive.google.com/file/d/1o2fwM6j7bdT1ZaPF2RSLbpfH72SfCfhz/view?usp=drive_link,map_08.webp,2517,1045
R191,109k520,34.43547,131.4174,https://drive.google.com/file/d/1o2fwM6j7bdT1ZaPF2RSLbpfH72SfCfhz/view?usp=drive_link,map_08.webp,,
R191,109k540,34.43559,131.41755,https://drive.google.com/file/d/1o2fwM6j7bdT1ZaPF2RSLbpfH72SfCfhz/view?usp=drive_link,map_08.webp,,
R191,109k560,34.4357,131.41772,https://drive.google.com/file/d/1o2fwM6j7bdT1ZaPF2RSLbpfH72SfCfhz/view?usp=drive_link,map_08.webp,,
R191,109k580,34.43579,131.41791,https://drive.google.com/file/d/1o2fwM6j7bdT1ZaPF2RSLbpfH72SfCfhz/view?usp=drive_link,map_08.webp,,
R191,109k600,34.43586,131.41811,https://drive.google.com/file/d/1o2fwM6j7bdT1ZaPF2RSLbpfH72SfCfhz/view?usp=drive_link,map_08.webp,,
R191,109k620,34.43593,131.41831,https://drive.google.com/file/d/1o2fwM6j7bdT1ZaPF2RSLbpfH72SfCfhz/view?usp=drive_link,map_08.webp,,
R191,109k640,34.43601,131.41851,https://drive.google.com/file/d/1o2fwM6j7bdT1ZaPF2RSLbpfH72SfCfhz/view?usp=drive_link,map_08.webp,,
R191,109k660,34.43609,131.41869,https://drive.google.com/file/d/1o2fwM6j7bdT1ZaPF2RSLbpfH72SfCfhz/view?usp=drive_link,map_08.webp,,
R191,109k680,34.43619,131.41887,https://drive.google.com/file/d/1o2fwM6j7bdT1ZaPF2RSLbpfH72SfCfhz/view?usp=drive_link,map_08.webp,,
R191,109k700,34.4363,131.41904,https://drive.google.com/file/d/1o2fwM6j7bdT1ZaPF2RSLbpfH72SfCfhz/view?usp=drive_link,map_08.webp,,
R191,109k720,34.43641,131.41921,https://drive.google.com/file/d/1o2fwM6j7bdT1ZaPF2RSLbpfH72SfCfhz/view?usp=drive_link,map_08.webp,,
R191,109k740,34.43652,131.41939,https://drive.google.com/file/d/1o2fwM6j7bdT1ZaPF2RSLbpfH72SfCfhz/view?usp=drive_link,map_08.webp,,
R191,109k760,34.43663,131.41956,https://drive.google.com/file/d/1o2fwM6j7bdT1ZaPF2RSLbpfH72SfCfhz/view?usp=drive_link,map_08.webp,,
R191,109k780,34.43674,131.41974,https://drive.google.com/file/d/1o2fwM6j7bdT1ZaPF2RSLbpfH72SfCfhz/view?usp=drive_link,map_08.webp,,
R191,109k800,34.43685,131.41991,https://drive.google.com/file/d/1o2fwM6j7bdT1ZaPF2RSLbpfH72SfCfhz/view?usp=drive_link,map_08.webp,4861,1066
R191,109k820,34.43696,131.42009,https://drive.google.com/file/d/1o2fwM6j7bdT1ZaPF2RSLbpfH72SfCfhz/view?usp=drive_link,map_08.webp,,
R191,109k840,34.43708,131.42024,https://drive.google.com/file/d/1o2fwM6j7bdT1ZaPF2RSLbpfH72SfCfhz/view?usp=drive_link,map_08.webp,,
R191,109k860,34.43722,131.42039,https://drive.google.com/file/d/1o2fwM6j7bdT1ZaPF2RSLbpfH72SfCfhz/view?usp=drive_link,map_08.webp,,
R191,109k880,34.43736,131.42053,https://drive.google.com/file/d/1o2fwM6j7bdT1ZaPF2RSLbpfH72SfCfhz/view?usp=drive_link,map_08.webp,,
R191,109k900,34.4375,131.42067,https://drive.google.com/file/d/1o2fwM6j7bdT1ZaPF2RSLbpfH72SfCfhz/view?usp=drive_link,map_08.webp,,
R191,109k920,34.43763,131.42081,https://drive.google.com/file/d/1o2fwM6j7bdT1ZaPF2RSLbpfH72SfCfhz/view?usp=drive_link,map_08.webp,,
R191,109k940,34.43777,131.42095,https://drive.google.com/file/d/1o2fwM6j7bdT1ZaPF2RSLbpfH72SfCfhz/view?usp=drive_link,map_08.webp,,
R191,109k960,34.4379,131.42109,https://drive.google.com/file/d/1o2fwM6j7bdT1ZaPF2RSLbpfH72SfCfhz/view?usp=drive_link,map_08.webp,,
R191,109k980,34.43804,131.42124,https://drive.google.com/file/d/1o2fwM6j7bdT1ZaPF2RSLbpfH72SfCfhz/view?usp=drive_link,map_08.webp,,
R191,110k000,34.43819,131.42139,https://drive.google.com/file/d/1o2fwM6j7bdT1ZaPF2RSLbpfH72SfCfhz/view?usp=drive_link,map_08.webp,6411,710
R191,110k020,34.43833,131.42152,https://drive.google.com/file/d/1o2fwM6j7bdT1ZaPF2RSLbpfH72SfCfhz/view?usp=drive_link,map_08.webp,,
R191,110k040,34.43848,131.42165,https://drive.google.com/file/d/1o2fwM6j7bdT1ZaPF2RSLbpfH72SfCfhz/view?usp=drive_link,map_08.webp,,
R191,110k060,34.43863,131.42178,https://drive.google.com/file/d/1o2fwM6j7bdT1ZaPF2RSLbpfH72SfCfhz/view?usp=drive_link,map_08.webp,,
R191,110k080,34.43877,131.4219,https://drive.google.com/file/d/1o2fwM6j7bdT1ZaPF2RSLbpfH72SfCfhz/view?usp=drive_link,map_08.webp,,
R191,110k100,34.43893,131.42201,https://drive.google.com/file/d/1o2fwM6j7bdT1ZaPF2RSLbpfH72SfCfhz/view?usp=drive_link,map_08.webp,,
R191,110k120,34.43908,131.42212,https://drive.google.com/file/d/1IJZi8STIJDd2HILpRB6WauCp-L91ojh2/view?usp=drive_link,map_09.webp,,
R191,110k140,34.43924,131.42222,https://drive.google.com/file/d/1IJZi8STIJDd2HILpRB6WauCp-L91ojh2/view?usp=drive_link,map_09.webp,,
R191,110k160,34.4394,131.42232,https://drive.google.com/file/d/1IJZi8STIJDd2HILpRB6WauCp-L91ojh2/view?usp=drive_link,map_09.webp,,
R191,110k180,34.43957,131.42242,https://drive.google.com/file/d/1IJZi8STIJDd2HILpRB6WauCp-L91ojh2/view?usp=drive_link,map_09.webp,,
R191,110k200,34.43973,131.42252,https://drive.google.com/file/d/1IJZi8STIJDd2HILpRB6WauCp-L91ojh2/view?usp=drive_link,map_09.webp,482,782
R191,110k220,34.43989,131.42262,https://drive.google.com/file/d/1IJZi8STIJDd2HILpRB6WauCp-L91ojh2/view?usp=drive_link,map_09.webp,,
R191,110k240,34.44006,131.4227,https://drive.google.com/file/d/1IJZi8STIJDd2HILpRB6WauCp-L91ojh2/view?usp=drive_link,map_09.webp,,
R191,110k260,34.44023,131.42277,https://drive.google.com/file/d/1IJZi8STIJDd2HILpRB6WauCp-L91ojh2/view?usp=drive_link,map_09.webp,,
R191,110k280,34.44041,131.42281,https://drive.google.com/file/d/1IJZi8STIJDd2HILpRB6WauCp-L91ojh2/view?usp=drive_link,map_09.webp,,
R191,110k300,34.44059,131.42283,https://drive.google.com/file/d/1IJZi8STIJDd2HILpRB6WauCp-L91ojh2/view?usp=drive_link,map_09.webp,,
R191,110k320,34.44077,131.42284,https://drive.google.com/file/d/1IJZi8STIJDd2HILpRB6WauCp-L91ojh2/view?usp=drive_link,map_09.webp,,
R191,110k340,34.44095,131.42284,https://drive.google.com/file/d/1IJZi8STIJDd2HILpRB6WauCp-L91ojh2/view?usp=drive_link,map_09.webp,,
R191,110k360,34.44113,131.42282,https://drive.google.com/file/d/1IJZi8STIJDd2HILpRB6WauCp-L91ojh2/view?usp=drive_link,map_09.webp,,
R191,110k380,34.4413,131.42275,https://drive.google.com/file/d/1IJZi8STIJDd2HILpRB6WauCp-L91ojh2/view?usp=drive_link,map_09.webp,,
R191,110k400,34.44145,131.42265,https://drive.google.com/file/d/1IJZi8STIJDd2HILpRB6WauCp-L91ojh2/view?usp=drive_link,map_09.webp,727,2089
R191,110k420,34.44157,131.4226,https://drive.google.com/file/d/1IJZi8STIJDd2HILpRB6WauCp-L91ojh2/view?usp=drive_link,map_09.webp,,
R191,110k440,34.44171,131.42247,https://drive.google.com/file/d/1IJZi8STIJDd2HILpRB6WauCp-L91ojh2/view?usp=drive_link,map_09.webp,,
R191,110k460,34.44185,131.42233,https://drive.google.com/file/d/1IJZi8STIJDd2HILpRB6WauCp-L91ojh2/view?usp=drive_link,map_09.webp,,
R191,110k480,34.44198,131.42219,https://drive.google.com/file/d/1IJZi8STIJDd2HILpRB6WauCp-L91ojh2/view?usp=drive_link,map_09.webp,,
R191,110k500,34.44212,131.42205,https://drive.google.com/file/d/1IJZi8STIJDd2HILpRB6WauCp-L91ojh2/view?usp=drive_link,map_09.webp,,
R191,110k520,34.44225,131.42191,https://drive.google.com/file/d/1IJZi8STIJDd2HILpRB6WauCp-L91ojh2/view?usp=drive_link,map_09.webp,,
R191,110k540,34.44238,131.42176,https://drive.google.com/file/d/1IJZi8STIJDd2HILpRB6WauCp-L91ojh2/view?usp=drive_link,map_09.webp,,
R191,110k560,34.44251,131.4216,https://drive.google.com/file/d/1IJZi8STIJDd2HILpRB6WauCp-L91ojh2/view?usp=drive_link,map_09.webp,,
R191,110k580,34.44263,131.42144,https://drive.google.com/file/d/1IJZi8STIJDd2HILpRB6WauCp-L91ojh2/view?usp=drive_link,map_09.webp,,
R191,110k600,34.44275,131.42128,https://drive.google.com/file/d/1IJZi8STIJDd2HILpRB6WauCp-L91ojh2/view?usp=drive_link,map_09.webp,,
R191,110k620,34.44286,131.42111,https://drive.google.com/file/d/1IJZi8STIJDd2HILpRB6WauCp-L91ojh2/view?usp=drive_link,map_09.webp,,
R191,110k640,34.44298,131.42095,https://drive.google.com/file/d/1IJZi8STIJDd2HILpRB6WauCp-L91ojh2/view?usp=drive_link,map_09.webp,,
R191,110k660,34.4431,131.42078,https://drive.google.com/file/d/1IJZi8STIJDd2HILpRB6WauCp-L91ojh2/view?usp=drive_link,map_09.webp,,
R191,110k680,34.44322,131.42062,https://drive.google.com/file/d/1IJZi8STIJDd2HILpRB6WauCp-L91ojh2/view?usp=drive_link,map_09.webp,,
R191,110k700,34.44334,131.42045,https://drive.google.com/file/d/1IJZi8STIJDd2HILpRB6WauCp-L91ojh2/view?usp=drive_link,map_09.webp,2491,3159
R191,110k720,34.44345,131.42029,https://drive.google.com/file/d/1IJZi8STIJDd2HILpRB6WauCp-L91ojh2/view?usp=drive_link,map_09.webp,,
R191,110k740,34.44357,131.42012,https://drive.google.com/file/d/1IJZi8STIJDd2HILpRB6WauCp-L91ojh2/view?usp=drive_link,map_09.webp,,
R191,110k760,34.44365,131.41994,https://drive.google.com/file/d/1IJZi8STIJDd2HILpRB6WauCp-L91ojh2/view?usp=drive_link,map_09.webp,,
R191,110k780,34.4437,131.41973,https://drive.google.com/file/d/1IJZi8STIJDd2HILpRB6WauCp-L91ojh2/view?usp=drive_link,map_09.webp,,
R191,110k800,34.44371,131.41951,https://drive.google.com/file/d/1IJZi8STIJDd2HILpRB6WauCp-L91ojh2/view?usp=drive_link,map_09.webp,,
R191,110k820,34.44373,131.41929,https://drive.google.com/file/d/1IJZi8STIJDd2HILpRB6WauCp-L91ojh2/view?usp=drive_link,map_09.webp,,
R191,110k840,34.44374,131.41907,https://drive.google.com/file/d/1IJZi8STIJDd2HILpRB6WauCp-L91ojh2/view?usp=drive_link,map_09.webp,,
R191,110k860,34.44376,131.41886,https://drive.google.com/file/d/1IJZi8STIJDd2HILpRB6WauCp-L91ojh2/view?usp=drive_link,map_09.webp,,
R191,110k880,34.44378,131.41864,https://drive.google.com/file/d/1IJZi8STIJDd2HILpRB6WauCp-L91ojh2/view?usp=drive_link,map_09.webp,,
R191,110k900,34.44379,131.41842,https://drive.google.com/file/d/1IJZi8STIJDd2HILpRB6WauCp-L91ojh2/view?usp=drive_link,map_09.webp,3833,3186
R191,110k920,34.44381,131.4182,https://drive.google.com/file/d/1IJZi8STIJDd2HILpRB6WauCp-L91ojh2/view?usp=drive_link,map_09.webp,,
R191,110k940,34.44382,131.41798,https://drive.google.com/file/d/1IJZi8STIJDd2HILpRB6WauCp-L91ojh2/view?usp=drive_link,map_09.webp,,
R191,110k960,34.44386,131.41776,https://drive.google.com/file/d/1IJZi8STIJDd2HILpRB6WauCp-L91ojh2/view?usp=drive_link,map_09.webp,,
R191,110k980,34.44393,131.41756,https://drive.google.com/file/d/1IJZi8STIJDd2HILpRB6WauCp-L91ojh2/view?usp=drive_link,map_09.webp,,
R191,111k000,34.44405,131.41737,https://drive.google.com/file/d/1IJZi8STIJDd2HILpRB6WauCp-L91ojh2/view?usp=drive_link,map_09.webp,,
R191,111k020,34.44419,131.41722,https://drive.google.com/file/d/1wi_XtSTEf6mIm7jwVgMljSWWAd9c1Zq3/view?usp=drive_link,map_10.webp,,
R191,111k040,34.44432,131.41708,https://drive.google.com/file/d/1wi_XtSTEf6mIm7jwVgMljSWWAd9c1Zq3/view?usp=drive_link,map_10.webp,,
R191,111k060,34.44446,131.41694,https://drive.google.com/file/d/1wi_XtSTEf6mIm7jwVgMljSWWAd9c1Zq3/view?usp=drive_link,map_10.webp,,
R191,111k080,34.4446,131.4168,https://drive.google.com/file/d/1wi_XtSTEf6mIm7jwVgMljSWWAd9c1Zq3/view?usp=drive_link,map_10.webp,,
R191,111k100,34.44474,131.41666,https://drive.google.com/file/d/1wi_XtSTEf6mIm7jwVgMljSWWAd9c1Zq3/view?usp=drive_link,map_10.webp,905,1869
R191,111k120,34.44487,131.41651,https://drive.google.com/file/d/1wi_XtSTEf6mIm7jwVgMljSWWAd9c1Zq3/view?usp=drive_link,map_10.webp,,
R191,111k140,34.44498,131.41634,https://drive.google.com/file/d/1wi_XtSTEf6mIm7jwVgMljSWWAd9c1Zq3/view?usp=drive_link,map_10.webp,,
R191,111k160,34.44506,131.41615,https://drive.google.com/file/d/1wi_XtSTEf6mIm7jwVgMljSWWAd9c1Zq3/view?usp=drive_link,map_10.webp,,
R191,111k180,34.4451,131.41594,https://drive.google.com/file/d/1wi_XtSTEf6mIm7jwVgMljSWWAd9c1Zq3/view?usp=drive_link,map_10.webp,,
R191,111k200,34.44513,131.41573,https://drive.google.com/file/d/1wi_XtSTEf6mIm7jwVgMljSWWAd9c1Zq3/view?usp=drive_link,map_10.webp,,
R191,111k220,34.44517,131.41552,https://drive.google.com/file/d/1wi_XtSTEf6mIm7jwVgMljSWWAd9c1Zq3/view?usp=drive_link,map_10.webp,,
R191,111k240,34.4452,131.4153,https://drive.google.com/file/d/1wi_XtSTEf6mIm7jwVgMljSWWAd9c1Zq3/view?usp=drive_link,map_10.webp,,
R191,111k260,34.44523,131.41509,https://drive.google.com/file/d/1wi_XtSTEf6mIm7jwVgMljSWWAd9c1Zq3/view?usp=drive_link,map_10.webp,,
R191,111k280,34.44528,131.41488,https://drive.google.com/file/d/1wi_XtSTEf6mIm7jwVgMljSWWAd9c1Zq3/view?usp=drive_link,map_10.webp,,
R191,111k300,34.44535,131.41468,https://drive.google.com/file/d/1wi_XtSTEf6mIm7jwVgMljSWWAd9c1Zq3/view?usp=drive_link,map_10.webp,1433,634
R191,111k320,34.44546,131.4145,https://drive.google.com/file/d/1wi_XtSTEf6mIm7jwVgMljSWWAd9c1Zq3/view?usp=drive_link,map_10.webp,,
R191,111k340,34.44561,131.41438,https://drive.google.com/file/d/1wi_XtSTEf6mIm7jwVgMljSWWAd9c1Zq3/view?usp=drive_link,map_10.webp,,
R191,111k360,34.44579,131.41434,https://drive.google.com/file/d/1wi_XtSTEf6mIm7jwVgMljSWWAd9c1Zq3/view?usp=drive_link,map_10.webp,,
R191,111k380,34.44596,131.41434,https://drive.google.com/file/d/1wi_XtSTEf6mIm7jwVgMljSWWAd9c1Zq3/view?usp=drive_link,map_10.webp,,
R191,111k400,34.44614,131.41438,https://drive.google.com/file/d/1wi_XtSTEf6mIm7jwVgMljSWWAd9c1Zq3/view?usp=drive_link,map_10.webp,,
R191,111k420,34.44632,131.41443,https://drive.google.com/file/d/1wi_XtSTEf6mIm7jwVgMljSWWAd9c1Zq3/view?usp=drive_link,map_10.webp,,
R191,111k440,34.4465,131.41447,https://drive.google.com/file/d/1wi_XtSTEf6mIm7jwVgMljSWWAd9c1Zq3/view?usp=drive_link,map_10.webp,,
R191,111k460,34.44667,131.4145,https://drive.google.com/file/d/1wi_XtSTEf6mIm7jwVgMljSWWAd9c1Zq3/view?usp=drive_link,map_10.webp,,
R191,111k480,34.44685,131.41452,https://drive.google.com/file/d/1wi_XtSTEf6mIm7jwVgMljSWWAd9c1Zq3/view?usp=drive_link,map_10.webp,,
R191,111k500,34.44703,131.41454,https://drive.google.com/file/d/1wi_XtSTEf6mIm7jwVgMljSWWAd9c1Zq3/view?usp=drive_link,map_10.webp,,
R191,111k520,34.44721,131.41455,https://drive.google.com/file/d/1wi_XtSTEf6mIm7jwVgMljSWWAd9c1Zq3/view?usp=drive_link,map_10.webp,,
R191,111k540,34.44739,131.41458,https://drive.google.com/file/d/1wi_XtSTEf6mIm7jwVgMljSWWAd9c1Zq3/view?usp=drive_link,map_10.webp,,
R191,111k560,34.44757,131.41464,https://drive.google.com/file/d/1wi_XtSTEf6mIm7jwVgMljSWWAd9c1Zq3/view?usp=drive_link,map_10.webp,,
R191,111k580,34.44773,131.41473,https://drive.google.com/file/d/1wi_XtSTEf6mIm7jwVgMljSWWAd9c1Zq3/view?usp=drive_link,map_10.webp,,
R191,111k600,34.44787,131.41487,https://drive.google.com/file/d/1wi_XtSTEf6mIm7jwVgMljSWWAd9c1Zq3/view?usp=drive_link,map_10.webp,3360,839
R191,111k620,34.448,131.41502,https://drive.google.com/file/d/1wi_XtSTEf6mIm7jwVgMljSWWAd9c1Zq3/view?usp=drive_link,map_10.webp,,
R191,111k640,34.44812,131.41517,https://drive.google.com/file/d/1wi_XtSTEf6mIm7jwVgMljSWWAd9c1Zq3/view?usp=drive_link,map_10.webp,,
R191,111k660,34.44825,131.41533,https://drive.google.com/file/d/1wi_XtSTEf6mIm7jwVgMljSWWAd9c1Zq3/view?usp=drive_link,map_10.webp,,
R191,111k680,34.44839,131.41548,https://drive.google.com/file/d/1wi_XtSTEf6mIm7jwVgMljSWWAd9c1Zq3/view?usp=drive_link,map_10.webp,,
R191,111k700,34.44852,131.41563,https://drive.google.com/file/d/1wi_XtSTEf6mIm7jwVgMljSWWAd9c1Zq3/view?usp=drive_link,map_10.webp,,
R191,111k720,34.44865,131.41578,https://drive.google.com/file/d/1wi_XtSTEf6mIm7jwVgMljSWWAd9c1Zq3/view?usp=drive_link,map_10.webp,,
R191,111k740,34.44873,131.41597,https://drive.google.com/file/d/1wi_XtSTEf6mIm7jwVgMljSWWAd9c1Zq3/view?usp=drive_link,map_10.webp,,
R191,111k760,34.44878,131.41618,https://drive.google.com/file/d/1wi_XtSTEf6mIm7jwVgMljSWWAd9c1Zq3/view?usp=drive_link,map_10.webp,,
R191,111k780,34.44883,131.41639,https://drive.google.com/file/d/1wi_XtSTEf6mIm7jwVgMljSWWAd9c1Zq3/view?usp=drive_link,map_10.webp,,
R191,111k800,34.44888,131.4166,https://drive.google.com/file/d/1wi_XtSTEf6mIm7jwVgMljSWWAd9c1Zq3/view?usp=drive_link,map_10.webp,,
R191,111k820,34.44895,131.4168,https://drive.google.com/file/d/1wi_XtSTEf6mIm7jwVgMljSWWAd9c1Zq3/view?usp=drive_link,map_10.webp,,
R191,111k840,34.44905,131.41698,https://drive.google.com/file/d/1wi_XtSTEf6mIm7jwVgMljSWWAd9c1Zq3/view?usp=drive_link,map_10.webp,,
R191,111k860,34.44917,131.41714,https://drive.google.com/file/d/1wi_XtSTEf6mIm7jwVgMljSWWAd9c1Zq3/view?usp=drive_link,map_10.webp,,
R191,111k880,34.44931,131.41728,https://drive.google.com/file/d/1wi_XtSTEf6mIm7jwVgMljSWWAd9c1Zq3/view?usp=drive_link,map_10.webp,,
R191,111k900,34.44945,131.41742,https://drive.google.com/file/d/1wi_XtSTEf6mIm7jwVgMljSWWAd9c1Zq3/view?usp=drive_link,map_10.webp,4501,2508
R191,111k920,34.44958,131.41755,https://drive.google.com/file/d/1wi_XtSTEf6mIm7jwVgMljSWWAd9c1Zq3/view?usp=drive_link,map_10.webp,,
R191,111k940,34.44974,131.41766,https://drive.google.com/file/d/1wi_XtSTEf6mIm7jwVgMljSWWAd9c1Zq3/view?usp=drive_link,map_10.webp,,
R191,111k960,34.44991,131.41773,https://drive.google.com/file/d/1wi_XtSTEf6mIm7jwVgMljSWWAd9c1Zq3/view?usp=drive_link,map_10.webp,,
R191,111k980,34.45008,131.41777,https://drive.google.com/file/d/1wi_XtSTEf6mIm7jwVgMljSWWAd9c1Zq3/view?usp=drive_link,map_10.webp,,
R191,111-1k000,34.45027,131.41777,https://drive.google.com/file/d/1wi_XtSTEf6mIm7jwVgMljSWWAd9c1Zq3/view?usp=drive_link,map_10.webp,,
R191,111-1k020,34.45045,131.41772,https://drive.google.com/file/d/1wi_XtSTEf6mIm7jwVgMljSWWAd9c1Zq3/view?usp=drive_link,map_10.webp,,
R191,111-1k040,34.45062,131.41766,https://drive.google.com/file/d/1wi_XtSTEf6mIm7jwVgMljSWWAd9c1Zq3/view?usp=drive_link,map_10.webp,,
R191,111-1k060,34.4508,131.41759,https://drive.google.com/file/d/1wi_XtSTEf6mIm7jwVgMljSWWAd9c1Zq3/view?usp=drive_link,map_10.webp,,
R191,111-1k080,34.45097,131.41753,https://drive.google.com/file/d/1wi_XtSTEf6mIm7jwVgMljSWWAd9c1Zq3/view?usp=drive_link,map_10.webp,,
R191,111-1k100,34.45123,131.4175,https://drive.google.com/file/d/1wi_XtSTEf6mIm7jwVgMljSWWAd9c1Zq3/view?usp=drive_link,map_10.webp,,
R191,111-1k110,34.45133,131.41752,https://drive.google.com/file/d/1wi_XtSTEf6mIm7jwVgMljSWWAd9c1Zq3/view?usp=drive_link,map_10.webp,,
R191,111-1k130,34.45151,131.41758,https://drive.google.com/file/d/1wi_XtSTEf6mIm7jwVgMljSWWAd9c1Zq3/view?usp=drive_link,map_10.webp,,
R191,111-1k500(150),34.45166,131.41766,https://drive.google.com/file/d/1wi_XtSTEf6mIm7jwVgMljSWWAd9c1Zq3/view?usp=drive_link,map_10.webp,,
R191,111-1k520,34.45182,131.41777,https://drive.google.com/file/d/1nCe5-5LJfzWBQBCB4vZpaDEgIZmugJ2i/view?usp=drive_link,map_11.webp,,
R191,111-1k540,34.45197,131.41789,https://drive.google.com/file/d/1nCe5-5LJfzWBQBCB4vZpaDEgIZmugJ2i/view?usp=drive_link,map_11.webp,,
R191,111-1k560,34.45209,131.41805,https://drive.google.com/file/d/1nCe5-5LJfzWBQBCB4vZpaDEgIZmugJ2i/view?usp=drive_link,map_11.webp,,
R191,111-1k580,34.45219,131.41822,https://drive.google.com/file/d/1nCe5-5LJfzWBQBCB4vZpaDEgIZmugJ2i/view?usp=drive_link,map_11.webp,,
R191,111-1k600,34.45226,131.41839,https://drive.google.com/file/d/1nCe5-5LJfzWBQBCB4vZpaDEgIZmugJ2i/view?usp=drive_link,map_11.webp,,
R191,111-1k620,34.45233,131.41859,https://drive.google.com/file/d/1nCe5-5LJfzWBQBCB4vZpaDEgIZmugJ2i/view?usp=drive_link,map_11.webp,,
R191,111-1k640,34.45238,131.4188,https://drive.google.com/file/d/1nCe5-5LJfzWBQBCB4vZpaDEgIZmugJ2i/view?usp=drive_link,map_11.webp,,
R191,111-1k660,34.45242,131.41901,https://drive.google.com/file/d/1nCe5-5LJfzWBQBCB4vZpaDEgIZmugJ2i/view?usp=drive_link,map_11.webp,,
R191,111-1k680,34.45245,131.41922,https://drive.google.com/file/d/1nCe5-5LJfzWBQBCB4vZpaDEgIZmugJ2i/view?usp=drive_link,map_11.webp,,
R191,111-1k700,34.45249,131.41943,https://drive.google.com/file/d/1nCe5-5LJfzWBQBCB4vZpaDEgIZmugJ2i/view?usp=drive_link,map_11.webp,2163,1153
R191,111-1k720,34.45253,131.41967,https://drive.google.com/file/d/1nCe5-5LJfzWBQBCB4vZpaDEgIZmugJ2i/view?usp=drive_link,map_11.webp,,
R191,111-1k740,34.45256,131.41988,https://drive.google.com/file/d/1nCe5-5LJfzWBQBCB4vZpaDEgIZmugJ2i/view?usp=drive_link,map_11.webp,,
R191,111-1k760,34.4526,131.42009,https://drive.google.com/file/d/1nCe5-5LJfzWBQBCB4vZpaDEgIZmugJ2i/view?usp=drive_link,map_11.webp,,
R191,111-1k780,34.45264,131.4203,https://drive.google.com/file/d/1nCe5-5LJfzWBQBCB4vZpaDEgIZmugJ2i/view?usp=drive_link,map_11.webp,,
R191,111-1k800,34.45267,131.42051,https://drive.google.com/file/d/1nCe5-5LJfzWBQBCB4vZpaDEgIZmugJ2i/view?usp=drive_link,map_11.webp,,
R191,111-1k820,34.45271,131.42073,https://drive.google.com/file/d/1nCe5-5LJfzWBQBCB4vZpaDEgIZmugJ2i/view?usp=drive_link,map_11.webp,,
R191,111-1k840,34.45275,131.42094,https://drive.google.com/file/d/1nCe5-5LJfzWBQBCB4vZpaDEgIZmugJ2i/view?usp=drive_link,map_11.webp,,
R191,111-1k860,34.45278,131.42115,https://drive.google.com/file/d/1nCe5-5LJfzWBQBCB4vZpaDEgIZmugJ2i/view?usp=drive_link,map_11.webp,,
R191,111-1k880,34.45282,131.42136,https://drive.google.com/file/d/1nCe5-5LJfzWBQBCB4vZpaDEgIZmugJ2i/view?usp=drive_link,map_11.webp,,
R191,111-1k900,34.45286,131.42158,https://drive.google.com/file/d/1nCe5-5LJfzWBQBCB4vZpaDEgIZmugJ2i/view?usp=drive_link,map_11.webp,,
R191,111-1k920,34.45291,131.42179,https://drive.google.com/file/d/1nCe5-5LJfzWBQBCB4vZpaDEgIZmugJ2i/view?usp=drive_link,map_11.webp,,
R191,111-1k940,34.45298,131.42199,https://drive.google.com/file/d/1nCe5-5LJfzWBQBCB4vZpaDEgIZmugJ2i/view?usp=drive_link,map_11.webp,,
R191,111-1k960,34.45306,131.42218,https://drive.google.com/file/d/1nCe5-5LJfzWBQBCB4vZpaDEgIZmugJ2i/view?usp=drive_link,map_11.webp,,
R191,111-1k980,34.45316,131.42236,https://drive.google.com/file/d/1nCe5-5LJfzWBQBCB4vZpaDEgIZmugJ2i/view?usp=drive_link,map_11.webp,,
R191,111-2k000,34.45327,131.42253,https://drive.google.com/file/d/1nCe5-5LJfzWBQBCB4vZpaDEgIZmugJ2i/view?usp=drive_link,map_11.webp,4787,1023
R191,111-2k020,34.45338,131.42271,https://drive.google.com/file/d/1nCe5-5LJfzWBQBCB4vZpaDEgIZmugJ2i/view?usp=drive_link,map_11.webp,,
R191,111-2k040,34.45348,131.42289,https://drive.google.com/file/d/1nCe5-5LJfzWBQBCB4vZpaDEgIZmugJ2i/view?usp=drive_link,map_11.webp,,
R191,111-2k060,34.45357,131.42309,https://drive.google.com/file/d/1nCe5-5LJfzWBQBCB4vZpaDEgIZmugJ2i/view?usp=drive_link,map_11.webp,,
R191,111-2k080,34.45363,131.42329,https://drive.google.com/file/d/1nCe5-5LJfzWBQBCB4vZpaDEgIZmugJ2i/view?usp=drive_link,map_11.webp,,
R191,111-2k100,34.45366,131.42349,https://drive.google.com/file/d/1nCe5-5LJfzWBQBCB4vZpaDEgIZmugJ2i/view?usp=drive_link,map_11.webp,,
R191,111-2k120,34.45369,131.4237,https://drive.google.com/file/d/1nCe5-5LJfzWBQBCB4vZpaDEgIZmugJ2i/view?usp=drive_link,map_11.webp,,
R191,111-2k140,34.45371,131.42391,https://drive.google.com/file/d/1nCe5-5LJfzWBQBCB4vZpaDEgIZmugJ2i/view?usp=drive_link,map_11.webp,,
R191,111-2k160,34.45374,131.42413,https://drive.google.com/file/d/1nCe5-5LJfzWBQBCB4vZpaDEgIZmugJ2i/view?usp=drive_link,map_11.webp,,
R191,111-2k180,34.45378,131.42434,https://drive.google.com/file/d/1nCe5-5LJfzWBQBCB4vZpaDEgIZmugJ2i/view?usp=drive_link,map_11.webp,,
R191,111-2k200,34.45384,131.42456,https://drive.google.com/file/d/1nCe5-5LJfzWBQBCB4vZpaDEgIZmugJ2i/view?usp=drive_link,map_11.webp,6512,890
R191,111-2k220,34.45391,131.42475,https://drive.google.com/file/d/1nCe5-5LJfzWBQBCB4vZpaDEgIZmugJ2i/view?usp=drive_link,map_11.webp,,
R191,111-2k240,34.454,131.42494,https://drive.google.com/file/d/1nCe5-5LJfzWBQBCB4vZpaDEgIZmugJ2i/view?usp=drive_link,map_11.webp,,
R191,111-2k260,34.45411,131.42511,https://drive.google.com/file/d/1nCe5-5LJfzWBQBCB4vZpaDEgIZmugJ2i/view?usp=drive_link,map_11.webp,,
R191,111-2k280,34.45423,131.42527,https://drive.google.com/file/d/1nCe5-5LJfzWBQBCB4vZpaDEgIZmugJ2i/view?usp=drive_link,map_11.webp,,
R191,111-2k300,34.45438,131.42543,https://drive.google.com/file/d/1nCe5-5LJfzWBQBCB4vZpaDEgIZmugJ2i/view?usp=drive_link,map_11.webp,,
R191,111-2k320,34.45452,131.42556,https://drive.google.com/file/d/1m20HUyOw0MksZDHl-sf4NGN3Do8B1DNh/view?usp=drive_link,map_12.webp,,
R191,111-2k340,34.45468,131.42566,https://drive.google.com/file/d/1m20HUyOw0MksZDHl-sf4NGN3Do8B1DNh/view?usp=drive_link,map_12.webp,,
R191,111-2k360,34.45484,131.42575,https://drive.google.com/file/d/1m20HUyOw0MksZDHl-sf4NGN3Do8B1DNh/view?usp=drive_link,map_12.webp,,
R191,111-2k380,34.45502,131.42581,https://drive.google.com/file/d/1m20HUyOw0MksZDHl-sf4NGN3Do8B1DNh/view?usp=drive_link,map_12.webp,,
R191,111-2k400,34.45521,131.42585,https://drive.google.com/file/d/1m20HUyOw0MksZDHl-sf4NGN3Do8B1DNh/view?usp=drive_link,map_12.webp,,
R191,111-2k420,34.45539,131.42587,https://drive.google.com/file/d/1m20HUyOw0MksZDHl-sf4NGN3Do8B1DNh/view?usp=drive_link,map_12.webp,,
R191,111-2k440,34.45557,131.42588,https://drive.google.com/file/d/1m20HUyOw0MksZDHl-sf4NGN3Do8B1DNh/view?usp=drive_link,map_12.webp,,
R191,111-2k460,34.45575,131.42588,https://drive.google.com/file/d/1m20HUyOw0MksZDHl-sf4NGN3Do8B1DNh/view?usp=drive_link,map_12.webp,,
R191,111-2k480,34.45593,131.42587,https://drive.google.com/file/d/1m20HUyOw0MksZDHl-sf4NGN3Do8B1DNh/view?usp=drive_link,map_12.webp,,
R191,111-2k500,34.45611,131.42586,https://drive.google.com/file/d/1m20HUyOw0MksZDHl-sf4NGN3Do8B1DNh/view?usp=drive_link,map_12.webp,,
R191,111-2k520,34.45629,131.42586,https://drive.google.com/file/d/1m20HUyOw0MksZDHl-sf4NGN3Do8B1DNh/view?usp=drive_link,map_12.webp,,
R191,111-2k540,34.45647,131.42584,https://drive.google.com/file/d/1m20HUyOw0MksZDHl-sf4NGN3Do8B1DNh/view?usp=drive_link,map_12.webp,,
R191,111-2k560,34.45665,131.42584,https://drive.google.com/file/d/1m20HUyOw0MksZDHl-sf4NGN3Do8B1DNh/view?usp=drive_link,map_12.webp,,
R191,111-2k580,34.45683,131.42585,https://drive.google.com/file/d/1m20HUyOw0MksZDHl-sf4NGN3Do8B1DNh/view?usp=drive_link,map_12.webp,,
R191,111-2k600,34.457,131.42589,https://drive.google.com/file/d/1m20HUyOw0MksZDHl-sf4NGN3Do8B1DNh/view?usp=drive_link,map_12.webp,2187,463
R191,111-2k620,34.45717,131.42596,https://drive.google.com/file/d/1m20HUyOw0MksZDHl-sf4NGN3Do8B1DNh/view?usp=drive_link,map_12.webp,,
R191,111-2k640,34.45734,131.42606,https://drive.google.com/file/d/1m20HUyOw0MksZDHl-sf4NGN3Do8B1DNh/view?usp=drive_link,map_12.webp,,
R191,111-2k660,34.45749,131.42617,https://drive.google.com/file/d/1m20HUyOw0MksZDHl-sf4NGN3Do8B1DNh/view?usp=drive_link,map_12.webp,,
R191,111-2k680,34.45763,131.4263,https://drive.google.com/file/d/1m20HUyOw0MksZDHl-sf4NGN3Do8B1DNh/view?usp=drive_link,map_12.webp,,
R191,111-2k700,34.45776,131.42643,https://drive.google.com/file/d/1m20HUyOw0MksZDHl-sf4NGN3Do8B1DNh/view?usp=drive_link,map_12.webp,,
R191,111-2k720,34.4579,131.42656,https://drive.google.com/file/d/1m20HUyOw0MksZDHl-sf4NGN3Do8B1DNh/view?usp=drive_link,map_12.webp,,
R191,111-2k740,34.45805,131.42669,https://drive.google.com/file/d/1m20HUyOw0MksZDHl-sf4NGN3Do8B1DNh/view?usp=drive_link,map_12.webp,,
R191,111-2k760,34.4582,131.4268,https://drive.google.com/file/d/1m20HUyOw0MksZDHl-sf4NGN3Do8B1DNh/view?usp=drive_link,map_12.webp,,
R191,111-2k780,34.45836,131.4269,https://drive.google.com/file/d/1m20HUyOw0MksZDHl-sf4NGN3Do8B1DNh/view?usp=drive_link,map_12.webp,,
R191,111-2k800,34.45853,131.427,https://drive.google.com/file/d/1m20HUyOw0MksZDHl-sf4NGN3Do8B1DNh/view?usp=drive_link,map_12.webp,4090,1254
R191,111-2k820,34.4587,131.42708,https://drive.google.com/file/d/1m20HUyOw0MksZDHl-sf4NGN3Do8B1DNh/view?usp=drive_link,map_12.webp,,
R191,111-2k840,34.45887,131.42716,https://drive.google.com/file/d/1m20HUyOw0MksZDHl-sf4NGN3Do8B1DNh/view?usp=drive_link,map_12.webp,,
R191,111-2k860,34.45904,131.42724,https://drive.google.com/file/d/1m20HUyOw0MksZDHl-sf4NGN3Do8B1DNh/view?usp=drive_link,map_12.webp,,
R191,111-2k880,34.4592,131.42733,https://drive.google.com/file/d/1m20HUyOw0MksZDHl-sf4NGN3Do8B1DNh/view?usp=drive_link,map_12.webp,,
R191,111-2k900,34.45935,131.42744,https://drive.google.com/file/d/1m20HUyOw0MksZDHl-sf4NGN3Do8B1DNh/view?usp=drive_link,map_12.webp,,
R191,111-2k920,34.4595,131.42755,https://drive.google.com/file/d/1m20HUyOw0MksZDHl-sf4NGN3Do8B1DNh/view?usp=drive_link,map_12.webp,,
R191,111-2k940,34.45965,131.42768,https://drive.google.com/file/d/1m20HUyOw0MksZDHl-sf4NGN3Do8B1DNh/view?usp=drive_link,map_12.webp,,
R191,111-2k960,34.45979,131.42781,https://drive.google.com/file/d/1m20HUyOw0MksZDHl-sf4NGN3Do8B1DNh/view?usp=drive_link,map_12.webp,,
R191,111-2k980,34.45994,131.42795,https://drive.google.com/file/d/1m20HUyOw0MksZDHl-sf4NGN3Do8B1DNh/view?usp=drive_link,map_12.webp,,
R191,111-3k000,34.46008,131.42809,https://drive.google.com/file/d/1m20HUyOw0MksZDHl-sf4NGN3Do8B1DNh/view?usp=drive_link,map_12.webp,,
R191,111-3k020,34.46022,131.42823,https://drive.google.com/file/d/1m20HUyOw0MksZDHl-sf4NGN3Do8B1DNh/view?usp=drive_link,map_12.webp,,
R191,111-3k040,34.46036,131.42836,https://drive.google.com/file/d/1m20HUyOw0MksZDHl-sf4NGN3Do8B1DNh/view?usp=drive_link,map_12.webp,,
R191,111-3k060,34.4605,131.4285,https://drive.google.com/file/d/1m20HUyOw0MksZDHl-sf4NGN3Do8B1DNh/view?usp=drive_link,map_12.webp,,
R191,111-3k080,34.46064,131.42865,https://drive.google.com/file/d/1m20HUyOw0MksZDHl-sf4NGN3Do8B1DNh/view?usp=drive_link,map_12.webp,,
R191,111-3k100,34.46076,131.42879,https://drive.google.com/file/d/1m20HUyOw0MksZDHl-sf4NGN3Do8B1DNh/view?usp=drive_link,map_12.webp,,
R191,111-3k120,34.46089,131.42894,https://drive.google.com/file/d/1m20HUyOw0MksZDHl-sf4NGN3Do8B1DNh/view?usp=drive_link,map_12.webp,,
R191,111-3k140,34.46102,131.42909,https://drive.google.com/file/d/1m20HUyOw0MksZDHl-sf4NGN3Do8B1DNh/view?usp=drive_link,map_12.webp,,
R191,111-3k160,34.46115,131.42924,https://drive.google.com/file/d/1m20HUyOw0MksZDHl-sf4NGN3Do8B1DNh/view?usp=drive_link,map_12.webp,,
R191,111-3k180,34.46128,131.4294,https://drive.google.com/file/d/1m20HUyOw0MksZDHl-sf4NGN3Do8B1DNh/view?usp=drive_link,map_12.webp,,
R191,111-3k200,34.46141,131.42955,https://drive.google.com/file/d/1m20HUyOw0MksZDHl-sf4NGN3Do8B1DNh/view?usp=drive_link,map_12.webp,5801,2425
R191,111-3k220,34.46153,131.42969,https://drive.google.com/file/d/1m20HUyOw0MksZDHl-sf4NGN3Do8B1DNh/view?usp=drive_link,map_12.webp,,
R191,111-3k240,34.46165,131.42985,https://drive.google.com/file/d/1m20HUyOw0MksZDHl-sf4NGN3Do8B1DNh/view?usp=drive_link,map_12.webp,,
R191,111-3k260,34.46177,131.43002,https://drive.google.com/file/d/1m20HUyOw0MksZDHl-sf4NGN3Do8B1DNh/view?usp=drive_link,map_12.webp,,
R191,111-3k280,34.46187,131.4302,https://drive.google.com/file/d/1m20HUyOw0MksZDHl-sf4NGN3Do8B1DNh/view?usp=drive_link,map_12.webp,,
R191,111-3k300,34.46197,131.43037,https://drive.google.com/file/d/1m20HUyOw0MksZDHl-sf4NGN3Do8B1DNh/view?usp=drive_link,map_12.webp,,
R191,111-3k320,34.46207,131.43055,https://drive.google.com/file/d/1m20HUyOw0MksZDHl-sf4NGN3Do8B1DNh/view?usp=drive_link,map_12.webp,,
R191,111-3k340,34.46217,131.43073,https://drive.google.com/file/d/1m20HUyOw0MksZDHl-sf4NGN3Do8B1DNh/view?usp=drive_link,map_12.webp,,
R191,111-3k360,34.46227,131.43091,https://drive.google.com/file/d/1m20HUyOw0MksZDHl-sf4NGN3Do8B1DNh/view?usp=drive_link,map_12.webp,,
R191,111-3k380,34.46238,131.43109,https://drive.google.com/file/d/1m20HUyOw0MksZDHl-sf4NGN3Do8B1DNh/view?usp=drive_link,map_12.webp,,
R191,111-3k400,34.4625,131.43126,https://drive.google.com/file/d/1m20HUyOw0MksZDHl-sf4NGN3Do8B1DNh/view?usp=drive_link,map_12.webp,,
R191,111-3k420,34.46263,131.43142,https://drive.google.com/file/d/1m20HUyOw0MksZDHl-sf4NGN3Do8B1DNh/view?usp=drive_link,map_12.webp,,
R191,111-3k440,34.46276,131.43156,https://drive.google.com/file/d/1m20HUyOw0MksZDHl-sf4NGN3Do8B1DNh/view?usp=drive_link,map_12.webp,,
R191,111-3k460,34.46291,131.43169,https://drive.google.com/file/d/1m20HUyOw0MksZDHl-sf4NGN3Do8B1DNh/view?usp=drive_link,map_12.webp,,
R191,111-3k480,34.46306,131.43181,https://drive.google.com/file/d/1m20HUyOw0MksZDHl-sf4NGN3Do8B1DNh/view?usp=drive_link,map_12.webp,,
R191,111-3k500,34.4632,131.43193,https://drive.google.com/file/d/1m20HUyOw0MksZDHl-sf4NGN3Do8B1DNh/view?usp=drive_link,map_12.webp,,
R191,111-3k520,34.46335,131.43205,https://drive.google.com/file/d/1IEvGxgOKNOXauMyjt4WHgjIlzJdtB3ke/view?usp=drive_link,map_13.webp,,
R191,111-3k540,34.4635,131.43217,https://drive.google.com/file/d/1IEvGxgOKNOXauMyjt4WHgjIlzJdtB3ke/view?usp=drive_link,map_13.webp,,
R191,111-3k560,34.46365,131.4323,https://drive.google.com/file/d/1IEvGxgOKNOXauMyjt4WHgjIlzJdtB3ke/view?usp=drive_link,map_13.webp,,
R191,111-3k580,34.46379,131.43244,https://drive.google.com/file/d/1IEvGxgOKNOXauMyjt4WHgjIlzJdtB3ke/view?usp=drive_link,map_13.webp,,
R191,111-3k600,34.46393,131.43258,https://drive.google.com/file/d/1IEvGxgOKNOXauMyjt4WHgjIlzJdtB3ke/view?usp=drive_link,map_13.webp,,
R191,111-3k620,34.46406,131.43272,https://drive.google.com/file/d/1IEvGxgOKNOXauMyjt4WHgjIlzJdtB3ke/view?usp=drive_link,map_13.webp,,
R191,111-3k640,34.4642,131.43287,https://drive.google.com/file/d/1IEvGxgOKNOXauMyjt4WHgjIlzJdtB3ke/view?usp=drive_link,map_13.webp,,
R191,111-3k660,34.46433,131.43302,https://drive.google.com/file/d/1IEvGxgOKNOXauMyjt4WHgjIlzJdtB3ke/view?usp=drive_link,map_13.webp,,
R191,111-3k680,34.46446,131.43317,https://drive.google.com/file/d/1IEvGxgOKNOXauMyjt4WHgjIlzJdtB3ke/view?usp=drive_link,map_13.webp,,
R191,111-3k700,34.46459,131.43332,https://drive.google.com/file/d/1IEvGxgOKNOXauMyjt4WHgjIlzJdtB3ke/view?usp=drive_link,map_13.webp,,
R191,111-3k720,34.46472,131.43347,https://drive.google.com/file/d/1IEvGxgOKNOXauMyjt4WHgjIlzJdtB3ke/view?usp=drive_link,map_13.webp,,
R191,111-3k740,34.46485,131.43362,https://drive.google.com/file/d/1IEvGxgOKNOXauMyjt4WHgjIlzJdtB3ke/view?usp=drive_link,map_13.webp,,
R191,111-3k760,34.46498,131.43377,https://drive.google.com/file/d/1IEvGxgOKNOXauMyjt4WHgjIlzJdtB3ke/view?usp=drive_link,map_13.webp,,
R191,111-3k780,34.46511,131.43392,https://drive.google.com/file/d/1IEvGxgOKNOXauMyjt4WHgjIlzJdtB3ke/view?usp=drive_link,map_13.webp,,
R191,111-3k800,34.46524,131.43407,https://drive.google.com/file/d/1IEvGxgOKNOXauMyjt4WHgjIlzJdtB3ke/view?usp=drive_link,map_13.webp,2201,607
R191,111-3k820,34.46536,131.43421,https://drive.google.com/file/d/1IEvGxgOKNOXauMyjt4WHgjIlzJdtB3ke/view?usp=drive_link,map_13.webp,,
R191,111-3k840,34.4655,131.43436,https://drive.google.com/file/d/1IEvGxgOKNOXauMyjt4WHgjIlzJdtB3ke/view?usp=drive_link,map_13.webp,,
R191,111-3k860,34.46563,131.43451,https://drive.google.com/file/d/1IEvGxgOKNOXauMyjt4WHgjIlzJdtB3ke/view?usp=drive_link,map_13.webp,,
R191,111-3k880,34.46576,131.43467,https://drive.google.com/file/d/1IEvGxgOKNOXauMyjt4WHgjIlzJdtB3ke/view?usp=drive_link,map_13.webp,,
R191,111-3k900,34.46589,131.43481,https://drive.google.com/file/d/1IEvGxgOKNOXauMyjt4WHgjIlzJdtB3ke/view?usp=drive_link,map_13.webp,,
R191,111-3k920,34.46603,131.43495,https://drive.google.com/file/d/1IEvGxgOKNOXauMyjt4WHgjIlzJdtB3ke/view?usp=drive_link,map_13.webp,,
R191,111-3k940,34.46617,131.43508,https://drive.google.com/file/d/1IEvGxgOKNOXauMyjt4WHgjIlzJdtB3ke/view?usp=drive_link,map_13.webp,,
R191,111-3k960,34.46633,131.4352,https://drive.google.com/file/d/1IEvGxgOKNOXauMyjt4WHgjIlzJdtB3ke/view?usp=drive_link,map_13.webp,,
R191,111-3k980,34.46648,131.4353,https://drive.google.com/file/d/1IEvGxgOKNOXauMyjt4WHgjIlzJdtB3ke/view?usp=drive_link,map_13.webp,,
R191,111-4k000,34.46665,131.4354,https://drive.google.com/file/d/1IEvGxgOKNOXauMyjt4WHgjIlzJdtB3ke/view?usp=drive_link,map_13.webp,,
R191,111-4k020,34.46682,131.43548,https://drive.google.com/file/d/1IEvGxgOKNOXauMyjt4WHgjIlzJdtB3ke/view?usp=drive_link,map_13.webp,,
R191,111-4k040,34.46699,131.43555,https://drive.google.com/file/d/1IEvGxgOKNOXauMyjt4WHgjIlzJdtB3ke/view?usp=drive_link,map_13.webp,,
R191,111-4k060,34.46716,131.43562,https://drive.google.com/file/d/1IEvGxgOKNOXauMyjt4WHgjIlzJdtB3ke/view?usp=drive_link,map_13.webp,,
R191,111-4k080,34.46733,131.4357,https://drive.google.com/file/d/1IEvGxgOKNOXauMyjt4WHgjIlzJdtB3ke/view?usp=drive_link,map_13.webp,,
R191,111-4k100,34.46748,131.43578,https://drive.google.com/file/d/1IEvGxgOKNOXauMyjt4WHgjIlzJdtB3ke/view?usp=drive_link,map_13.webp,4220,309
R191,111-4k120,34.46764,131.4359,https://drive.google.com/file/d/1IEvGxgOKNOXauMyjt4WHgjIlzJdtB3ke/view?usp=drive_link,map_13.webp,,
R191,111-4k140,34.46777,131.43604,https://drive.google.com/file/d/1IEvGxgOKNOXauMyjt4WHgjIlzJdtB3ke/view?usp=drive_link,map_13.webp,,
R191,111-4k160,34.46789,131.43621,https://drive.google.com/file/d/1IEvGxgOKNOXauMyjt4WHgjIlzJdtB3ke/view?usp=drive_link,map_13.webp,,
R191,111-4k180,34.46799,131.43639,https://drive.google.com/file/d/1IEvGxgOKNOXauMyjt4WHgjIlzJdtB3ke/view?usp=drive_link,map_13.webp,,
R191,111-4k200,34.46807,131.43658,https://drive.google.com/file/d/1IEvGxgOKNOXauMyjt4WHgjIlzJdtB3ke/view?usp=drive_link,map_13.webp,,
R191,111-4k220,34.46814,131.43679,https://drive.google.com/file/d/1IEvGxgOKNOXauMyjt4WHgjIlzJdtB3ke/view?usp=drive_link,map_13.webp,,
R191,111-4k240,34.46819,131.43699,https://drive.google.com/file/d/1IEvGxgOKNOXauMyjt4WHgjIlzJdtB3ke/view?usp=drive_link,map_13.webp,,
R191,111-4k260,34.46824,131.4372,https://drive.google.com/file/d/1IEvGxgOKNOXauMyjt4WHgjIlzJdtB3ke/view?usp=drive_link,map_13.webp,,
R191,111-4k280,34.4683,131.43741,https://drive.google.com/file/d/1IEvGxgOKNOXauMyjt4WHgjIlzJdtB3ke/view?usp=drive_link,map_13.webp,,
R191,111-4k300,34.46835,131.43762,https://drive.google.com/file/d/1IEvGxgOKNOXauMyjt4WHgjIlzJdtB3ke/view?usp=drive_link,map_13.webp,,
R191,111-4k320,34.4684,131.43782,https://drive.google.com/file/d/1IEvGxgOKNOXauMyjt4WHgjIlzJdtB3ke/view?usp=drive_link,map_13.webp,,
R191,111-4k340,34.46846,131.43803,https://drive.google.com/file/d/1IEvGxgOKNOXauMyjt4WHgjIlzJdtB3ke/view?usp=drive_link,map_13.webp,,
R191,111-4k360,34.46851,131.43824,https://drive.google.com/file/d/1IEvGxgOKNOXauMyjt4WHgjIlzJdtB3ke/view?usp=drive_link,map_13.webp,,
R191,111-4k380,34.46856,131.43845,https://drive.google.com/file/d/1IEvGxgOKNOXauMyjt4WHgjIlzJdtB3ke/view?usp=drive_link,map_13.webp,,
R191,111-4k400,34.46861,131.43865,https://drive.google.com/file/d/1IEvGxgOKNOXauMyjt4WHgjIlzJdtB3ke/view?usp=drive_link,map_13.webp,6069,1120
R191,111-4k420,34.46867,131.43885,https://drive.google.com/file/d/1IEvGxgOKNOXauMyjt4WHgjIlzJdtB3ke/view?usp=drive_link,map_13.webp,,
R191,111-4k440,34.46872,131.43906,https://drive.google.com/file/d/1IEvGxgOKNOXauMyjt4WHgjIlzJdtB3ke/view?usp=drive_link,map_13.webp,,
R191,111-4k460,34.46877,131.43927,https://drive.google.com/file/d/1IEvGxgOKNOXauMyjt4WHgjIlzJdtB3ke/view?usp=drive_link,map_13.webp,,
R191,111-4k480,34.46883,131.43948,https://drive.google.com/file/d/1IEvGxgOKNOXauMyjt4WHgjIlzJdtB3ke/view?usp=drive_link,map_13.webp,,
R191,111-4k500,34.46888,131.43969,https://drive.google.com/file/d/1IEvGxgOKNOXauMyjt4WHgjIlzJdtB3ke/view?usp=drive_link,map_13.webp,,
R191,111-4k520,34.46893,131.4399,https://drive.google.com/file/d/1IEvGxgOKNOXauMyjt4WHgjIlzJdtB3ke/view?usp=drive_link,map_13.webp,,
R191,111-4k540,34.46899,131.44011,https://drive.google.com/file/d/1IEvGxgOKNOXauMyjt4WHgjIlzJdtB3ke/view?usp=drive_link,map_13.webp,,
R191,111-4k560,34.46904,131.44032,https://drive.google.com/file/d/1IEvGxgOKNOXauMyjt4WHgjIlzJdtB3ke/view?usp=drive_link,map_13.webp,,
R191,111-4k580,34.46909,131.44052,https://drive.google.com/file/d/1IEvGxgOKNOXauMyjt4WHgjIlzJdtB3ke/view?usp=drive_link,map_13.webp,,
R191,111-4k600,34.46915,131.44073,https://drive.google.com/file/d/1IEvGxgOKNOXauMyjt4WHgjIlzJdtB3ke/view?usp=drive_link,map_13.webp,,
R191,111-4k620,34.46922,131.44094,https://drive.google.com/file/d/1IEvGxgOKNOXauMyjt4WHgjIlzJdtB3ke/view?usp=drive_link,map_13.webp,,
R191,111-4k640,34.46928,131.44114,https://drive.google.com/file/d/1IEvGxgOKNOXauMyjt4WHgjIlzJdtB3ke/view?usp=drive_link,map_13.webp,,
R191,111-4k660,34.46935,131.44134,https://drive.google.com/file/d/1IEvGxgOKNOXauMyjt4WHgjIlzJdtB3ke/view?usp=drive_link,map_13.webp,,
R191,111-4k680,34.46943,131.44154,https://drive.google.com/file/d/1IEvGxgOKNOXauMyjt4WHgjIlzJdtB3ke/view?usp=drive_link,map_13.webp,,
R191,111-4k700,34.4695,131.44174,https://drive.google.com/file/d/1IEvGxgOKNOXauMyjt4WHgjIlzJdtB3ke/view?usp=drive_link,map_13.webp,,
R191,111-4k720,34.46958,131.44193,https://drive.google.com/file/d/1QWH3B1qObUVvFPs8JGvrl3ib2TPgQbvU/view?usp=drive_link,map_14.webp,,
R191,111-4k740,34.46966,131.44212,https://drive.google.com/file/d/1QWH3B1qObUVvFPs8JGvrl3ib2TPgQbvU/view?usp=drive_link,map_14.webp,,
R191,111-4k760,34.46975,131.44231,https://drive.google.com/file/d/1QWH3B1qObUVvFPs8JGvrl3ib2TPgQbvU/view?usp=drive_link,map_14.webp,,
R191,111-4k780,34.46984,131.4425,https://drive.google.com/file/d/1QWH3B1qObUVvFPs8JGvrl3ib2TPgQbvU/view?usp=drive_link,map_14.webp,,
R191,111-4k800,34.46993,131.44269,https://drive.google.com/file/d/1QWH3B1qObUVvFPs8JGvrl3ib2TPgQbvU/view?usp=drive_link,map_14.webp,,
R191,111-4k820,34.47001,131.44289,https://drive.google.com/file/d/1QWH3B1qObUVvFPs8JGvrl3ib2TPgQbvU/view?usp=drive_link,map_14.webp,,
R191,111-4k840,34.47008,131.44309,https://drive.google.com/file/d/1QWH3B1qObUVvFPs8JGvrl3ib2TPgQbvU/view?usp=drive_link,map_14.webp,,
R191,111-4k860,34.4701,131.44331,https://drive.google.com/file/d/1QWH3B1qObUVvFPs8JGvrl3ib2TPgQbvU/view?usp=drive_link,map_14.webp,,
R191,111-4k880,34.47009,131.44352,https://drive.google.com/file/d/1QWH3B1qObUVvFPs8JGvrl3ib2TPgQbvU/view?usp=drive_link,map_14.webp,,
R191,111-4k900,34.47006,131.44374,https://drive.google.com/file/d/1QWH3B1qObUVvFPs8JGvrl3ib2TPgQbvU/view?usp=drive_link,map_14.webp,,
R191,111-4k920,34.47004,131.44396,https://drive.google.com/file/d/1QWH3B1qObUVvFPs8JGvrl3ib2TPgQbvU/view?usp=drive_link,map_14.webp,,
R191,111-4k940,34.47001,131.44417,https://drive.google.com/file/d/1QWH3B1qObUVvFPs8JGvrl3ib2TPgQbvU/view?usp=drive_link,map_14.webp,,
R191,111-4k960,34.47,131.44439,https://drive.google.com/file/d/1QWH3B1qObUVvFPs8JGvrl3ib2TPgQbvU/view?usp=drive_link,map_14.webp,,
R191,111-4k980,34.47003,131.44461,https://drive.google.com/file/d/1QWH3B1qObUVvFPs8JGvrl3ib2TPgQbvU/view?usp=drive_link,map_14.webp,,
R191,111-5k000,34.47005,131.44468,https://drive.google.com/file/d/1QWH3B1qObUVvFPs8JGvrl3ib2TPgQbvU/view?usp=drive_link,map_14.webp,2383,3688
R191,111-5k020,34.47013,131.44487,https://drive.google.com/file/d/1QWH3B1qObUVvFPs8JGvrl3ib2TPgQbvU/view?usp=drive_link,map_14.webp,,
R191,111-5k040,34.47024,131.44504,https://drive.google.com/file/d/1QWH3B1qObUVvFPs8JGvrl3ib2TPgQbvU/view?usp=drive_link,map_14.webp,,
R191,111-5k060,34.47037,131.44519,https://drive.google.com/file/d/1QWH3B1qObUVvFPs8JGvrl3ib2TPgQbvU/view?usp=drive_link,map_14.webp,,
R191,111-5k080,34.4705,131.44534,https://drive.google.com/file/d/1QWH3B1qObUVvFPs8JGvrl3ib2TPgQbvU/view?usp=drive_link,map_14.webp,,
R191,111-5k100,34.47066,131.44553,https://drive.google.com/file/d/1QWH3B1qObUVvFPs8JGvrl3ib2TPgQbvU/view?usp=drive_link,map_14.webp,,
R191,111-5k120,34.47079,131.44567,https://drive.google.com/file/d/1QWH3B1qObUVvFPs8JGvrl3ib2TPgQbvU/view?usp=drive_link,map_14.webp,,
R191,111-5k140,34.47092,131.44582,https://drive.google.com/file/d/1QWH3B1qObUVvFPs8JGvrl3ib2TPgQbvU/view?usp=drive_link,map_14.webp,,
R191,111-5k160,34.47106,131.44596,https://drive.google.com/file/d/1QWH3B1qObUVvFPs8JGvrl3ib2TPgQbvU/view?usp=drive_link,map_14.webp,,
R191,111-5k180,34.4712,131.44609,https://drive.google.com/file/d/1QWH3B1qObUVvFPs8JGvrl3ib2TPgQbvU/view?usp=drive_link,map_14.webp,,
R191,111-5k200,34.4714,131.44627,https://drive.google.com/file/d/1QWH3B1qObUVvFPs8JGvrl3ib2TPgQbvU/view?usp=drive_link,map_14.webp,,
R191,111-5k220,34.47155,131.4464,https://drive.google.com/file/d/1QWH3B1qObUVvFPs8JGvrl3ib2TPgQbvU/view?usp=drive_link,map_14.webp,,
R191,111-5k240,34.4717,131.44652,https://drive.google.com/file/d/1QWH3B1qObUVvFPs8JGvrl3ib2TPgQbvU/view?usp=drive_link,map_14.webp,,
R191,111-5k260,34.47185,131.44663,https://drive.google.com/file/d/1QWH3B1qObUVvFPs8JGvrl3ib2TPgQbvU/view?usp=drive_link,map_14.webp,,
R191,111-5k280,34.47201,131.44674,https://drive.google.com/file/d/1QWH3B1qObUVvFPs8JGvrl3ib2TPgQbvU/view?usp=drive_link,map_14.webp,,
R191,111-5k300,34.47216,131.44685,https://drive.google.com/file/d/1QWH3B1qObUVvFPs8JGvrl3ib2TPgQbvU/view?usp=drive_link,map_14.webp,4307,2203
R191,111-5k320,34.47233,131.44696,https://drive.google.com/file/d/1QWH3B1qObUVvFPs8JGvrl3ib2TPgQbvU/view?usp=drive_link,map_14.webp,,
R191,111-5k340,34.47249,131.44706,https://drive.google.com/file/d/1QWH3B1qObUVvFPs8JGvrl3ib2TPgQbvU/view?usp=drive_link,map_14.webp,,
R191,111-5k360,34.47265,131.44715,https://drive.google.com/file/d/1QWH3B1qObUVvFPs8JGvrl3ib2TPgQbvU/view?usp=drive_link,map_14.webp,,
R191,111-5k380,34.47282,131.44724,https://drive.google.com/file/d/1QWH3B1qObUVvFPs8JGvrl3ib2TPgQbvU/view?usp=drive_link,map_14.webp,,
R191,111-5k400,34.47302,131.44734,https://drive.google.com/file/d/1QWH3B1qObUVvFPs8JGvrl3ib2TPgQbvU/view?usp=drive_link,map_14.webp,4803,1548
R191,111-5k420,34.47318,131.44743,https://drive.google.com/file/d/1QWH3B1qObUVvFPs8JGvrl3ib2TPgQbvU/view?usp=drive_link,map_14.webp,,
R191,111-5k440,34.47335,131.44752,https://drive.google.com/file/d/1QWH3B1qObUVvFPs8JGvrl3ib2TPgQbvU/view?usp=drive_link,map_14.webp,,
R191,111-5k460,34.47351,131.44761,https://drive.google.com/file/d/1QWH3B1qObUVvFPs8JGvrl3ib2TPgQbvU/view?usp=drive_link,map_14.webp,,
R191,111-5k480,34.47367,131.44769,https://drive.google.com/file/d/1QWH3B1qObUVvFPs8JGvrl3ib2TPgQbvU/view?usp=drive_link,map_14.webp,,
R191,111-5k500,34.47378,131.44775,https://drive.google.com/file/d/1QWH3B1qObUVvFPs8JGvrl3ib2TPgQbvU/view?usp=drive_link,map_14.webp,,
R191,111-5k520,34.47395,131.44784,https://drive.google.com/file/d/1QWH3B1qObUVvFPs8JGvrl3ib2TPgQbvU/view?usp=drive_link,map_14.webp,,
R191,111-5k540,34.47411,131.44793,https://drive.google.com/file/d/1QWH3B1qObUVvFPs8JGvrl3ib2TPgQbvU/view?usp=drive_link,map_14.webp,,
R191,111-5k560,34.47428,131.44802,https://drive.google.com/file/d/1QWH3B1qObUVvFPs8JGvrl3ib2TPgQbvU/view?usp=drive_link,map_14.webp,,
R191,111-5k580,34.47444,131.44811,https://drive.google.com/file/d/1QWH3B1qObUVvFPs8JGvrl3ib2TPgQbvU/view?usp=drive_link,map_14.webp,,
R191,111-5k600,34.47461,131.4482,https://drive.google.com/file/d/1QWH3B1qObUVvFPs8JGvrl3ib2TPgQbvU/view?usp=drive_link,map_14.webp,,
R191,111-5k620,34.47478,131.44828,https://drive.google.com/file/d/1QRwM5lrxFheSMzEGsuDbSQxf98HIkQhr/view?usp=drive_link,map_15.webp,,
R191,111-5k640,34.47494,131.44837,https://drive.google.com/file/d/1QRwM5lrxFheSMzEGsuDbSQxf98HIkQhr/view?usp=drive_link,map_15.webp,,
R191,111-5k660,34.47511,131.44846,https://drive.google.com/file/d/1QRwM5lrxFheSMzEGsuDbSQxf98HIkQhr/view?usp=drive_link,map_15.webp,,
R191,111-5k680,34.47527,131.44855,https://drive.google.com/file/d/1QRwM5lrxFheSMzEGsuDbSQxf98HIkQhr/view?usp=drive_link,map_15.webp,,
R191,111-5k700,34.47544,131.44864,https://drive.google.com/file/d/1QRwM5lrxFheSMzEGsuDbSQxf98HIkQhr/view?usp=drive_link,map_15.webp,,
R191,111-5k720,34.47561,131.44873,https://drive.google.com/file/d/1QRwM5lrxFheSMzEGsuDbSQxf98HIkQhr/view?usp=drive_link,map_15.webp,,
R191,111-5k740,34.47577,131.44883,https://drive.google.com/file/d/1QRwM5lrxFheSMzEGsuDbSQxf98HIkQhr/view?usp=drive_link,map_15.webp,,
R191,111-5k760,34.47592,131.44893,https://drive.google.com/file/d/1QRwM5lrxFheSMzEGsuDbSQxf98HIkQhr/view?usp=drive_link,map_15.webp,,
R191,111-5k780,34.47608,131.44905,https://drive.google.com/file/d/1QRwM5lrxFheSMzEGsuDbSQxf98HIkQhr/view?usp=drive_link,map_15.webp,,
R191,111-5k800,34.47623,131.44918,https://drive.google.com/file/d/1QRwM5lrxFheSMzEGsuDbSQxf98HIkQhr/view?usp=drive_link,map_15.webp,,
R191,111-5k820,34.47637,131.44931,https://drive.google.com/file/d/1QRwM5lrxFheSMzEGsuDbSQxf98HIkQhr/view?usp=drive_link,map_15.webp,,
R191,111-5k840,34.47651,131.44946,https://drive.google.com/file/d/1QRwM5lrxFheSMzEGsuDbSQxf98HIkQhr/view?usp=drive_link,map_15.webp,,
R191,111-5k860,34.47663,131.44961,https://drive.google.com/file/d/1QRwM5lrxFheSMzEGsuDbSQxf98HIkQhr/view?usp=drive_link,map_15.webp,,
R191,111-5k880,34.47676,131.44977,https://drive.google.com/file/d/1QRwM5lrxFheSMzEGsuDbSQxf98HIkQhr/view?usp=drive_link,map_15.webp,,
R191,111-5k900,34.47688,131.44994,https://drive.google.com/file/d/1QRwM5lrxFheSMzEGsuDbSQxf98HIkQhr/view?usp=drive_link,map_15.webp,2477,687
R191,111-5k920,34.47699,131.4501,https://drive.google.com/file/d/1QRwM5lrxFheSMzEGsuDbSQxf98HIkQhr/view?usp=drive_link,map_15.webp,,
R191,111-5k940,34.4771,131.45027,https://drive.google.com/file/d/1QRwM5lrxFheSMzEGsuDbSQxf98HIkQhr/view?usp=drive_link,map_15.webp,,
R191,111-5k960,34.47721,131.45044,https://drive.google.com/file/d/1QRwM5lrxFheSMzEGsuDbSQxf98HIkQhr/view?usp=drive_link,map_15.webp,,
R191,111-5k980,34.47732,131.45061,https://drive.google.com/file/d/1QRwM5lrxFheSMzEGsuDbSQxf98HIkQhr/view?usp=drive_link,map_15.webp,,
R191,112k000,34.47742,131.45076,https://drive.google.com/file/d/1QRwM5lrxFheSMzEGsuDbSQxf98HIkQhr/view?usp=drive_link,map_15.webp,,
R191,112k020,34.47753,131.45094,https://drive.google.com/file/d/1QRwM5lrxFheSMzEGsuDbSQxf98HIkQhr/view?usp=drive_link,map_15.webp,,
R191,112k040,34.47765,131.45111,https://drive.google.com/file/d/1QRwM5lrxFheSMzEGsuDbSQxf98HIkQhr/view?usp=drive_link,map_15.webp,,
R191,112k060,34.47776,131.45128,https://drive.google.com/file/d/1QRwM5lrxFheSMzEGsuDbSQxf98HIkQhr/view?usp=drive_link,map_15.webp,,
R191,112k080,34.47787,131.45145,https://drive.google.com/file/d/1QRwM5lrxFheSMzEGsuDbSQxf98HIkQhr/view?usp=drive_link,map_15.webp,,
R191,112k100,34.47797,131.45161,https://drive.google.com/file/d/1QRwM5lrxFheSMzEGsuDbSQxf98HIkQhr/view?usp=drive_link,map_15.webp,,
R191,112k120,34.47808,131.45178,https://drive.google.com/file/d/1QRwM5lrxFheSMzEGsuDbSQxf98HIkQhr/view?usp=drive_link,map_15.webp,,
R191,112k140,34.4782,131.45195,https://drive.google.com/file/d/1QRwM5lrxFheSMzEGsuDbSQxf98HIkQhr/view?usp=drive_link,map_15.webp,,
R191,112k160,34.47831,131.45212,https://drive.google.com/file/d/1QRwM5lrxFheSMzEGsuDbSQxf98HIkQhr/view?usp=drive_link,map_15.webp,,
R191,112k180,34.47842,131.45229,https://drive.google.com/file/d/1QRwM5lrxFheSMzEGsuDbSQxf98HIkQhr/view?usp=drive_link,map_15.webp,,
R191,112k200,34.47854,131.45248,https://drive.google.com/file/d/1QRwM5lrxFheSMzEGsuDbSQxf98HIkQhr/view?usp=drive_link,map_15.webp,4648,1537
R191,112k220,34.47865,131.45267,https://drive.google.com/file/d/1QRwM5lrxFheSMzEGsuDbSQxf98HIkQhr/view?usp=drive_link,map_15.webp,,
R191,112k240,34.47876,131.45283,https://drive.google.com/file/d/1QRwM5lrxFheSMzEGsuDbSQxf98HIkQhr/view?usp=drive_link,map_15.webp,,
R191,112k260,34.47887,131.453,https://drive.google.com/file/d/1QRwM5lrxFheSMzEGsuDbSQxf98HIkQhr/view?usp=drive_link,map_15.webp,,
R191,112k280,34.47898,131.45317,https://drive.google.com/file/d/1QRwM5lrxFheSMzEGsuDbSQxf98HIkQhr/view?usp=drive_link,map_15.webp,,
R191,112k300,34.4791,131.45335,https://drive.google.com/file/d/1QRwM5lrxFheSMzEGsuDbSQxf98HIkQhr/view?usp=drive_link,map_15.webp,,
R191,112k320,34.47921,131.45352,https://drive.google.com/file/d/1QRwM5lrxFheSMzEGsuDbSQxf98HIkQhr/view?usp=drive_link,map_15.webp,,
R191,112k340,34.47932,131.45369,https://drive.google.com/file/d/1QRwM5lrxFheSMzEGsuDbSQxf98HIkQhr/view?usp=drive_link,map_15.webp,,
R191,112k360,34.47943,131.45386,https://drive.google.com/file/d/1QRwM5lrxFheSMzEGsuDbSQxf98HIkQhr/view?usp=drive_link,map_15.webp,,
R191,112k380,34.47955,131.45403,https://drive.google.com/file/d/1QRwM5lrxFheSMzEGsuDbSQxf98HIkQhr/view?usp=drive_link,map_15.webp,,
R191,112k400,34.47965,131.45419,https://drive.google.com/file/d/1QRwM5lrxFheSMzEGsuDbSQxf98HIkQhr/view?usp=drive_link,map_15.webp,6113,2110
R191,112k420,34.47977,131.45435,https://drive.google.com/file/d/1QRwM5lrxFheSMzEGsuDbSQxf98HIkQhr/view?usp=drive_link,map_15.webp,,
R191,112k440,34.47988,131.45452,https://drive.google.com/file/d/1QRwM5lrxFheSMzEGsuDbSQxf98HIkQhr/view?usp=drive_link,map_15.webp,,
R191,112k460,34.48,131.45469,https://drive.google.com/file/d/1QRwM5lrxFheSMzEGsuDbSQxf98HIkQhr/view?usp=drive_link,map_15.webp,,
R191,112k480,34.48011,131.45485,https://drive.google.com/file/d/1QRwM5lrxFheSMzEGsuDbSQxf98HIkQhr/view?usp=drive_link,map_15.webp,,
R191,112k500,34.48023,131.45501,https://drive.google.com/file/d/1QRwM5lrxFheSMzEGsuDbSQxf98HIkQhr/view?usp=drive_link,map_15.webp,,
R191,112k520,34.48035,131.45518,https://drive.google.com/file/d/1dh2GOV35ZzgTJzTawZGvNVgdqNmZku1q/view?usp=drive_link,map_16.webp,,
R191,112k540,34.48047,131.45534,https://drive.google.com/file/d/1dh2GOV35ZzgTJzTawZGvNVgdqNmZku1q/view?usp=drive_link,map_16.webp,,
R191,112k560,34.4806,131.45551,https://drive.google.com/file/d/1dh2GOV35ZzgTJzTawZGvNVgdqNmZku1q/view?usp=drive_link,map_16.webp,,
R191,112k580,34.48072,131.45567,https://drive.google.com/file/d/1dh2GOV35ZzgTJzTawZGvNVgdqNmZku1q/view?usp=drive_link,map_16.webp,,
R191,112k600,34.48084,131.45583,https://drive.google.com/file/d/1dh2GOV35ZzgTJzTawZGvNVgdqNmZku1q/view?usp=drive_link,map_16.webp,,
R191,112k620,34.48097,131.45599,https://drive.google.com/file/d/1dh2GOV35ZzgTJzTawZGvNVgdqNmZku1q/view?usp=drive_link,map_16.webp,,
R191,112k640,34.4811,131.45614,https://drive.google.com/file/d/1dh2GOV35ZzgTJzTawZGvNVgdqNmZku1q/view?usp=drive_link,map_16.webp,,
R191,112k660,34.48122,131.4563,https://drive.google.com/file/d/1dh2GOV35ZzgTJzTawZGvNVgdqNmZku1q/view?usp=drive_link,map_16.webp,,
R191,112k680,34.48135,131.45646,https://drive.google.com/file/d/1dh2GOV35ZzgTJzTawZGvNVgdqNmZku1q/view?usp=drive_link,map_16.webp,,
R191,112k700,34.48147,131.45661,https://drive.google.com/file/d/1dh2GOV35ZzgTJzTawZGvNVgdqNmZku1q/view?usp=drive_link,map_16.webp,,
R191,112k720,34.4816,131.45677,https://drive.google.com/file/d/1dh2GOV35ZzgTJzTawZGvNVgdqNmZku1q/view?usp=drive_link,map_16.webp,,
R191,112k740,34.48172,131.45692,https://drive.google.com/file/d/1dh2GOV35ZzgTJzTawZGvNVgdqNmZku1q/view?usp=drive_link,map_16.webp,,
R191,112k760,34.48185,131.45708,https://drive.google.com/file/d/1dh2GOV35ZzgTJzTawZGvNVgdqNmZku1q/view?usp=drive_link,map_16.webp,,
R191,112k780,34.48197,131.45723,https://drive.google.com/file/d/1dh2GOV35ZzgTJzTawZGvNVgdqNmZku1q/view?usp=drive_link,map_16.webp,,
R191,112k800,34.4821,131.45739,https://drive.google.com/file/d/1dh2GOV35ZzgTJzTawZGvNVgdqNmZku1q/view?usp=drive_link,map_16.webp,1961,1071
R191,112k820,34.48223,131.45755,https://drive.google.com/file/d/1dh2GOV35ZzgTJzTawZGvNVgdqNmZku1q/view?usp=drive_link,map_16.webp,,
R191,112k840,34.48235,131.45771,https://drive.google.com/file/d/1dh2GOV35ZzgTJzTawZGvNVgdqNmZku1q/view?usp=drive_link,map_16.webp,,
R191,112k860,34.48248,131.45786,https://drive.google.com/file/d/1dh2GOV35ZzgTJzTawZGvNVgdqNmZku1q/view?usp=drive_link,map_16.webp,,
R191,112k880,34.4826,131.45802,https://drive.google.com/file/d/1dh2GOV35ZzgTJzTawZGvNVgdqNmZku1q/view?usp=drive_link,map_16.webp,,
R191,112k900,34.48273,131.45817,https://drive.google.com/file/d/1dh2GOV35ZzgTJzTawZGvNVgdqNmZku1q/view?usp=drive_link,map_16.webp,,
R191,112k920,34.48285,131.45833,https://drive.google.com/file/d/1dh2GOV35ZzgTJzTawZGvNVgdqNmZku1q/view?usp=drive_link,map_16.webp,,
R191,112k940,34.48298,131.45848,https://drive.google.com/file/d/1dh2GOV35ZzgTJzTawZGvNVgdqNmZku1q/view?usp=drive_link,map_16.webp,,
R191,112k960,34.48312,131.45862,https://drive.google.com/file/d/1dh2GOV35ZzgTJzTawZGvNVgdqNmZku1q/view?usp=drive_link,map_16.webp,,
R191,112k980,34.48325,131.45877,https://drive.google.com/file/d/1dh2GOV35ZzgTJzTawZGvNVgdqNmZku1q/view?usp=drive_link,map_16.webp,,
R191,113k000,34.4834,131.45891,https://drive.google.com/file/d/1dh2GOV35ZzgTJzTawZGvNVgdqNmZku1q/view?usp=drive_link,map_16.webp,,
R191,113k020,34.48354,131.45904,https://drive.google.com/file/d/1dh2GOV35ZzgTJzTawZGvNVgdqNmZku1q/view?usp=drive_link,map_16.webp,,
R191,113k040,34.48368,131.45917,https://drive.google.com/file/d/1dh2GOV35ZzgTJzTawZGvNVgdqNmZku1q/view?usp=drive_link,map_16.webp,,
R191,113k060,34.48383,131.4593,https://drive.google.com/file/d/1dh2GOV35ZzgTJzTawZGvNVgdqNmZku1q/view?usp=drive_link,map_16.webp,,
R191,113k080,34.48397,131.45943,https://drive.google.com/file/d/1dh2GOV35ZzgTJzTawZGvNVgdqNmZku1q/view?usp=drive_link,map_16.webp,,
R191,113k100,34.48411,131.45956,https://drive.google.com/file/d/1dh2GOV35ZzgTJzTawZGvNVgdqNmZku1q/view?usp=drive_link,map_16.webp,3846,931
R191,113k120,34.48426,131.4597,https://drive.google.com/file/d/1dh2GOV35ZzgTJzTawZGvNVgdqNmZku1q/view?usp=drive_link,map_16.webp,,
R191,113k140,34.48439,131.45984,https://drive.google.com/file/d/1dh2GOV35ZzgTJzTawZGvNVgdqNmZku1q/view?usp=drive_link,map_16.webp,,
R191,113k160,34.48452,131.45999,https://drive.google.com/file/d/1dh2GOV35ZzgTJzTawZGvNVgdqNmZku1q/view?usp=drive_link,map_16.webp,,
R191,113k180,34.48463,131.46015,https://drive.google.com/file/d/1dh2GOV35ZzgTJzTawZGvNVgdqNmZku1q/view?usp=drive_link,map_16.webp,,
R191,113k200,34.48474,131.46032,https://drive.google.com/file/d/1dh2GOV35ZzgTJzTawZGvNVgdqNmZku1q/view?usp=drive_link,map_16.webp,,
R191,113k220,34.48484,131.4605,https://drive.google.com/file/d/1dh2GOV35ZzgTJzTawZGvNVgdqNmZku1q/view?usp=drive_link,map_16.webp,,
R191,113k240,34.48494,131.46069,https://drive.google.com/file/d/1dh2GOV35ZzgTJzTawZGvNVgdqNmZku1q/view?usp=drive_link,map_16.webp,,
R191,113k260,34.48503,131.46087,https://drive.google.com/file/d/1dh2GOV35ZzgTJzTawZGvNVgdqNmZku1q/view?usp=drive_link,map_16.webp,,
R191,113k280,34.48512,131.46106,https://drive.google.com/file/d/1dh2GOV35ZzgTJzTawZGvNVgdqNmZku1q/view?usp=drive_link,map_16.webp,,
R191,113k300,34.48522,131.46124,https://drive.google.com/file/d/1dh2GOV35ZzgTJzTawZGvNVgdqNmZku1q/view?usp=drive_link,map_16.webp,,
R191,113k320,34.48532,131.46142,https://drive.google.com/file/d/1dh2GOV35ZzgTJzTawZGvNVgdqNmZku1q/view?usp=drive_link,map_16.webp,,
R191,113k340,34.48544,131.46159,https://drive.google.com/file/d/1dh2GOV35ZzgTJzTawZGvNVgdqNmZku1q/view?usp=drive_link,map_16.webp,,
R191,113k360,34.48555,131.46175,https://drive.google.com/file/d/1dh2GOV35ZzgTJzTawZGvNVgdqNmZku1q/view?usp=drive_link,map_16.webp,,
R191,113k380,34.48568,131.4619,https://drive.google.com/file/d/1dh2GOV35ZzgTJzTawZGvNVgdqNmZku1q/view?usp=drive_link,map_16.webp,,
R191,113k400,34.48582,131.46205,https://drive.google.com/file/d/1dh2GOV35ZzgTJzTawZGvNVgdqNmZku1q/view?usp=drive_link,map_16.webp,5712,1077
R191,113k420,34.48597,131.46219,https://drive.google.com/file/d/1dh2GOV35ZzgTJzTawZGvNVgdqNmZku1q/view?usp=drive_link,map_16.webp,,
R191,113k440,34.48611,131.46232,https://drive.google.com/file/d/1dh2GOV35ZzgTJzTawZGvNVgdqNmZku1q/view?usp=drive_link,map_16.webp,,
R191,113k460,34.48627,131.46244,https://drive.google.com/file/d/1dh2GOV35ZzgTJzTawZGvNVgdqNmZku1q/view?usp=drive_link,map_16.webp,,
R191,113k480,34.48643,131.46254,https://drive.google.com/file/d/1dh2GOV35ZzgTJzTawZGvNVgdqNmZku1q/view?usp=drive_link,map_16.webp,,
R191,113k500,34.48658,131.46263,https://drive.google.com/file/d/1dh2GOV35ZzgTJzTawZGvNVgdqNmZku1q/view?usp=drive_link,map_16.webp,,
R191,113k520,34.48675,131.46272,https://drive.google.com/file/d/1dh2GOV35ZzgTJzTawZGvNVgdqNmZku1q/view?usp=drive_link,map_16.webp,,
R191,113k540,34.48692,131.46279,https://drive.google.com/file/d/1dh2GOV35ZzgTJzTawZGvNVgdqNmZku1q/view?usp=drive_link,map_16.webp,,
R191,113k560,34.48709,131.46286,https://drive.google.com/file/d/1dh2GOV35ZzgTJzTawZGvNVgdqNmZku1q/view?usp=drive_link,map_16.webp,,
R191,113k580,34.48727,131.46291,https://drive.google.com/file/d/1dh2GOV35ZzgTJzTawZGvNVgdqNmZku1q/view?usp=drive_link,map_16.webp,,
R191,113k600,34.48745,131.46296,https://drive.google.com/file/d/1dh2GOV35ZzgTJzTawZGvNVgdqNmZku1q/view?usp=drive_link,map_16.webp,,
R191,113k620,34.48762,131.46301,https://drive.google.com/file/d/1dh2GOV35ZzgTJzTawZGvNVgdqNmZku1q/view?usp=drive_link,map_16.webp,,
R191,113k640,34.4878,131.46304,https://drive.google.com/file/d/1dh2GOV35ZzgTJzTawZGvNVgdqNmZku1q/view?usp=drive_link,map_16.webp,,
R191,113k660,34.48798,131.46307,https://drive.google.com/file/d/1dh2GOV35ZzgTJzTawZGvNVgdqNmZku1q/view?usp=drive_link,map_16.webp,,
R191,113k680,34.48816,131.4631,https://drive.google.com/file/d/1dh2GOV35ZzgTJzTawZGvNVgdqNmZku1q/view?usp=drive_link,map_16.webp,,
R191,113k700,34.48834,131.46312,https://drive.google.com/file/d/1dh2GOV35ZzgTJzTawZGvNVgdqNmZku1q/view?usp=drive_link,map_16.webp,,
R191,113k720,34.48852,131.46314,https://drive.google.com/file/d/1YNc3xWZaR9AFSxORNpgqp1-oTx_wDjXh/view?usp=drive_link,map_17.webp,,
R191,113k740,34.4887,131.46315,https://drive.google.com/file/d/1YNc3xWZaR9AFSxORNpgqp1-oTx_wDjXh/view?usp=drive_link,map_17.webp,,
R191,113k760,34.48888,131.46316,https://drive.google.com/file/d/1YNc3xWZaR9AFSxORNpgqp1-oTx_wDjXh/view?usp=drive_link,map_17.webp,,
R191,113k780,34.48907,131.46317,https://drive.google.com/file/d/1YNc3xWZaR9AFSxORNpgqp1-oTx_wDjXh/view?usp=drive_link,map_17.webp,,
R191,113k800,34.48924,131.46318,https://drive.google.com/file/d/1YNc3xWZaR9AFSxORNpgqp1-oTx_wDjXh/view?usp=drive_link,map_17.webp,,
R191,113k820,34.48942,131.4632,https://drive.google.com/file/d/1YNc3xWZaR9AFSxORNpgqp1-oTx_wDjXh/view?usp=drive_link,map_17.webp,,
R191,113k840,34.4896,131.46321,https://drive.google.com/file/d/1YNc3xWZaR9AFSxORNpgqp1-oTx_wDjXh/view?usp=drive_link,map_17.webp,,
R191,113k860,34.48978,131.46324,https://drive.google.com/file/d/1YNc3xWZaR9AFSxORNpgqp1-oTx_wDjXh/view?usp=drive_link,map_17.webp,,
R191,113k880,34.48996,131.46327,https://drive.google.com/file/d/1YNc3xWZaR9AFSxORNpgqp1-oTx_wDjXh/view?usp=drive_link,map_17.webp,,
R191,113k900,34.49013,131.46331,https://drive.google.com/file/d/1YNc3xWZaR9AFSxORNpgqp1-oTx_wDjXh/view?usp=drive_link,map_17.webp,,
R191,113k920,34.49031,131.46337,https://drive.google.com/file/d/1YNc3xWZaR9AFSxORNpgqp1-oTx_wDjXh/view?usp=drive_link,map_17.webp,,
R191,113k940,34.49048,131.46344,https://drive.google.com/file/d/1YNc3xWZaR9AFSxORNpgqp1-oTx_wDjXh/view?usp=drive_link,map_17.webp,,
R191,113k960,34.49064,131.46352,https://drive.google.com/file/d/1YNc3xWZaR9AFSxORNpgqp1-oTx_wDjXh/view?usp=drive_link,map_17.webp,,
R191,113k980,34.49081,131.46361,https://drive.google.com/file/d/1YNc3xWZaR9AFSxORNpgqp1-oTx_wDjXh/view?usp=drive_link,map_17.webp,,
R191,114k000,34.49096,131.46372,https://drive.google.com/file/d/1YNc3xWZaR9AFSxORNpgqp1-oTx_wDjXh/view?usp=drive_link,map_17.webp,1931,570
R191,114k020,34.49111,131.46384,https://drive.google.com/file/d/1YNc3xWZaR9AFSxORNpgqp1-oTx_wDjXh/view?usp=drive_link,map_17.webp,,
R191,114k040,34.49125,131.46397,https://drive.google.com/file/d/1YNc3xWZaR9AFSxORNpgqp1-oTx_wDjXh/view?usp=drive_link,map_17.webp,,
R191,114k060,34.4914,131.46411,https://drive.google.com/file/d/1YNc3xWZaR9AFSxORNpgqp1-oTx_wDjXh/view?usp=drive_link,map_17.webp,,
R191,114k080,34.49153,131.46424,https://drive.google.com/file/d/1YNc3xWZaR9AFSxORNpgqp1-oTx_wDjXh/view?usp=drive_link,map_17.webp,,
R191,114k100,34.49166,131.46439,https://drive.google.com/file/d/1YNc3xWZaR9AFSxORNpgqp1-oTx_wDjXh/view?usp=drive_link,map_17.webp,,
R191,114k120,34.4918,131.46451,https://drive.google.com/file/d/1YNc3xWZaR9AFSxORNpgqp1-oTx_wDjXh/view?usp=drive_link,map_17.webp,,
R191,114k140,34.49194,131.46465,https://drive.google.com/file/d/1YNc3xWZaR9AFSxORNpgqp1-oTx_wDjXh/view?usp=drive_link,map_17.webp,,
R191,114k160,34.49208,131.46478,https://drive.google.com/file/d/1YNc3xWZaR9AFSxORNpgqp1-oTx_wDjXh/view?usp=drive_link,map_17.webp,,
R191,114k180,34.49223,131.46491,https://drive.google.com/file/d/1YNc3xWZaR9AFSxORNpgqp1-oTx_wDjXh/view?usp=drive_link,map_17.webp,,
R191,114k200,34.49238,131.46503,https://drive.google.com/file/d/1YNc3xWZaR9AFSxORNpgqp1-oTx_wDjXh/view?usp=drive_link,map_17.webp,,
R191,114k220,34.49253,131.46514,https://drive.google.com/file/d/1YNc3xWZaR9AFSxORNpgqp1-oTx_wDjXh/view?usp=drive_link,map_17.webp,,
R191,114k240,34.49269,131.46524,https://drive.google.com/file/d/1YNc3xWZaR9AFSxORNpgqp1-oTx_wDjXh/view?usp=drive_link,map_17.webp,,
R191,114k260,34.49285,131.46534,https://drive.google.com/file/d/1YNc3xWZaR9AFSxORNpgqp1-oTx_wDjXh/view?usp=drive_link,map_17.webp,,
R191,114k280,34.49302,131.46543,https://drive.google.com/file/d/1YNc3xWZaR9AFSxORNpgqp1-oTx_wDjXh/view?usp=drive_link,map_17.webp,,
R191,114k300,34.49318,131.46551,https://drive.google.com/file/d/1YNc3xWZaR9AFSxORNpgqp1-oTx_wDjXh/view?usp=drive_link,map_17.webp,3597,1405
R191,114k320,34.49336,131.46559,https://drive.google.com/file/d/1YNc3xWZaR9AFSxORNpgqp1-oTx_wDjXh/view?usp=drive_link,map_17.webp,,
R191,114k340,34.49353,131.46566,https://drive.google.com/file/d/1YNc3xWZaR9AFSxORNpgqp1-oTx_wDjXh/view?usp=drive_link,map_17.webp,,
R191,114k360,34.4937,131.46574,https://drive.google.com/file/d/1YNc3xWZaR9AFSxORNpgqp1-oTx_wDjXh/view?usp=drive_link,map_17.webp,,
R191,114k380,34.49387,131.46581,https://drive.google.com/file/d/1YNc3xWZaR9AFSxORNpgqp1-oTx_wDjXh/view?usp=drive_link,map_17.webp,,
R191,114k400,34.49404,131.46589,https://drive.google.com/file/d/1YNc3xWZaR9AFSxORNpgqp1-oTx_wDjXh/view?usp=drive_link,map_17.webp,,
R191,114k420,34.49421,131.46596,https://drive.google.com/file/d/1YNc3xWZaR9AFSxORNpgqp1-oTx_wDjXh/view?usp=drive_link,map_17.webp,,
R191,114k440,34.49437,131.46604,https://drive.google.com/file/d/1YNc3xWZaR9AFSxORNpgqp1-oTx_wDjXh/view?usp=drive_link,map_17.webp,,
R191,114k460,34.49454,131.46613,https://drive.google.com/file/d/1YNc3xWZaR9AFSxORNpgqp1-oTx_wDjXh/view?usp=drive_link,map_17.webp,,
R191,114k480,34.4947,131.46624,https://drive.google.com/file/d/1YNc3xWZaR9AFSxORNpgqp1-oTx_wDjXh/view?usp=drive_link,map_17.webp,,
R191,114k500,34.49484,131.46635,https://drive.google.com/file/d/1YNc3xWZaR9AFSxORNpgqp1-oTx_wDjXh/view?usp=drive_link,map_17.webp,,
R191,114k520,34.49498,131.46649,https://drive.google.com/file/d/1YNc3xWZaR9AFSxORNpgqp1-oTx_wDjXh/view?usp=drive_link,map_17.webp,,
R191,114k540,34.49511,131.46663,https://drive.google.com/file/d/1YNc3xWZaR9AFSxORNpgqp1-oTx_wDjXh/view?usp=drive_link,map_17.webp,,
R191,114k560,34.49524,131.46678,https://drive.google.com/file/d/1YNc3xWZaR9AFSxORNpgqp1-oTx_wDjXh/view?usp=drive_link,map_17.webp,,
R191,114k580,34.49537,131.46693,https://drive.google.com/file/d/1YNc3xWZaR9AFSxORNpgqp1-oTx_wDjXh/view?usp=drive_link,map_17.webp,,
R191,114k600,34.4955,131.46708,https://drive.google.com/file/d/1YNc3xWZaR9AFSxORNpgqp1-oTx_wDjXh/view?usp=drive_link,map_17.webp,5313,2103
R191,114k620,34.49562,131.46723,https://drive.google.com/file/d/1YNc3xWZaR9AFSxORNpgqp1-oTx_wDjXh/view?usp=drive_link,map_17.webp,,
R191,114k640,34.49575,131.46738,https://drive.google.com/file/d/1YNc3xWZaR9AFSxORNpgqp1-oTx_wDjXh/view?usp=drive_link,map_17.webp,,
R191,114k660,34.49589,131.46753,https://drive.google.com/file/d/1YNc3xWZaR9AFSxORNpgqp1-oTx_wDjXh/view?usp=drive_link,map_17.webp,,
R191,114k680,34.49603,131.46767,https://drive.google.com/file/d/1YNc3xWZaR9AFSxORNpgqp1-oTx_wDjXh/view?usp=drive_link,map_17.webp,,
R191,114k700,34.49617,131.4678,https://drive.google.com/file/d/1YNc3xWZaR9AFSxORNpgqp1-oTx_wDjXh/view?usp=drive_link,map_17.webp,,
R191,114k720,34.49632,131.46793,https://drive.google.com/file/d/1YNc3xWZaR9AFSxORNpgqp1-oTx_wDjXh/view?usp=drive_link,map_17.webp,,
R191,114k740,34.49646,131.46806,https://drive.google.com/file/d/1YNc3xWZaR9AFSxORNpgqp1-oTx_wDjXh/view?usp=drive_link,map_17.webp,,
R191,114k760,34.49661,131.46819,https://drive.google.com/file/d/1YNc3xWZaR9AFSxORNpgqp1-oTx_wDjXh/view?usp=drive_link,map_17.webp,,
R191,114k780,34.49676,131.46831,https://drive.google.com/file/d/1YNc3xWZaR9AFSxORNpgqp1-oTx_wDjXh/view?usp=drive_link,map_17.webp,,
R191,114k800,34.49692,131.46842,https://drive.google.com/file/d/1YNc3xWZaR9AFSxORNpgqp1-oTx_wDjXh/view?usp=drive_link,map_17.webp,,
R191,114k820,34.49707,131.46854,https://drive.google.com/file/d/1YNc3xWZaR9AFSxORNpgqp1-oTx_wDjXh/view?usp=drive_link,map_17.webp,,
R191,114k840,34.49723,131.46864,https://drive.google.com/file/d/1YNc3xWZaR9AFSxORNpgqp1-oTx_wDjXh/view?usp=drive_link,map_17.webp,,
R191,114k860,34.49739,131.46874,https://drive.google.com/file/d/1YNc3xWZaR9AFSxORNpgqp1-oTx_wDjXh/view?usp=drive_link,map_17.webp,,
R191,114k880,34.49756,131.46883,https://drive.google.com/file/d/1YNc3xWZaR9AFSxORNpgqp1-oTx_wDjXh/view?usp=drive_link,map_17.webp,,
R191,114k900,34.49773,131.46892,https://drive.google.com/file/d/1YNc3xWZaR9AFSxORNpgqp1-oTx_wDjXh/view?usp=drive_link,map_17.webp,,
R191,114k920,34.4979,131.46899,https://drive.google.com/file/d/1Q_Rlf5cTr3XLwTWk0WuWGjD2ntv2Wjnv/view?usp=drive_link,map_18.webp,,
R191,114k940,34.49807,131.46906,https://drive.google.com/file/d/1Q_Rlf5cTr3XLwTWk0WuWGjD2ntv2Wjnv/view?usp=drive_link,map_18.webp,,
R191,114k960,34.49824,131.46911,https://drive.google.com/file/d/1Q_Rlf5cTr3XLwTWk0WuWGjD2ntv2Wjnv/view?usp=drive_link,map_18.webp,,
R191,114k980,34.49842,131.46915,https://drive.google.com/file/d/1Q_Rlf5cTr3XLwTWk0WuWGjD2ntv2Wjnv/view?usp=drive_link,map_18.webp,,
R191,115k000,34.4986,131.46919,https://drive.google.com/file/d/1Q_Rlf5cTr3XLwTWk0WuWGjD2ntv2Wjnv/view?usp=drive_link,map_18.webp,,
R191,115k020,34.49878,131.46922,https://drive.google.com/file/d/1Q_Rlf5cTr3XLwTWk0WuWGjD2ntv2Wjnv/view?usp=drive_link,map_18.webp,,
R191,115k040,34.49896,131.46925,https://drive.google.com/file/d/1Q_Rlf5cTr3XLwTWk0WuWGjD2ntv2Wjnv/view?usp=drive_link,map_18.webp,,
R191,115k060,34.49914,131.46928,https://drive.google.com/file/d/1Q_Rlf5cTr3XLwTWk0WuWGjD2ntv2Wjnv/view?usp=drive_link,map_18.webp,,
R191,115k080,34.49931,131.46931,https://drive.google.com/file/d/1Q_Rlf5cTr3XLwTWk0WuWGjD2ntv2Wjnv/view?usp=drive_link,map_18.webp,,
R191,115k100,34.49949,131.46935,https://drive.google.com/file/d/1Q_Rlf5cTr3XLwTWk0WuWGjD2ntv2Wjnv/view?usp=drive_link,map_18.webp,,
R191,115k120,34.49966,131.46938,https://drive.google.com/file/d/1Q_Rlf5cTr3XLwTWk0WuWGjD2ntv2Wjnv/view?usp=drive_link,map_18.webp,,
R191,115k140,34.49984,131.46941,https://drive.google.com/file/d/1Q_Rlf5cTr3XLwTWk0WuWGjD2ntv2Wjnv/view?usp=drive_link,map_18.webp,,
R191,115k160,34.50001,131.46945,https://drive.google.com/file/d/1Q_Rlf5cTr3XLwTWk0WuWGjD2ntv2Wjnv/view?usp=drive_link,map_18.webp,,
R191,115k180,34.50019,131.4695,https://drive.google.com/file/d/1Q_Rlf5cTr3XLwTWk0WuWGjD2ntv2Wjnv/view?usp=drive_link,map_18.webp,,
R191,115k200,34.50036,131.46956,https://drive.google.com/file/d/1Q_Rlf5cTr3XLwTWk0WuWGjD2ntv2Wjnv/view?usp=drive_link,map_18.webp,1967,485
R191,115k220,34.50053,131.46963,https://drive.google.com/file/d/1Q_Rlf5cTr3XLwTWk0WuWGjD2ntv2Wjnv/view?usp=drive_link,map_18.webp,,
R191,115k240,34.5007,131.46972,https://drive.google.com/file/d/1Q_Rlf5cTr3XLwTWk0WuWGjD2ntv2Wjnv/view?usp=drive_link,map_18.webp,,
R191,115k260,34.50085,131.46982,https://drive.google.com/file/d/1Q_Rlf5cTr3XLwTWk0WuWGjD2ntv2Wjnv/view?usp=drive_link,map_18.webp,,
R191,115k280,34.50101,131.46993,https://drive.google.com/file/d/1Q_Rlf5cTr3XLwTWk0WuWGjD2ntv2Wjnv/view?usp=drive_link,map_18.webp,,
R191,115k300,34.50116,131.47006,https://drive.google.com/file/d/1Q_Rlf5cTr3XLwTWk0WuWGjD2ntv2Wjnv/view?usp=drive_link,map_18.webp,,
R191,115k320,34.50129,131.47019,https://drive.google.com/file/d/1Q_Rlf5cTr3XLwTWk0WuWGjD2ntv2Wjnv/view?usp=drive_link,map_18.webp,,
R191,115k340,34.50142,131.47035,https://drive.google.com/file/d/1Q_Rlf5cTr3XLwTWk0WuWGjD2ntv2Wjnv/view?usp=drive_link,map_18.webp,,
R191,115k360,34.50155,131.47051,https://drive.google.com/file/d/1Q_Rlf5cTr3XLwTWk0WuWGjD2ntv2Wjnv/view?usp=drive_link,map_18.webp,,
R191,115k380,34.50167,131.47067,https://drive.google.com/file/d/1Q_Rlf5cTr3XLwTWk0WuWGjD2ntv2Wjnv/view?usp=drive_link,map_18.webp,,
R191,115k400,34.50178,131.47083,https://drive.google.com/file/d/1Q_Rlf5cTr3XLwTWk0WuWGjD2ntv2Wjnv/view?usp=drive_link,map_18.webp,,
R191,115k420,34.5019,131.47099,https://drive.google.com/file/d/1Q_Rlf5cTr3XLwTWk0WuWGjD2ntv2Wjnv/view?usp=drive_link,map_18.webp,,
R191,115k440,34.50201,131.47116,https://drive.google.com/file/d/1Q_Rlf5cTr3XLwTWk0WuWGjD2ntv2Wjnv/view?usp=drive_link,map_18.webp,,
R191,115k460,34.50214,131.47131,https://drive.google.com/file/d/1Q_Rlf5cTr3XLwTWk0WuWGjD2ntv2Wjnv/view?usp=drive_link,map_18.webp,,
R191,115k480,34.50228,131.47146,https://drive.google.com/file/d/1Q_Rlf5cTr3XLwTWk0WuWGjD2ntv2Wjnv/view?usp=drive_link,map_18.webp,,
R191,115k500,34.50242,131.47159,https://drive.google.com/file/d/1Q_Rlf5cTr3XLwTWk0WuWGjD2ntv2Wjnv/view?usp=drive_link,map_18.webp,3582,1398
R191,115k520,34.50256,131.47173,https://drive.google.com/file/d/1Q_Rlf5cTr3XLwTWk0WuWGjD2ntv2Wjnv/view?usp=drive_link,map_18.webp,,
R191,115k540,34.5027,131.47186,https://drive.google.com/file/d/1Q_Rlf5cTr3XLwTWk0WuWGjD2ntv2Wjnv/view?usp=drive_link,map_18.webp,,
R191,115k560,34.50284,131.472,https://drive.google.com/file/d/1Q_Rlf5cTr3XLwTWk0WuWGjD2ntv2Wjnv/view?usp=drive_link,map_18.webp,,
R191,115k580,34.50298,131.47213,https://drive.google.com/file/d/1Q_Rlf5cTr3XLwTWk0WuWGjD2ntv2Wjnv/view?usp=drive_link,map_18.webp,,
R191,115k600,34.50311,131.47229,https://drive.google.com/file/d/1Q_Rlf5cTr3XLwTWk0WuWGjD2ntv2Wjnv/view?usp=drive_link,map_18.webp,,
R191,115k620,34.50323,131.47245,https://drive.google.com/file/d/1Q_Rlf5cTr3XLwTWk0WuWGjD2ntv2Wjnv/view?usp=drive_link,map_18.webp,,
R191,115k640,34.50334,131.47262,https://drive.google.com/file/d/1Q_Rlf5cTr3XLwTWk0WuWGjD2ntv2Wjnv/view?usp=drive_link,map_18.webp,,
R191,115k660,34.50345,131.4728,https://drive.google.com/file/d/1Q_Rlf5cTr3XLwTWk0WuWGjD2ntv2Wjnv/view?usp=drive_link,map_18.webp,,
R191,115k680,34.50354,131.47299,https://drive.google.com/file/d/1Q_Rlf5cTr3XLwTWk0WuWGjD2ntv2Wjnv/view?usp=drive_link,map_18.webp,,
R191,115k700,34.50363,131.47318,https://drive.google.com/file/d/1Q_Rlf5cTr3XLwTWk0WuWGjD2ntv2Wjnv/view?usp=drive_link,map_18.webp,,
R191,115k720,34.50372,131.47337,https://drive.google.com/file/d/1Q_Rlf5cTr3XLwTWk0WuWGjD2ntv2Wjnv/view?usp=drive_link,map_18.webp,,
R191,115k740,34.50382,131.47355,https://drive.google.com/file/d/1Q_Rlf5cTr3XLwTWk0WuWGjD2ntv2Wjnv/view?usp=drive_link,map_18.webp,,
R191,115k760,34.50392,131.47373,https://drive.google.com/file/d/1Q_Rlf5cTr3XLwTWk0WuWGjD2ntv2Wjnv/view?usp=drive_link,map_18.webp,,
R191,115k780,34.50402,131.47391,https://drive.google.com/file/d/1Q_Rlf5cTr3XLwTWk0WuWGjD2ntv2Wjnv/view?usp=drive_link,map_18.webp,,
R191,115k800,34.50413,131.47409,https://drive.google.com/file/d/1Q_Rlf5cTr3XLwTWk0WuWGjD2ntv2Wjnv/view?usp=drive_link,map_18.webp,5008,2619
R191,115k820,34.50422,131.47424,https://drive.google.com/file/d/1Q_Rlf5cTr3XLwTWk0WuWGjD2ntv2Wjnv/view?usp=drive_link,map_18.webp,,
R191,115k840,34.50433,131.47441,https://drive.google.com/file/d/1Q_Rlf5cTr3XLwTWk0WuWGjD2ntv2Wjnv/view?usp=drive_link,map_18.webp,,
R191,115k860,34.50445,131.47458,https://drive.google.com/file/d/1Q_Rlf5cTr3XLwTWk0WuWGjD2ntv2Wjnv/view?usp=drive_link,map_18.webp,,
R191,115k880,34.50456,131.47475,https://drive.google.com/file/d/1Q_Rlf5cTr3XLwTWk0WuWGjD2ntv2Wjnv/view?usp=drive_link,map_18.webp,,
R191,115k900,34.50468,131.47492,https://drive.google.com/file/d/1Q_Rlf5cTr3XLwTWk0WuWGjD2ntv2Wjnv/view?usp=drive_link,map_18.webp,,
R191,115k920,34.50479,131.47509,https://drive.google.com/file/d/1Q_Rlf5cTr3XLwTWk0WuWGjD2ntv2Wjnv/view?usp=drive_link,map_18.webp,,
R191,115k940,34.5049,131.47526,https://drive.google.com/file/d/1Q_Rlf5cTr3XLwTWk0WuWGjD2ntv2Wjnv/view?usp=drive_link,map_18.webp,,
R191,115k960,34.50502,131.47543,https://drive.google.com/file/d/1Q_Rlf5cTr3XLwTWk0WuWGjD2ntv2Wjnv/view?usp=drive_link,map_18.webp,,
R191,115k980,34.50513,131.4756,https://drive.google.com/file/d/1Q_Rlf5cTr3XLwTWk0WuWGjD2ntv2Wjnv/view?usp=drive_link,map_18.webp,,
R191,116k000,34.50521,131.47572,https://drive.google.com/file/d/1Q_Rlf5cTr3XLwTWk0WuWGjD2ntv2Wjnv/view?usp=drive_link,map_18.webp,,
R191,116k020,34.50532,131.47589,https://drive.google.com/file/d/1Q_Rlf5cTr3XLwTWk0WuWGjD2ntv2Wjnv/view?usp=drive_link,map_18.webp,,
R191,116k040,34.50544,131.47606,https://drive.google.com/file/d/1Q_Rlf5cTr3XLwTWk0WuWGjD2ntv2Wjnv/view?usp=drive_link,map_18.webp,,
R191,116k060,34.50555,131.47622,https://drive.google.com/file/d/1Q_Rlf5cTr3XLwTWk0WuWGjD2ntv2Wjnv/view?usp=drive_link,map_18.webp,,
R191,116k080,34.50567,131.47639,https://drive.google.com/file/d/1Q_Rlf5cTr3XLwTWk0WuWGjD2ntv2Wjnv/view?usp=drive_link,map_18.webp,,
R191,116k100,34.50582,131.47662,https://drive.google.com/file/d/1Q_Rlf5cTr3XLwTWk0WuWGjD2ntv2Wjnv/view?usp=drive_link,map_18.webp,,
R191,116k120,34.50593,131.47678,https://drive.google.com/file/d/1ef7agi9pCflstsDfgxREPWae-XIHVWt2/view?usp=drive_link,map_19.webp,,
R191,116k140,34.50605,131.47694,https://drive.google.com/file/d/1ef7agi9pCflstsDfgxREPWae-XIHVWt2/view?usp=drive_link,map_19.webp,,
R191,116k160,34.50617,131.47711,https://drive.google.com/file/d/1ef7agi9pCflstsDfgxREPWae-XIHVWt2/view?usp=drive_link,map_19.webp,,
R191,116k180,34.50628,131.47728,https://drive.google.com/file/d/1ef7agi9pCflstsDfgxREPWae-XIHVWt2/view?usp=drive_link,map_19.webp,,
R191,116k200,34.5064,131.47744,https://drive.google.com/file/d/1ef7agi9pCflstsDfgxREPWae-XIHVWt2/view?usp=drive_link,map_19.webp,700,2123
R191,116k220,34.50652,131.47761,https://drive.google.com/file/d/1ef7agi9pCflstsDfgxREPWae-XIHVWt2/view?usp=drive_link,map_19.webp,,
R191,116k240,34.50663,131.47777,https://drive.google.com/file/d/1ef7agi9pCflstsDfgxREPWae-XIHVWt2/view?usp=drive_link,map_19.webp,,
R191,116k260,34.50675,131.47794,https://drive.google.com/file/d/1ef7agi9pCflstsDfgxREPWae-XIHVWt2/view?usp=drive_link,map_19.webp,,
R191,116k280,34.50687,131.4781,https://drive.google.com/file/d/1ef7agi9pCflstsDfgxREPWae-XIHVWt2/view?usp=drive_link,map_19.webp,,
R191,116k300,34.50701,131.47829,https://drive.google.com/file/d/1ef7agi9pCflstsDfgxREPWae-XIHVWt2/view?usp=drive_link,map_19.webp,,
R191,116k320,34.50713,131.47844,https://drive.google.com/file/d/1ef7agi9pCflstsDfgxREPWae-XIHVWt2/view?usp=drive_link,map_19.webp,,
R191,116k340,34.50726,131.47859,https://drive.google.com/file/d/1ef7agi9pCflstsDfgxREPWae-XIHVWt2/view?usp=drive_link,map_19.webp,,
R191,116k360,34.5074,131.47874,https://drive.google.com/file/d/1ef7agi9pCflstsDfgxREPWae-XIHVWt2/view?usp=drive_link,map_19.webp,,
R191,116k380,34.50753,131.47888,https://drive.google.com/file/d/1ef7agi9pCflstsDfgxREPWae-XIHVWt2/view?usp=drive_link,map_19.webp,,
R191,116k400,34.50763,131.47898,https://drive.google.com/file/d/1ef7agi9pCflstsDfgxREPWae-XIHVWt2/view?usp=drive_link,map_19.webp,1939,2079
R191,116k420,34.50778,131.47912,https://drive.google.com/file/d/1ef7agi9pCflstsDfgxREPWae-XIHVWt2/view?usp=drive_link,map_19.webp,,
R191,116k440,34.50792,131.47925,https://drive.google.com/file/d/1ef7agi9pCflstsDfgxREPWae-XIHVWt2/view?usp=drive_link,map_19.webp,,
R191,116k460,34.50806,131.47938,https://drive.google.com/file/d/1ef7agi9pCflstsDfgxREPWae-XIHVWt2/view?usp=drive_link,map_19.webp,,
R191,116k480,34.50821,131.47951,https://drive.google.com/file/d/1ef7agi9pCflstsDfgxREPWae-XIHVWt2/view?usp=drive_link,map_19.webp,,
R191,116k500,34.5085195917,131.4797189528,https://drive.google.com/file/d/1ef7agi9pCflstsDfgxREPWae-XIHVWt2/view?usp=drive_link,map_19.webp,,
R191,116k520,34.50868,131.47981,https://drive.google.com/file/d/1ef7agi9pCflstsDfgxREPWae-XIHVWt2/view?usp=drive_link,map_19.webp,,
R191,116k540,34.50885,131.47989,https://drive.google.com/file/d/1ef7agi9pCflstsDfgxREPWae-XIHVWt2/view?usp=drive_link,map_19.webp,,
R191,116k560,34.50902,131.47997,https://drive.google.com/file/d/1ef7agi9pCflstsDfgxREPWae-XIHVWt2/view?usp=drive_link,map_19.webp,,
R191,116k580,34.50919,131.48004,https://drive.google.com/file/d/1ef7agi9pCflstsDfgxREPWae-XIHVWt2/view?usp=drive_link,map_19.webp,,
R191,116k600,34.50939,131.48013,https://drive.google.com/file/d/1ef7agi9pCflstsDfgxREPWae-XIHVWt2/view?usp=drive_link,map_19.webp,,
R191,116k620,34.50956,131.4802,https://drive.google.com/file/d/1ef7agi9pCflstsDfgxREPWae-XIHVWt2/view?usp=drive_link,map_19.webp,,
R191,116k640,34.50973,131.48027,https://drive.google.com/file/d/1ef7agi9pCflstsDfgxREPWae-XIHVWt2/view?usp=drive_link,map_19.webp,,
R191,116k660,34.5099,131.48035,https://drive.google.com/file/d/1ef7agi9pCflstsDfgxREPWae-XIHVWt2/view?usp=drive_link,map_19.webp,,
R191,116k680,34.51006,131.48045,https://drive.google.com/file/d/1ef7agi9pCflstsDfgxREPWae-XIHVWt2/view?usp=drive_link,map_19.webp,,
R191,116k700,34.51019,131.48053,https://drive.google.com/file/d/1ef7agi9pCflstsDfgxREPWae-XIHVWt2/view?usp=drive_link,map_19.webp,3801,1356
R191,116k720,34.51034,131.48065,https://drive.google.com/file/d/1ef7agi9pCflstsDfgxREPWae-XIHVWt2/view?usp=drive_link,map_19.webp,,
R191,116k740,34.51048,131.48078,https://drive.google.com/file/d/1ef7agi9pCflstsDfgxREPWae-XIHVWt2/view?usp=drive_link,map_19.webp,,
R191,116k760,34.51062,131.48092,https://drive.google.com/file/d/1ef7agi9pCflstsDfgxREPWae-XIHVWt2/view?usp=drive_link,map_19.webp,,
R191,116k780,34.51076,131.48106,https://drive.google.com/file/d/1ef7agi9pCflstsDfgxREPWae-XIHVWt2/view?usp=drive_link,map_19.webp,,
R191,116k800,34.51089,131.4812,https://drive.google.com/file/d/1ef7agi9pCflstsDfgxREPWae-XIHVWt2/view?usp=drive_link,map_19.webp,,
R191,116k820,34.51102,131.48135,https://drive.google.com/file/d/1ef7agi9pCflstsDfgxREPWae-XIHVWt2/view?usp=drive_link,map_19.webp,,
R191,116k840,34.51115,131.4815,https://drive.google.com/file/d/1ef7agi9pCflstsDfgxREPWae-XIHVWt2/view?usp=drive_link,map_19.webp,,
R191,116k860,34.51129,131.48165,https://drive.google.com/file/d/1ef7agi9pCflstsDfgxREPWae-XIHVWt2/view?usp=drive_link,map_19.webp,,
R191,116k880,34.51142,131.4818,https://drive.google.com/file/d/1ef7agi9pCflstsDfgxREPWae-XIHVWt2/view?usp=drive_link,map_19.webp,,
R191,116k900,34.51155,131.48195,https://drive.google.com/file/d/1ef7agi9pCflstsDfgxREPWae-XIHVWt2/view?usp=drive_link,map_19.webp,,
R191,116k920,34.51168,131.4821,https://drive.google.com/file/d/1ef7agi9pCflstsDfgxREPWae-XIHVWt2/view?usp=drive_link,map_19.webp,,
R191,116k940,34.51181,131.48224,https://drive.google.com/file/d/1ef7agi9pCflstsDfgxREPWae-XIHVWt2/view?usp=drive_link,map_19.webp,,
R191,116k960,34.51195,131.48239,https://drive.google.com/file/d/1ef7agi9pCflstsDfgxREPWae-XIHVWt2/view?usp=drive_link,map_19.webp,,
R191,116k980,34.51209,131.48252,https://drive.google.com/file/d/1ef7agi9pCflstsDfgxREPWae-XIHVWt2/view?usp=drive_link,map_19.webp,,
R191,117k000,34.51223,131.48267,https://drive.google.com/file/d/1ef7agi9pCflstsDfgxREPWae-XIHVWt2/view?usp=drive_link,map_19.webp,5677,1124
R191,117k020,34.51237,131.4828,https://drive.google.com/file/d/1ef7agi9pCflstsDfgxREPWae-XIHVWt2/view?usp=drive_link,map_19.webp,,
R191,117k040,34.51252,131.48292,https://drive.google.com/file/d/1ef7agi9pCflstsDfgxREPWae-XIHVWt2/view?usp=drive_link,map_19.webp,,
R191,117k060,34.51267,131.48304,https://drive.google.com/file/d/1ef7agi9pCflstsDfgxREPWae-XIHVWt2/view?usp=drive_link,map_19.webp,,
R191,117k080,34.51283,131.48316,https://drive.google.com/file/d/1ef7agi9pCflstsDfgxREPWae-XIHVWt2/view?usp=drive_link,map_19.webp,,
R191,117k100,34.51298,131.48327,https://drive.google.com/file/d/1ef7agi9pCflstsDfgxREPWae-XIHVWt2/view?usp=drive_link,map_19.webp,,
R191,117k120,34.51314,131.48337,https://drive.google.com/file/d/1ef7agi9pCflstsDfgxREPWae-XIHVWt2/view?usp=drive_link,map_19.webp,,
R191,117k140,34.5133,131.48347,https://drive.google.com/file/d/1ef7agi9pCflstsDfgxREPWae-XIHVWt2/view?usp=drive_link,map_19.webp,,
R191,117k160,34.51346,131.48357,https://drive.google.com/file/d/1ef7agi9pCflstsDfgxREPWae-XIHVWt2/view?usp=drive_link,map_19.webp,,
R191,117k180,34.51362,131.48367,https://drive.google.com/file/d/1ef7agi9pCflstsDfgxREPWae-XIHVWt2/view?usp=drive_link,map_19.webp,,
R191,117k200,34.51378,131.48376,https://drive.google.com/file/d/1ef7agi9pCflstsDfgxREPWae-XIHVWt2/view?usp=drive_link,map_19.webp,6870,744
R191,117k220,34.51394,131.48385,https://drive.google.com/file/d/1ef7agi9pCflstsDfgxREPWae-XIHVWt2/view?usp=drive_link,map_19.webp,,
R191,117k240,34.51411,131.48394,https://drive.google.com/file/d/1ef7agi9pCflstsDfgxREPWae-XIHVWt2/view?usp=drive_link,map_19.webp,,
R191,117k260,34.51427,131.48403,https://drive.google.com/file/d/1ef7agi9pCflstsDfgxREPWae-XIHVWt2/view?usp=drive_link,map_19.webp,,
R191,117k280,34.51444,131.48411,https://drive.google.com/file/d/1ef7agi9pCflstsDfgxREPWae-XIHVWt2/view?usp=drive_link,map_19.webp,,
R191,117k300,34.51463,131.48419,https://drive.google.com/file/d/1ef7agi9pCflstsDfgxREPWae-XIHVWt2/view?usp=drive_link,map_19.webp,,
R191,117k320,34.5148,131.48425,https://drive.google.com/file/d/13Qle3wliBWL42MNAtIzvkeDM1ogwJ-wt/view?usp=drive_link,map_20.webp,,
R191,117k340,34.51498,131.4843,https://drive.google.com/file/d/13Qle3wliBWL42MNAtIzvkeDM1ogwJ-wt/view?usp=drive_link,map_20.webp,,
R191,117k360,34.51515,131.48434,https://drive.google.com/file/d/13Qle3wliBWL42MNAtIzvkeDM1ogwJ-wt/view?usp=drive_link,map_20.webp,,
R191,117k380,34.51533,131.48437,https://drive.google.com/file/d/13Qle3wliBWL42MNAtIzvkeDM1ogwJ-wt/view?usp=drive_link,map_20.webp,,
R191,117k400,34.51551,131.48439,https://drive.google.com/file/d/13Qle3wliBWL42MNAtIzvkeDM1ogwJ-wt/view?usp=drive_link,map_20.webp,801,482
R191,117k420,34.51569,131.48441,https://drive.google.com/file/d/13Qle3wliBWL42MNAtIzvkeDM1ogwJ-wt/view?usp=drive_link,map_20.webp,,
R191,117k440,34.51587,131.48442,https://drive.google.com/file/d/13Qle3wliBWL42MNAtIzvkeDM1ogwJ-wt/view?usp=drive_link,map_20.webp,,
R191,117k460,34.51605,131.48442,https://drive.google.com/file/d/13Qle3wliBWL42MNAtIzvkeDM1ogwJ-wt/view?usp=drive_link,map_20.webp,,
R191,117k480,34.51623,131.48442,https://drive.google.com/file/d/13Qle3wliBWL42MNAtIzvkeDM1ogwJ-wt/view?usp=drive_link,map_20.webp,,
R191,117k500,34.51641,131.48443,https://drive.google.com/file/d/13Qle3wliBWL42MNAtIzvkeDM1ogwJ-wt/view?usp=drive_link,map_20.webp,,
R191,117k520,34.51659,131.48444,https://drive.google.com/file/d/13Qle3wliBWL42MNAtIzvkeDM1ogwJ-wt/view?usp=drive_link,map_20.webp,,
R191,117k540,34.51677,131.48446,https://drive.google.com/file/d/13Qle3wliBWL42MNAtIzvkeDM1ogwJ-wt/view?usp=drive_link,map_20.webp,,
R191,117k560,34.51695,131.48449,https://drive.google.com/file/d/13Qle3wliBWL42MNAtIzvkeDM1ogwJ-wt/view?usp=drive_link,map_20.webp,,
R191,117k580,34.51713,131.48453,https://drive.google.com/file/d/13Qle3wliBWL42MNAtIzvkeDM1ogwJ-wt/view?usp=drive_link,map_20.webp,,
R191,117k600,34.51731,131.48458,https://drive.google.com/file/d/13Qle3wliBWL42MNAtIzvkeDM1ogwJ-wt/view?usp=drive_link,map_20.webp,2067,488
R191,117k620,34.51748,131.48465,https://drive.google.com/file/d/13Qle3wliBWL42MNAtIzvkeDM1ogwJ-wt/view?usp=drive_link,map_20.webp,,
R191,117k640,34.51765,131.48472,https://drive.google.com/file/d/13Qle3wliBWL42MNAtIzvkeDM1ogwJ-wt/view?usp=drive_link,map_20.webp,,
R191,117k660,34.51782,131.48479,https://drive.google.com/file/d/13Qle3wliBWL42MNAtIzvkeDM1ogwJ-wt/view?usp=drive_link,map_20.webp,,
R191,117k680,34.51799,131.48487,https://drive.google.com/file/d/13Qle3wliBWL42MNAtIzvkeDM1ogwJ-wt/view?usp=drive_link,map_20.webp,,
R191,117k700,34.51816,131.48494,https://drive.google.com/file/d/13Qle3wliBWL42MNAtIzvkeDM1ogwJ-wt/view?usp=drive_link,map_20.webp,,
R191,117k720,34.51832,131.48502,https://drive.google.com/file/d/13Qle3wliBWL42MNAtIzvkeDM1ogwJ-wt/view?usp=drive_link,map_20.webp,,
R191,117k740,34.5185,131.48509,https://drive.google.com/file/d/13Qle3wliBWL42MNAtIzvkeDM1ogwJ-wt/view?usp=drive_link,map_20.webp,,
R191,117k760,34.51867,131.48515,https://drive.google.com/file/d/13Qle3wliBWL42MNAtIzvkeDM1ogwJ-wt/view?usp=drive_link,map_20.webp,,
R191,117k780,34.51884,131.48521,https://drive.google.com/file/d/13Qle3wliBWL42MNAtIzvkeDM1ogwJ-wt/view?usp=drive_link,map_20.webp,,
R191,117k800,34.51902,131.48527,https://drive.google.com/file/d/13Qle3wliBWL42MNAtIzvkeDM1ogwJ-wt/view?usp=drive_link,map_20.webp,,
R191,117k820,34.51919,131.48532,https://drive.google.com/file/d/13Qle3wliBWL42MNAtIzvkeDM1ogwJ-wt/view?usp=drive_link,map_20.webp,,
R191,117k840,34.51936,131.48536,https://drive.google.com/file/d/13Qle3wliBWL42MNAtIzvkeDM1ogwJ-wt/view?usp=drive_link,map_20.webp,,
R191,117k860,34.51954,131.48541,https://drive.google.com/file/d/13Qle3wliBWL42MNAtIzvkeDM1ogwJ-wt/view?usp=drive_link,map_20.webp,,
R191,117k880,34.51971,131.48546,https://drive.google.com/file/d/13Qle3wliBWL42MNAtIzvkeDM1ogwJ-wt/view?usp=drive_link,map_20.webp,,
R191,117k900,34.51989,131.48551,https://drive.google.com/file/d/13Qle3wliBWL42MNAtIzvkeDM1ogwJ-wt/view?usp=drive_link,map_20.webp,3902,875
R191,117k920,34.52006,131.48556,https://drive.google.com/file/d/13Qle3wliBWL42MNAtIzvkeDM1ogwJ-wt/view?usp=drive_link,map_20.webp,,
R191,117k940,34.52024,131.48561,https://drive.google.com/file/d/13Qle3wliBWL42MNAtIzvkeDM1ogwJ-wt/view?usp=drive_link,map_20.webp,,
R191,117k960,34.52042,131.48566,https://drive.google.com/file/d/13Qle3wliBWL42MNAtIzvkeDM1ogwJ-wt/view?usp=drive_link,map_20.webp,,
R191,117k980,34.52059,131.48571,https://drive.google.com/file/d/13Qle3wliBWL42MNAtIzvkeDM1ogwJ-wt/view?usp=drive_link,map_20.webp,,
R191,118k000,34.52077,131.48576,https://drive.google.com/file/d/13Qle3wliBWL42MNAtIzvkeDM1ogwJ-wt/view?usp=drive_link,map_20.webp,,
R191,118k020,34.52094,131.48581,https://drive.google.com/file/d/13Qle3wliBWL42MNAtIzvkeDM1ogwJ-wt/view?usp=drive_link,map_20.webp,,
R191,118k040,34.52111,131.48587,https://drive.google.com/file/d/13Qle3wliBWL42MNAtIzvkeDM1ogwJ-wt/view?usp=drive_link,map_20.webp,,
R191,118k060,34.52129,131.48594,https://drive.google.com/file/d/13Qle3wliBWL42MNAtIzvkeDM1ogwJ-wt/view?usp=drive_link,map_20.webp,,
R191,118k080,34.52145,131.48602,https://drive.google.com/file/d/13Qle3wliBWL42MNAtIzvkeDM1ogwJ-wt/view?usp=drive_link,map_20.webp,,
R191,118k100,34.52162,131.48611,https://drive.google.com/file/d/13Qle3wliBWL42MNAtIzvkeDM1ogwJ-wt/view?usp=drive_link,map_20.webp,,
R191,118k120,34.52178,131.4862,https://drive.google.com/file/d/13Qle3wliBWL42MNAtIzvkeDM1ogwJ-wt/view?usp=drive_link,map_20.webp,,
R191,118k140,34.52194,131.48631,https://drive.google.com/file/d/13Qle3wliBWL42MNAtIzvkeDM1ogwJ-wt/view?usp=drive_link,map_20.webp,,
R191,118k160,34.5221,131.48641,https://drive.google.com/file/d/13Qle3wliBWL42MNAtIzvkeDM1ogwJ-wt/view?usp=drive_link,map_20.webp,,
R191,118k180,34.52225,131.48652,https://drive.google.com/file/d/13Qle3wliBWL42MNAtIzvkeDM1ogwJ-wt/view?usp=drive_link,map_20.webp,,
R191,118k200,34.52241,131.48663,https://drive.google.com/file/d/13Qle3wliBWL42MNAtIzvkeDM1ogwJ-wt/view?usp=drive_link,map_20.webp,5713,1379
R191,118k220,34.52256,131.48676,https://drive.google.com/file/d/13Qle3wliBWL42MNAtIzvkeDM1ogwJ-wt/view?usp=drive_link,map_20.webp,,
R191,118k240,34.52271,131.48687,https://drive.google.com/file/d/13Qle3wliBWL42MNAtIzvkeDM1ogwJ-wt/view?usp=drive_link,map_20.webp,,
R191,118k260,34.52287,131.48699,https://drive.google.com/file/d/13Qle3wliBWL42MNAtIzvkeDM1ogwJ-wt/view?usp=drive_link,map_20.webp,,
R191,118k280,34.52302,131.4871,https://drive.google.com/file/d/13Qle3wliBWL42MNAtIzvkeDM1ogwJ-wt/view?usp=drive_link,map_20.webp,,
R191,118k300,34.52317,131.48722,https://drive.google.com/file/d/13Qle3wliBWL42MNAtIzvkeDM1ogwJ-wt/view?usp=drive_link,map_20.webp,,
R191,118k320,34.52332,131.48734,https://drive.google.com/file/d/13Qle3wliBWL42MNAtIzvkeDM1ogwJ-wt/view?usp=drive_link,map_20.webp,,
R191,118k340,34.52347,131.48745,https://drive.google.com/file/d/13Qle3wliBWL42MNAtIzvkeDM1ogwJ-wt/view?usp=drive_link,map_20.webp,,
R191,118k360,34.52363,131.48757,https://drive.google.com/file/d/13Qle3wliBWL42MNAtIzvkeDM1ogwJ-wt/view?usp=drive_link,map_20.webp,,
R191,118k380,34.52378,131.48768,https://drive.google.com/file/d/13Qle3wliBWL42MNAtIzvkeDM1ogwJ-wt/view?usp=drive_link,map_20.webp,,
R191,118k400,34.52393,131.4878,https://drive.google.com/file/d/13Qle3wliBWL42MNAtIzvkeDM1ogwJ-wt/view?usp=drive_link,map_20.webp,6828,1965
R191,118k420,34.52408,131.48791,https://drive.google.com/file/d/13Qle3wliBWL42MNAtIzvkeDM1ogwJ-wt/view?usp=drive_link,map_20.webp,,
R191,118k440,34.52423,131.48803,https://drive.google.com/file/d/13Qle3wliBWL42MNAtIzvkeDM1ogwJ-wt/view?usp=drive_link,map_20.webp,,
R191,118k460,34.52438,131.48815,https://drive.google.com/file/d/13Qle3wliBWL42MNAtIzvkeDM1ogwJ-wt/view?usp=drive_link,map_20.webp,,
R191,118k480,34.52453,131.48828,https://drive.google.com/file/d/13Qle3wliBWL42MNAtIzvkeDM1ogwJ-wt/view?usp=drive_link,map_20.webp,,
R191,118k500,34.52467,131.48841,https://drive.google.com/file/d/13Qle3wliBWL42MNAtIzvkeDM1ogwJ-wt/view?usp=drive_link,map_20.webp,,
R191,118k520,34.52482,131.48856,https://drive.google.com/file/d/1rNaNk8X-7z4S0kVZAkfs0CsAu1HXtKIn/view?usp=drive_link,map_21.webp,,
R191,118k540,34.52495,131.4887,https://drive.google.com/file/d/1rNaNk8X-7z4S0kVZAkfs0CsAu1HXtKIn/view?usp=drive_link,map_21.webp,,
R191,118k560,34.52508,131.48885,https://drive.google.com/file/d/1rNaNk8X-7z4S0kVZAkfs0CsAu1HXtKIn/view?usp=drive_link,map_21.webp,,
R191,118k580,34.52521,131.48901,https://drive.google.com/file/d/1rNaNk8X-7z4S0kVZAkfs0CsAu1HXtKIn/view?usp=drive_link,map_21.webp,,
R191,118k600,34.52533,131.48917,https://drive.google.com/file/d/1rNaNk8X-7z4S0kVZAkfs0CsAu1HXtKIn/view?usp=drive_link,map_21.webp,777,495
R191,118k620,34.52545,131.48933,https://drive.google.com/file/d/1rNaNk8X-7z4S0kVZAkfs0CsAu1HXtKIn/view?usp=drive_link,map_21.webp,,
R191,118k640,34.52556,131.4895,https://drive.google.com/file/d/1rNaNk8X-7z4S0kVZAkfs0CsAu1HXtKIn/view?usp=drive_link,map_21.webp,,
R191,118k660,34.52567,131.48967,https://drive.google.com/file/d/1rNaNk8X-7z4S0kVZAkfs0CsAu1HXtKIn/view?usp=drive_link,map_21.webp,,
R191,118k680,34.52578,131.48984,https://drive.google.com/file/d/1rNaNk8X-7z4S0kVZAkfs0CsAu1HXtKIn/view?usp=drive_link,map_21.webp,,
R191,118k700,34.52589,131.49002,https://drive.google.com/file/d/1rNaNk8X-7z4S0kVZAkfs0CsAu1HXtKIn/view?usp=drive_link,map_21.webp,,
R191,118k720,34.526,131.4902,https://drive.google.com/file/d/1rNaNk8X-7z4S0kVZAkfs0CsAu1HXtKIn/view?usp=drive_link,map_21.webp,,
R191,118k740,34.52611,131.49037,https://drive.google.com/file/d/1rNaNk8X-7z4S0kVZAkfs0CsAu1HXtKIn/view?usp=drive_link,map_21.webp,,
R191,118k760,34.52621,131.49055,https://drive.google.com/file/d/1rNaNk8X-7z4S0kVZAkfs0CsAu1HXtKIn/view?usp=drive_link,map_21.webp,,
R191,118k780,34.52632,131.49073,https://drive.google.com/file/d/1rNaNk8X-7z4S0kVZAkfs0CsAu1HXtKIn/view?usp=drive_link,map_21.webp,,
R191,118k800,34.52643,131.4909,https://drive.google.com/file/d/1rNaNk8X-7z4S0kVZAkfs0CsAu1HXtKIn/view?usp=drive_link,map_21.webp,,
R191,118k820,34.52656,131.49109,https://drive.google.com/file/d/1rNaNk8X-7z4S0kVZAkfs0CsAu1HXtKIn/view?usp=drive_link,map_21.webp,,
R191,118k840,34.52666,131.49126,https://drive.google.com/file/d/1rNaNk8X-7z4S0kVZAkfs0CsAu1HXtKIn/view?usp=drive_link,map_21.webp,,
R191,118k860,34.52677,131.49144,https://drive.google.com/file/d/1rNaNk8X-7z4S0kVZAkfs0CsAu1HXtKIn/view?usp=drive_link,map_21.webp,,
R191,118k880,34.52687,131.49162,https://drive.google.com/file/d/1rNaNk8X-7z4S0kVZAkfs0CsAu1HXtKIn/view?usp=drive_link,map_21.webp,,
R191,118k900,34.52701,131.49184,https://drive.google.com/file/d/1rNaNk8X-7z4S0kVZAkfs0CsAu1HXtKIn/view?usp=drive_link,map_21.webp,,
R191,118k920,34.52711,131.49201,https://drive.google.com/file/d/1rNaNk8X-7z4S0kVZAkfs0CsAu1HXtKIn/view?usp=drive_link,map_21.webp,,
R191,118k940,34.52722,131.49219,https://drive.google.com/file/d/1rNaNk8X-7z4S0kVZAkfs0CsAu1HXtKIn/view?usp=drive_link,map_21.webp,,
R191,118k960,34.52732,131.49237,https://drive.google.com/file/d/1rNaNk8X-7z4S0kVZAkfs0CsAu1HXtKIn/view?usp=drive_link,map_21.webp,,
R191,119k000,34.52742,131.49253,https://drive.google.com/file/d/1rNaNk8X-7z4S0kVZAkfs0CsAu1HXtKIn/view?usp=drive_link,map_21.webp,,
R191,119k020,34.52753,131.49271,https://drive.google.com/file/d/1rNaNk8X-7z4S0kVZAkfs0CsAu1HXtKIn/view?usp=drive_link,map_21.webp,,
R191,119k040,34.52763,131.49288,https://drive.google.com/file/d/1rNaNk8X-7z4S0kVZAkfs0CsAu1HXtKIn/view?usp=drive_link,map_21.webp,,
R191,119k060,34.52774,131.49306,https://drive.google.com/file/d/1rNaNk8X-7z4S0kVZAkfs0CsAu1HXtKIn/view?usp=drive_link,map_21.webp,,
R191,119k080,34.52785,131.49323,https://drive.google.com/file/d/1rNaNk8X-7z4S0kVZAkfs0CsAu1HXtKIn/view?usp=drive_link,map_21.webp,,
R191,119k100,34.52795,131.49341,https://drive.google.com/file/d/1rNaNk8X-7z4S0kVZAkfs0CsAu1HXtKIn/view?usp=drive_link,map_21.webp,3820,556
R191,119k120,34.52806,131.49359,https://drive.google.com/file/d/1rNaNk8X-7z4S0kVZAkfs0CsAu1HXtKIn/view?usp=drive_link,map_21.webp,,
R191,119k140,34.52815,131.49377,https://drive.google.com/file/d/1rNaNk8X-7z4S0kVZAkfs0CsAu1HXtKIn/view?usp=drive_link,map_21.webp,,
R191,119k160,34.52825,131.49396,https://drive.google.com/file/d/1rNaNk8X-7z4S0kVZAkfs0CsAu1HXtKIn/view?usp=drive_link,map_21.webp,,
R191,119k180,34.52835,131.49414,https://drive.google.com/file/d/1rNaNk8X-7z4S0kVZAkfs0CsAu1HXtKIn/view?usp=drive_link,map_21.webp,,
R191,119k200,34.52844,131.49434,https://drive.google.com/file/d/1rNaNk8X-7z4S0kVZAkfs0CsAu1HXtKIn/view?usp=drive_link,map_21.webp,,
R191,119k220,34.52852,131.49453,https://drive.google.com/file/d/1rNaNk8X-7z4S0kVZAkfs0CsAu1HXtKIn/view?usp=drive_link,map_21.webp,,
R191,119k240,34.52861,131.49472,https://drive.google.com/file/d/1rNaNk8X-7z4S0kVZAkfs0CsAu1HXtKIn/view?usp=drive_link,map_21.webp,,
R191,119k260,34.5287,131.49491,https://drive.google.com/file/d/1rNaNk8X-7z4S0kVZAkfs0CsAu1HXtKIn/view?usp=drive_link,map_21.webp,,
R191,119k280,34.52878,131.4951,https://drive.google.com/file/d/1rNaNk8X-7z4S0kVZAkfs0CsAu1HXtKIn/view?usp=drive_link,map_21.webp,,
R191,119k300,34.52886,131.49528,https://drive.google.com/file/d/1rNaNk8X-7z4S0kVZAkfs0CsAu1HXtKIn/view?usp=drive_link,map_21.webp,,
R191,119k320,34.52895,131.49547,https://drive.google.com/file/d/1rNaNk8X-7z4S0kVZAkfs0CsAu1HXtKIn/view?usp=drive_link,map_21.webp,,
R191,119k340,34.52904,131.49566,https://drive.google.com/file/d/1rNaNk8X-7z4S0kVZAkfs0CsAu1HXtKIn/view?usp=drive_link,map_21.webp,,
R191,119k360,34.52913,131.49585,https://drive.google.com/file/d/1rNaNk8X-7z4S0kVZAkfs0CsAu1HXtKIn/view?usp=drive_link,map_21.webp,,
R191,119k380,34.52922,131.49604,https://drive.google.com/file/d/1rNaNk8X-7z4S0kVZAkfs0CsAu1HXtKIn/view?usp=drive_link,map_21.webp,,
R191,119k400,34.52933,131.49623,https://drive.google.com/file/d/1rNaNk8X-7z4S0kVZAkfs0CsAu1HXtKIn/view?usp=drive_link,map_21.webp,,
R191,119k420,34.52944,131.4964,https://drive.google.com/file/d/1rNaNk8X-7z4S0kVZAkfs0CsAu1HXtKIn/view?usp=drive_link,map_21.webp,,
R191,119k440,34.52958,131.49655,https://drive.google.com/file/d/1rNaNk8X-7z4S0kVZAkfs0CsAu1HXtKIn/view?usp=drive_link,map_21.webp,,
R191,119k460,34.52972,131.49668,https://drive.google.com/file/d/1rNaNk8X-7z4S0kVZAkfs0CsAu1HXtKIn/view?usp=drive_link,map_21.webp,,
R191,119k480,34.52987,131.49679,https://drive.google.com/file/d/1rNaNk8X-7z4S0kVZAkfs0CsAu1HXtKIn/view?usp=drive_link,map_21.webp,,
R191,119k500,34.53004,131.49688,https://drive.google.com/file/d/1rNaNk8X-7z4S0kVZAkfs0CsAu1HXtKIn/view?usp=drive_link,map_21.webp,,
R191,119k520,34.5302,131.49697,https://drive.google.com/file/d/1rNaNk8X-7z4S0kVZAkfs0CsAu1HXtKIn/view?usp=drive_link,map_21.webp,,
R191,119k540,34.53037,131.49706,https://drive.google.com/file/d/1rNaNk8X-7z4S0kVZAkfs0CsAu1HXtKIn/view?usp=drive_link,map_21.webp,,
R191,119k560,34.53052,131.49717,https://drive.google.com/file/d/1rNaNk8X-7z4S0kVZAkfs0CsAu1HXtKIn/view?usp=drive_link,map_21.webp,,
R191,119k580,34.53067,131.49729,https://drive.google.com/file/d/1rNaNk8X-7z4S0kVZAkfs0CsAu1HXtKIn/view?usp=drive_link,map_21.webp,,
R191,119k600,34.5308,131.49744,https://drive.google.com/file/d/1rNaNk8X-7z4S0kVZAkfs0CsAu1HXtKIn/view?usp=drive_link,map_21.webp,6875,399
R191,119k620,34.53091,131.4976,https://drive.google.com/file/d/1rNaNk8X-7z4S0kVZAkfs0CsAu1HXtKIn/view?usp=drive_link,map_21.webp,,
R191,119k640,34.53101,131.49779,https://drive.google.com/file/d/1rNaNk8X-7z4S0kVZAkfs0CsAu1HXtKIn/view?usp=drive_link,map_21.webp,,
R191,119k660,34.53109,131.49798,https://drive.google.com/file/d/1rNaNk8X-7z4S0kVZAkfs0CsAu1HXtKIn/view?usp=drive_link,map_21.webp,,
R191,119k680,34.53118,131.49817,https://drive.google.com/file/d/1rNaNk8X-7z4S0kVZAkfs0CsAu1HXtKIn/view?usp=drive_link,map_21.webp,,
R191,119k700,34.53126,131.49835,https://drive.google.com/file/d/1rNaNk8X-7z4S0kVZAkfs0CsAu1HXtKIn/view?usp=drive_link,map_21.webp,,
R191,119k720,34.53135,131.49854,https://drive.google.com/file/d/10AamxLx0XFL__c2Rn3zItM_2qLGSutpj/view?usp=drive_link,map_22.webp,,
R191,119k740,34.53144,131.49872,https://drive.google.com/file/d/10AamxLx0XFL__c2Rn3zItM_2qLGSutpj/view?usp=drive_link,map_22.webp,,
R191,119k760,34.53153,131.49892,https://drive.google.com/file/d/10AamxLx0XFL__c2Rn3zItM_2qLGSutpj/view?usp=drive_link,map_22.webp,,
R191,119k780,34.53161,131.49911,https://drive.google.com/file/d/10AamxLx0XFL__c2Rn3zItM_2qLGSutpj/view?usp=drive_link,map_22.webp,,
R191,119k800,34.53169,131.49933,https://drive.google.com/file/d/10AamxLx0XFL__c2Rn3zItM_2qLGSutpj/view?usp=drive_link,map_22.webp,774,3618
R191,119k820,34.53175,131.49953,https://drive.google.com/file/d/10AamxLx0XFL__c2Rn3zItM_2qLGSutpj/view?usp=drive_link,map_22.webp,,
R191,119k840,34.5318,131.49974,https://drive.google.com/file/d/10AamxLx0XFL__c2Rn3zItM_2qLGSutpj/view?usp=drive_link,map_22.webp,,
R191,119k860,34.53184,131.49995,https://drive.google.com/file/d/10AamxLx0XFL__c2Rn3zItM_2qLGSutpj/view?usp=drive_link,map_22.webp,,
R191,119k880,34.53189,131.50016,https://drive.google.com/file/d/10AamxLx0XFL__c2Rn3zItM_2qLGSutpj/view?usp=drive_link,map_22.webp,,
R191,119k900,34.53192,131.50037,https://drive.google.com/file/d/10AamxLx0XFL__c2Rn3zItM_2qLGSutpj/view?usp=drive_link,map_22.webp,,
R191,119k920,34.53196,131.50058,https://drive.google.com/file/d/10AamxLx0XFL__c2Rn3zItM_2qLGSutpj/view?usp=drive_link,map_22.webp,,
R191,119k940,34.532,131.50079,https://drive.google.com/file/d/10AamxLx0XFL__c2Rn3zItM_2qLGSutpj/view?usp=drive_link,map_22.webp,,
R191,119k960,34.53204,131.50101,https://drive.google.com/file/d/10AamxLx0XFL__c2Rn3zItM_2qLGSutpj/view?usp=drive_link,map_22.webp,,
R191,119k980,34.53208,131.50122,https://drive.google.com/file/d/10AamxLx0XFL__c2Rn3zItM_2qLGSutpj/view?usp=drive_link,map_22.webp,,
R191,120k000,34.53211,131.5014,https://drive.google.com/file/d/10AamxLx0XFL__c2Rn3zItM_2qLGSutpj/view?usp=drive_link,map_22.webp,,
R191,120k020,34.53216,131.50161,https://drive.google.com/file/d/10AamxLx0XFL__c2Rn3zItM_2qLGSutpj/view?usp=drive_link,map_22.webp,,
R191,120k040,34.53222,131.50182,https://drive.google.com/file/d/10AamxLx0XFL__c2Rn3zItM_2qLGSutpj/view?usp=drive_link,map_22.webp,,
R191,120k060,34.53229,131.50202,https://drive.google.com/file/d/10AamxLx0XFL__c2Rn3zItM_2qLGSutpj/view?usp=drive_link,map_22.webp,,
R191,120k080,34.53238,131.50221,https://drive.google.com/file/d/10AamxLx0XFL__c2Rn3zItM_2qLGSutpj/view?usp=drive_link,map_22.webp,,
R191,120k100,34.53246,131.50237,https://drive.google.com/file/d/10AamxLx0XFL__c2Rn3zItM_2qLGSutpj/view?usp=drive_link,map_22.webp,,
R191,120k120,34.53256,131.50255,https://drive.google.com/file/d/10AamxLx0XFL__c2Rn3zItM_2qLGSutpj/view?usp=drive_link,map_22.webp,,
R191,120k140,34.53266,131.50273,https://drive.google.com/file/d/10AamxLx0XFL__c2Rn3zItM_2qLGSutpj/view?usp=drive_link,map_22.webp,,
R191,120k160,34.53277,131.50291,https://drive.google.com/file/d/10AamxLx0XFL__c2Rn3zItM_2qLGSutpj/view?usp=drive_link,map_22.webp,,
R191,120k180,34.53287,131.50309,https://drive.google.com/file/d/10AamxLx0XFL__c2Rn3zItM_2qLGSutpj/view?usp=drive_link,map_22.webp,,
R191,120k200,34.533,131.5033,https://drive.google.com/file/d/10AamxLx0XFL__c2Rn3zItM_2qLGSutpj/view?usp=drive_link,map_22.webp,,
R191,120k220,34.5331,131.50348,https://drive.google.com/file/d/10AamxLx0XFL__c2Rn3zItM_2qLGSutpj/view?usp=drive_link,map_22.webp,,
R191,120k240,34.53321,131.50366,https://drive.google.com/file/d/10AamxLx0XFL__c2Rn3zItM_2qLGSutpj/view?usp=drive_link,map_22.webp,,
R191,120k260,34.53331,131.50384,https://drive.google.com/file/d/10AamxLx0XFL__c2Rn3zItM_2qLGSutpj/view?usp=drive_link,map_22.webp,,
R191,120k280,34.53342,131.50402,https://drive.google.com/file/d/10AamxLx0XFL__c2Rn3zItM_2qLGSutpj/view?usp=drive_link,map_22.webp,,
R191,120k300,34.53354,131.50421,https://drive.google.com/file/d/10AamxLx0XFL__c2Rn3zItM_2qLGSutpj/view?usp=drive_link,map_22.webp,3853,3179
R191,120k320,34.53367,131.50438,https://drive.google.com/file/d/10AamxLx0XFL__c2Rn3zItM_2qLGSutpj/view?usp=drive_link,map_22.webp,,
R191,120k340,34.53379,131.50454,https://drive.google.com/file/d/10AamxLx0XFL__c2Rn3zItM_2qLGSutpj/view?usp=drive_link,map_22.webp,,
R191,120k360,34.53392,131.50469,https://drive.google.com/file/d/10AamxLx0XFL__c2Rn3zItM_2qLGSutpj/view?usp=drive_link,map_22.webp,,
R191,120k380,34.53405,131.50483,https://drive.google.com/file/d/10AamxLx0XFL__c2Rn3zItM_2qLGSutpj/view?usp=drive_link,map_22.webp,,
R191,120k400,34.53418,131.50495,https://drive.google.com/file/d/10AamxLx0XFL__c2Rn3zItM_2qLGSutpj/view?usp=drive_link,map_22.webp,,
R191,120k420,34.53433,131.50508,https://drive.google.com/file/d/10AamxLx0XFL__c2Rn3zItM_2qLGSutpj/view?usp=drive_link,map_22.webp,,
R191,120k440,34.53451,131.5052,https://drive.google.com/file/d/10AamxLx0XFL__c2Rn3zItM_2qLGSutpj/view?usp=drive_link,map_22.webp,,
R191,120k460,34.53464,131.50529,https://drive.google.com/file/d/10AamxLx0XFL__c2Rn3zItM_2qLGSutpj/view?usp=drive_link,map_22.webp,,
R191,120k480,34.5348,131.50539,https://drive.google.com/file/d/10AamxLx0XFL__c2Rn3zItM_2qLGSutpj/view?usp=drive_link,map_22.webp,,
R191,120k500,34.53498,131.50548,https://drive.google.com/file/d/10AamxLx0XFL__c2Rn3zItM_2qLGSutpj/view?usp=drive_link,map_22.webp,,
R191,120k520,34.53515,131.50557,https://drive.google.com/file/d/10AamxLx0XFL__c2Rn3zItM_2qLGSutpj/view?usp=drive_link,map_22.webp,,
R191,120k540,34.53532,131.50565,https://drive.google.com/file/d/10AamxLx0XFL__c2Rn3zItM_2qLGSutpj/view?usp=drive_link,map_22.webp,,
R191,120k560,34.53548,131.50573,https://drive.google.com/file/d/10AamxLx0XFL__c2Rn3zItM_2qLGSutpj/view?usp=drive_link,map_22.webp,,
R191,120k580,34.53565,131.50581,https://drive.google.com/file/d/10AamxLx0XFL__c2Rn3zItM_2qLGSutpj/view?usp=drive_link,map_22.webp,,
R191,120k600,34.5358,131.50589,https://drive.google.com/file/d/10AamxLx0XFL__c2Rn3zItM_2qLGSutpj/view?usp=drive_link,map_22.webp,,
R191,120k620,34.53597,131.50597,https://drive.google.com/file/d/10AamxLx0XFL__c2Rn3zItM_2qLGSutpj/view?usp=drive_link,map_22.webp,,
R191,120k640,34.53615,131.50602,https://drive.google.com/file/d/10AamxLx0XFL__c2Rn3zItM_2qLGSutpj/view?usp=drive_link,map_22.webp,,
R191,120k660,34.53633,131.50603,https://drive.google.com/file/d/10AamxLx0XFL__c2Rn3zItM_2qLGSutpj/view?usp=drive_link,map_22.webp,,
R191,120k680,34.53651,131.506,https://drive.google.com/file/d/10AamxLx0XFL__c2Rn3zItM_2qLGSutpj/view?usp=drive_link,map_22.webp,,
R191,120k700,34.53671,131.50595,https://drive.google.com/file/d/10AamxLx0XFL__c2Rn3zItM_2qLGSutpj/view?usp=drive_link,map_22.webp,,
R191,120k720,34.53688,131.50589,https://drive.google.com/file/d/10AamxLx0XFL__c2Rn3zItM_2qLGSutpj/view?usp=drive_link,map_22.webp,,
R191,120k740,34.53706,131.50586,https://drive.google.com/file/d/10AamxLx0XFL__c2Rn3zItM_2qLGSutpj/view?usp=drive_link,map_22.webp,,
R191,120k760,34.53724,131.50585,https://drive.google.com/file/d/10AamxLx0XFL__c2Rn3zItM_2qLGSutpj/view?usp=drive_link,map_22.webp,,
R191,120k780,34.53742,131.50587,https://drive.google.com/file/d/10AamxLx0XFL__c2Rn3zItM_2qLGSutpj/view?usp=drive_link,map_22.webp,,
R191,120k800,34.53756,131.50592,https://drive.google.com/file/d/10AamxLx0XFL__c2Rn3zItM_2qLGSutpj/view?usp=drive_link,map_22.webp,5601,766
R191,120k820,34.53773,131.50601,https://drive.google.com/file/d/10AamxLx0XFL__c2Rn3zItM_2qLGSutpj/view?usp=drive_link,map_22.webp,,
R191,120k840,34.53789,131.50611,https://drive.google.com/file/d/10AamxLx0XFL__c2Rn3zItM_2qLGSutpj/view?usp=drive_link,map_22.webp,,
R191,120k860,34.53805,131.50621,https://drive.google.com/file/d/10AamxLx0XFL__c2Rn3zItM_2qLGSutpj/view?usp=drive_link,map_22.webp,,
R191,120k880,34.53821,131.50631,https://drive.google.com/file/d/10AamxLx0XFL__c2Rn3zItM_2qLGSutpj/view?usp=drive_link,map_22.webp,,
R191,120k900,34.53837,131.50639,https://drive.google.com/file/d/10AamxLx0XFL__c2Rn3zItM_2qLGSutpj/view?usp=drive_link,map_22.webp,,
R191,120k920,34.53855,131.50648,https://drive.google.com/file/d/1iARRlUKc58cI-NB2UWsppjBpRqlzZZVs/view?usp=drive_link,map_23.webp,,
R191,120k940,34.53872,131.50654,https://drive.google.com/file/d/1iARRlUKc58cI-NB2UWsppjBpRqlzZZVs/view?usp=drive_link,map_23.webp,,
R191,120k960,34.5389,131.50659,https://drive.google.com/file/d/1iARRlUKc58cI-NB2UWsppjBpRqlzZZVs/view?usp=drive_link,map_23.webp,,
R191,120k980,34.53907,131.50664,https://drive.google.com/file/d/1iARRlUKc58cI-NB2UWsppjBpRqlzZZVs/view?usp=drive_link,map_23.webp,,
R191,121k000,34.53925,131.50669,https://drive.google.com/file/d/1iARRlUKc58cI-NB2UWsppjBpRqlzZZVs/view?usp=drive_link,map_23.webp,723,510
R191,121k020,34.53942,131.50673,https://drive.google.com/file/d/1iARRlUKc58cI-NB2UWsppjBpRqlzZZVs/view?usp=drive_link,map_23.webp,,
R191,121k040,34.5396,131.50677,https://drive.google.com/file/d/1iARRlUKc58cI-NB2UWsppjBpRqlzZZVs/view?usp=drive_link,map_23.webp,,
R191,121k060,34.53977,131.50682,https://drive.google.com/file/d/1iARRlUKc58cI-NB2UWsppjBpRqlzZZVs/view?usp=drive_link,map_23.webp,,
R191,121k080,34.53994,131.50686,https://drive.google.com/file/d/1iARRlUKc58cI-NB2UWsppjBpRqlzZZVs/view?usp=drive_link,map_23.webp,,
R191,121k100,34.54012,131.50691,https://drive.google.com/file/d/1iARRlUKc58cI-NB2UWsppjBpRqlzZZVs/view?usp=drive_link,map_23.webp,,
R191,121k120,34.54029,131.50695,https://drive.google.com/file/d/1iARRlUKc58cI-NB2UWsppjBpRqlzZZVs/view?usp=drive_link,map_23.webp,,
R191,121k140,34.54047,131.507,https://drive.google.com/file/d/1iARRlUKc58cI-NB2UWsppjBpRqlzZZVs/view?usp=drive_link,map_23.webp,,
R191,121k160,34.54064,131.50705,https://drive.google.com/file/d/1iARRlUKc58cI-NB2UWsppjBpRqlzZZVs/view?usp=drive_link,map_23.webp,,
R191,121k180,34.54081,131.50711,https://drive.google.com/file/d/1iARRlUKc58cI-NB2UWsppjBpRqlzZZVs/view?usp=drive_link,map_23.webp,,
R191,121k200,34.54098,131.50718,https://drive.google.com/file/d/1iARRlUKc58cI-NB2UWsppjBpRqlzZZVs/view?usp=drive_link,map_23.webp,,
R191,121k220,34.54116,131.50726,https://drive.google.com/file/d/1iARRlUKc58cI-NB2UWsppjBpRqlzZZVs/view?usp=drive_link,map_23.webp,,
R191,121k240,34.54132,131.50735,https://drive.google.com/file/d/1iARRlUKc58cI-NB2UWsppjBpRqlzZZVs/view?usp=drive_link,map_23.webp,,
R191,121k260,34.54149,131.50745,https://drive.google.com/file/d/1iARRlUKc58cI-NB2UWsppjBpRqlzZZVs/view?usp=drive_link,map_23.webp,,
R191,121k280,34.54164,131.50755,https://drive.google.com/file/d/1iARRlUKc58cI-NB2UWsppjBpRqlzZZVs/view?usp=drive_link,map_23.webp,,
R191,121k300,34.54179,131.50766,https://drive.google.com/file/d/1iARRlUKc58cI-NB2UWsppjBpRqlzZZVs/view?usp=drive_link,map_23.webp,,
R191,121k320,34.54194,131.50779,https://drive.google.com/file/d/1iARRlUKc58cI-NB2UWsppjBpRqlzZZVs/view?usp=drive_link,map_23.webp,,
R191,121k340,34.54208,131.50792,https://drive.google.com/file/d/1iARRlUKc58cI-NB2UWsppjBpRqlzZZVs/view?usp=drive_link,map_23.webp,,
R191,121k360,34.54221,131.50807,https://drive.google.com/file/d/1iARRlUKc58cI-NB2UWsppjBpRqlzZZVs/view?usp=drive_link,map_23.webp,,
R191,121k380,34.54235,131.50821,https://drive.google.com/file/d/1iARRlUKc58cI-NB2UWsppjBpRqlzZZVs/view?usp=drive_link,map_23.webp,,
R191,121k400,34.54247,131.50836,https://drive.google.com/file/d/1iARRlUKc58cI-NB2UWsppjBpRqlzZZVs/view?usp=drive_link,map_23.webp,,
R191,121k420,34.5426,131.50852,https://drive.google.com/file/d/1iARRlUKc58cI-NB2UWsppjBpRqlzZZVs/view?usp=drive_link,map_23.webp,,
R191,121k440,34.54273,131.50867,https://drive.google.com/file/d/1iARRlUKc58cI-NB2UWsppjBpRqlzZZVs/view?usp=drive_link,map_23.webp,,
R191,121k460,34.54285,131.50883,https://drive.google.com/file/d/1iARRlUKc58cI-NB2UWsppjBpRqlzZZVs/view?usp=drive_link,map_23.webp,,
R191,121k480,34.54298,131.50899,https://drive.google.com/file/d/1iARRlUKc58cI-NB2UWsppjBpRqlzZZVs/view?usp=drive_link,map_23.webp,,
R191,121k500,34.54311,131.50914,https://drive.google.com/file/d/1iARRlUKc58cI-NB2UWsppjBpRqlzZZVs/view?usp=drive_link,map_23.webp,,
R191,121k520,34.54324,131.50929,https://drive.google.com/file/d/1iARRlUKc58cI-NB2UWsppjBpRqlzZZVs/view?usp=drive_link,map_23.webp,,
R191,121k540,34.54337,131.50943,https://drive.google.com/file/d/1iARRlUKc58cI-NB2UWsppjBpRqlzZZVs/view?usp=drive_link,map_23.webp,,
R191,121k560,34.54351,131.50958,https://drive.google.com/file/d/1iARRlUKc58cI-NB2UWsppjBpRqlzZZVs/view?usp=drive_link,map_23.webp,,
R191,121k580,34.54365,131.50971,https://drive.google.com/file/d/1iARRlUKc58cI-NB2UWsppjBpRqlzZZVs/view?usp=drive_link,map_23.webp,,
R191,121k600,34.54379,131.50985,https://drive.google.com/file/d/1iARRlUKc58cI-NB2UWsppjBpRqlzZZVs/view?usp=drive_link,map_23.webp,4212,1632
R191,121k620,34.54394,131.50998,https://drive.google.com/file/d/1iARRlUKc58cI-NB2UWsppjBpRqlzZZVs/view?usp=drive_link,map_23.webp,,
R191,121k640,34.54408,131.51011,https://drive.google.com/file/d/1iARRlUKc58cI-NB2UWsppjBpRqlzZZVs/view?usp=drive_link,map_23.webp,,
R191,121k660,34.54423,131.51024,https://drive.google.com/file/d/1iARRlUKc58cI-NB2UWsppjBpRqlzZZVs/view?usp=drive_link,map_23.webp,,
R191,121k680,34.54438,131.51035,https://drive.google.com/file/d/1iARRlUKc58cI-NB2UWsppjBpRqlzZZVs/view?usp=drive_link,map_23.webp,,
R191,121k700,34.54453,131.51047,https://drive.google.com/file/d/1iARRlUKc58cI-NB2UWsppjBpRqlzZZVs/view?usp=drive_link,map_23.webp,,
R191,121k720,34.54469,131.51058,https://drive.google.com/file/d/1iARRlUKc58cI-NB2UWsppjBpRqlzZZVs/view?usp=drive_link,map_23.webp,,
R191,121k740,34.54484,131.51069,https://drive.google.com/file/d/1iARRlUKc58cI-NB2UWsppjBpRqlzZZVs/view?usp=drive_link,map_23.webp,,
R191,121k760,34.545,131.5108,https://drive.google.com/file/d/1iARRlUKc58cI-NB2UWsppjBpRqlzZZVs/view?usp=drive_link,map_23.webp,,
R191,121k780,34.54515,131.51091,https://drive.google.com/file/d/1iARRlUKc58cI-NB2UWsppjBpRqlzZZVs/view?usp=drive_link,map_23.webp,,
R191,木与法面,34.5458650833,131.5115269361,https://drive.google.com/file/d/1iARRlUKc58cI-NB2UWsppjBpRqlzZZVs/view?usp=drive_link,map_23.webp,,
R191,121k800,34.54531,131.51101,https://drive.google.com/file/d/1iARRlUKc58cI-NB2UWsppjBpRqlzZZVs/view?usp=drive_link,map_23.webp,,
R191,121k820,34.54547,131.51111,https://drive.google.com/file/d/1iARRlUKc58cI-NB2UWsppjBpRqlzZZVs/view?usp=drive_link,map_23.webp,,
R191,121k840,34.54563,131.51121,https://drive.google.com/file/d/1iARRlUKc58cI-NB2UWsppjBpRqlzZZVs/view?usp=drive_link,map_23.webp,,
R191,121k860,34.5458,131.51129,https://drive.google.com/file/d/1iARRlUKc58cI-NB2UWsppjBpRqlzZZVs/view?usp=drive_link,map_23.webp,,
R191,121k880,34.54597,131.51138,https://drive.google.com/file/d/1iARRlUKc58cI-NB2UWsppjBpRqlzZZVs/view?usp=drive_link,map_23.webp,,
R191,木与仮置場,34.5452262472,131.5112037444,https://drive.google.com/file/d/1iARRlUKc58cI-NB2UWsppjBpRqlzZZVs/view?usp=drive_link,map_23.webp,,
R191,121k900,34.54614,131.51146,https://drive.google.com/file/d/1iARRlUKc58cI-NB2UWsppjBpRqlzZZVs/view?usp=drive_link,map_23.webp,,
R191,121k920,34.54631,131.51154,https://drive.google.com/file/d/1iARRlUKc58cI-NB2UWsppjBpRqlzZZVs/view?usp=drive_link,map_23.webp,,
R191,121k940,34.54647,131.51162,https://drive.google.com/file/d/1iARRlUKc58cI-NB2UWsppjBpRqlzZZVs/view?usp=drive_link,map_23.webp,,
R191,121k960,34.54663,131.51173,https://drive.google.com/file/d/1iARRlUKc58cI-NB2UWsppjBpRqlzZZVs/view?usp=drive_link,map_23.webp,,
R191,121k980,34.54678,131.51186,https://drive.google.com/file/d/1iARRlUKc58cI-NB2UWsppjBpRqlzZZVs/view?usp=drive_link,map_23.webp,,
R191,122k000,34.54694,131.51205,https://drive.google.com/file/d/1iARRlUKc58cI-NB2UWsppjBpRqlzZZVs/view?usp=drive_link,map_23.webp,6629,2414
R191,122k020,34.54705,131.51223,https://drive.google.com/file/d/1iARRlUKc58cI-NB2UWsppjBpRqlzZZVs/view?usp=drive_link,map_23.webp,,
R191,122k040,34.54715,131.51241,https://drive.google.com/file/d/1iARRlUKc58cI-NB2UWsppjBpRqlzZZVs/view?usp=drive_link,map_23.webp,,
R191,122k060,34.54725,131.51259,https://drive.google.com/file/d/1iARRlUKc58cI-NB2UWsppjBpRqlzZZVs/view?usp=drive_link,map_23.webp,,
R191,122k080,34.54735,131.51277,https://drive.google.com/file/d/1iARRlUKc58cI-NB2UWsppjBpRqlzZZVs/view?usp=drive_link,map_23.webp,,
R191,122k100,34.54741,131.51289,https://drive.google.com/file/d/1iARRlUKc58cI-NB2UWsppjBpRqlzZZVs/view?usp=drive_link,map_23.webp,,
R191,122k120,34.54751,131.51307,https://drive.google.com/file/d/198S3MGOKbB2Mu5YZdMQ0i4mrHBbD2kCW/view?usp=drive_link,map_24.webp,,
R191,122k140,34.54761,131.51325,https://drive.google.com/file/d/198S3MGOKbB2Mu5YZdMQ0i4mrHBbD2kCW/view?usp=drive_link,map_24.webp,,
R191,122k160,34.54771,131.51343,https://drive.google.com/file/d/198S3MGOKbB2Mu5YZdMQ0i4mrHBbD2kCW/view?usp=drive_link,map_24.webp,,
R191,122k180,34.54781,131.51361,https://drive.google.com/file/d/198S3MGOKbB2Mu5YZdMQ0i4mrHBbD2kCW/view?usp=drive_link,map_24.webp,,
R191,122k200,34.54791,131.51379,https://drive.google.com/file/d/198S3MGOKbB2Mu5YZdMQ0i4mrHBbD2kCW/view?usp=drive_link,map_24.webp,747,1929
R191,122k220,34.54801,131.51397,https://drive.google.com/file/d/198S3MGOKbB2Mu5YZdMQ0i4mrHBbD2kCW/view?usp=drive_link,map_24.webp,,
R191,122k240,34.54813,131.51414,https://drive.google.com/file/d/198S3MGOKbB2Mu5YZdMQ0i4mrHBbD2kCW/view?usp=drive_link,map_24.webp,,
R191,122k260,34.54825,131.5143,https://drive.google.com/file/d/198S3MGOKbB2Mu5YZdMQ0i4mrHBbD2kCW/view?usp=drive_link,map_24.webp,,
R191,122k280,34.54838,131.51445,https://drive.google.com/file/d/198S3MGOKbB2Mu5YZdMQ0i4mrHBbD2kCW/view?usp=drive_link,map_24.webp,,
R191,122k300,34.54852,131.5146,https://drive.google.com/file/d/198S3MGOKbB2Mu5YZdMQ0i4mrHBbD2kCW/view?usp=drive_link,map_24.webp,,
R191,122k320,34.54867,131.51472,https://drive.google.com/file/d/198S3MGOKbB2Mu5YZdMQ0i4mrHBbD2kCW/view?usp=drive_link,map_24.webp,,
R191,122k340,34.54882,131.51484,https://drive.google.com/file/d/198S3MGOKbB2Mu5YZdMQ0i4mrHBbD2kCW/view?usp=drive_link,map_24.webp,,
R191,122k360,34.54898,131.51494,https://drive.google.com/file/d/198S3MGOKbB2Mu5YZdMQ0i4mrHBbD2kCW/view?usp=drive_link,map_24.webp,,
R191,122k380,34.54914,131.51502,https://drive.google.com/file/d/198S3MGOKbB2Mu5YZdMQ0i4mrHBbD2kCW/view?usp=drive_link,map_24.webp,,
R191,122k400,34.54933,131.5151,https://drive.google.com/file/d/198S3MGOKbB2Mu5YZdMQ0i4mrHBbD2kCW/view?usp=drive_link,map_24.webp,,
R191,122k420,34.54952,131.51516,https://drive.google.com/file/d/198S3MGOKbB2Mu5YZdMQ0i4mrHBbD2kCW/view?usp=drive_link,map_24.webp,,
R191,122k440,34.54969,131.5152,https://drive.google.com/file/d/198S3MGOKbB2Mu5YZdMQ0i4mrHBbD2kCW/view?usp=drive_link,map_24.webp,,
R191,122k460,34.54987,131.51523,https://drive.google.com/file/d/198S3MGOKbB2Mu5YZdMQ0i4mrHBbD2kCW/view?usp=drive_link,map_24.webp,,
R191,122k480,34.55005,131.51526,https://drive.google.com/file/d/198S3MGOKbB2Mu5YZdMQ0i4mrHBbD2kCW/view?usp=drive_link,map_24.webp,,
R191,122k500,34.55023,131.51528,https://drive.google.com/file/d/198S3MGOKbB2Mu5YZdMQ0i4mrHBbD2kCW/view?usp=drive_link,map_24.webp,,
R191,122k520,34.5504,131.5153,https://drive.google.com/file/d/198S3MGOKbB2Mu5YZdMQ0i4mrHBbD2kCW/view?usp=drive_link,map_24.webp,,
R191,122k540,34.55058,131.51532,https://drive.google.com/file/d/198S3MGOKbB2Mu5YZdMQ0i4mrHBbD2kCW/view?usp=drive_link,map_24.webp,,
R191,122k560,34.55076,131.51534,https://drive.google.com/file/d/198S3MGOKbB2Mu5YZdMQ0i4mrHBbD2kCW/view?usp=drive_link,map_24.webp,,
R191,122k580,34.55094,131.51537,https://drive.google.com/file/d/198S3MGOKbB2Mu5YZdMQ0i4mrHBbD2kCW/view?usp=drive_link,map_24.webp,,
R191,122k600,34.55112,131.51539,https://drive.google.com/file/d/198S3MGOKbB2Mu5YZdMQ0i4mrHBbD2kCW/view?usp=drive_link,map_24.webp,,
R191,122k620,34.55129,131.51543,https://drive.google.com/file/d/198S3MGOKbB2Mu5YZdMQ0i4mrHBbD2kCW/view?usp=drive_link,map_24.webp,,
R191,122k640,34.55147,131.51547,https://drive.google.com/file/d/198S3MGOKbB2Mu5YZdMQ0i4mrHBbD2kCW/view?usp=drive_link,map_24.webp,,
R191,122k660,34.55164,131.51553,https://drive.google.com/file/d/198S3MGOKbB2Mu5YZdMQ0i4mrHBbD2kCW/view?usp=drive_link,map_24.webp,,
R191,122k680,34.55181,131.5156,https://drive.google.com/file/d/198S3MGOKbB2Mu5YZdMQ0i4mrHBbD2kCW/view?usp=drive_link,map_24.webp,,
R191,122k700,34.55196,131.51568,https://drive.google.com/file/d/198S3MGOKbB2Mu5YZdMQ0i4mrHBbD2kCW/view?usp=drive_link,map_24.webp,3521,717
R191,122k720,34.55214,131.51578,https://drive.google.com/file/d/198S3MGOKbB2Mu5YZdMQ0i4mrHBbD2kCW/view?usp=drive_link,map_24.webp,,
R191,122k740,34.5523,131.51587,https://drive.google.com/file/d/198S3MGOKbB2Mu5YZdMQ0i4mrHBbD2kCW/view?usp=drive_link,map_24.webp,,
R191,122k760,34.55246,131.51597,https://drive.google.com/file/d/198S3MGOKbB2Mu5YZdMQ0i4mrHBbD2kCW/view?usp=drive_link,map_24.webp,,
R191,122k780,34.55262,131.51607,https://drive.google.com/file/d/198S3MGOKbB2Mu5YZdMQ0i4mrHBbD2kCW/view?usp=drive_link,map_24.webp,,
R191,122k800,34.55278,131.51617,https://drive.google.com/file/d/198S3MGOKbB2Mu5YZdMQ0i4mrHBbD2kCW/view?usp=drive_link,map_24.webp,,
R191,122k820,34.55294,131.51627,https://drive.google.com/file/d/198S3MGOKbB2Mu5YZdMQ0i4mrHBbD2kCW/view?usp=drive_link,map_24.webp,,
R191,122k840,34.5531,131.51637,https://drive.google.com/file/d/198S3MGOKbB2Mu5YZdMQ0i4mrHBbD2kCW/view?usp=drive_link,map_24.webp,,
R191,122k860,34.55325,131.51648,https://drive.google.com/file/d/198S3MGOKbB2Mu5YZdMQ0i4mrHBbD2kCW/view?usp=drive_link,map_24.webp,,
R191,122k880,34.5534,131.5166,https://drive.google.com/file/d/198S3MGOKbB2Mu5YZdMQ0i4mrHBbD2kCW/view?usp=drive_link,map_24.webp,,
R191,122k900,34.55353,131.51674,https://drive.google.com/file/d/198S3MGOKbB2Mu5YZdMQ0i4mrHBbD2kCW/view?usp=drive_link,map_24.webp,,
R191,122k920,34.55365,131.5169,https://drive.google.com/file/d/198S3MGOKbB2Mu5YZdMQ0i4mrHBbD2kCW/view?usp=drive_link,map_24.webp,,
R191,122k940,34.55374,131.51709,https://drive.google.com/file/d/198S3MGOKbB2Mu5YZdMQ0i4mrHBbD2kCW/view?usp=drive_link,map_24.webp,,
R191,122k960,34.5538,131.5173,https://drive.google.com/file/d/198S3MGOKbB2Mu5YZdMQ0i4mrHBbD2kCW/view?usp=drive_link,map_24.webp,,
R191,122k980,34.55383,131.51751,https://drive.google.com/file/d/198S3MGOKbB2Mu5YZdMQ0i4mrHBbD2kCW/view?usp=drive_link,map_24.webp,,
R191,123k000,34.55385,131.5177,https://drive.google.com/file/d/198S3MGOKbB2Mu5YZdMQ0i4mrHBbD2kCW/view?usp=drive_link,map_24.webp,,
R191,123k020,34.55385,131.5179,https://drive.google.com/file/d/198S3MGOKbB2Mu5YZdMQ0i4mrHBbD2kCW/view?usp=drive_link,map_24.webp,,
R191,123k040,34.55384,131.51812,https://drive.google.com/file/d/198S3MGOKbB2Mu5YZdMQ0i4mrHBbD2kCW/view?usp=drive_link,map_24.webp,,
R191,123k060,34.55383,131.51834,https://drive.google.com/file/d/198S3MGOKbB2Mu5YZdMQ0i4mrHBbD2kCW/view?usp=drive_link,map_24.webp,,
R191,123k080,34.55382,131.51856,https://drive.google.com/file/d/198S3MGOKbB2Mu5YZdMQ0i4mrHBbD2kCW/view?usp=drive_link,map_24.webp,,
R191,123k100,34.55382,131.51878,https://drive.google.com/file/d/198S3MGOKbB2Mu5YZdMQ0i4mrHBbD2kCW/view?usp=drive_link,map_24.webp,,
R191,123k120,34.55382,131.519,https://drive.google.com/file/d/198S3MGOKbB2Mu5YZdMQ0i4mrHBbD2kCW/view?usp=drive_link,map_24.webp,,
R191,123k140,34.55383,131.51922,https://drive.google.com/file/d/198S3MGOKbB2Mu5YZdMQ0i4mrHBbD2kCW/view?usp=drive_link,map_24.webp,,
R191,123k160,34.55384,131.51944,https://drive.google.com/file/d/198S3MGOKbB2Mu5YZdMQ0i4mrHBbD2kCW/view?usp=drive_link,map_24.webp,,
R191,123k180,34.55386,131.51966,https://drive.google.com/file/d/198S3MGOKbB2Mu5YZdMQ0i4mrHBbD2kCW/view?usp=drive_link,map_24.webp,,
R191,123k200,34.55389,131.51988,https://drive.google.com/file/d/198S3MGOKbB2Mu5YZdMQ0i4mrHBbD2kCW/view?usp=drive_link,map_24.webp,6183,1492
R191,123k220,34.55392,131.5201,https://drive.google.com/file/d/198S3MGOKbB2Mu5YZdMQ0i4mrHBbD2kCW/view?usp=drive_link,map_24.webp,,
R191,123k240,34.55396,131.52031,https://drive.google.com/file/d/198S3MGOKbB2Mu5YZdMQ0i4mrHBbD2kCW/view?usp=drive_link,map_24.webp,,
R191,123k260,34.554,131.52052,https://drive.google.com/file/d/198S3MGOKbB2Mu5YZdMQ0i4mrHBbD2kCW/view?usp=drive_link,map_24.webp,,
R191,123k280,34.55404,131.52074,https://drive.google.com/file/d/198S3MGOKbB2Mu5YZdMQ0i4mrHBbD2kCW/view?usp=drive_link,map_24.webp,,
R191,123k300,34.55409,131.52095,https://drive.google.com/file/d/198S3MGOKbB2Mu5YZdMQ0i4mrHBbD2kCW/view?usp=drive_link,map_24.webp,,
R191,123k320,34.55414,131.52115,https://drive.google.com/file/d/1MQG6xgPvgTTxu3mRB3BNw8ZiIFJAYdMT/view?usp=drive_link,map_25.webp,,
R191,123k340,34.5542,131.52136,https://drive.google.com/file/d/1MQG6xgPvgTTxu3mRB3BNw8ZiIFJAYdMT/view?usp=drive_link,map_25.webp,,
R191,123k360,34.55426,131.52157,https://drive.google.com/file/d/1MQG6xgPvgTTxu3mRB3BNw8ZiIFJAYdMT/view?usp=drive_link,map_25.webp,,
R191,123k380,34.55432,131.52177,https://drive.google.com/file/d/1MQG6xgPvgTTxu3mRB3BNw8ZiIFJAYdMT/view?usp=drive_link,map_25.webp,,
R191,123k400,34.55439,131.52198,https://drive.google.com/file/d/1MQG6xgPvgTTxu3mRB3BNw8ZiIFJAYdMT/view?usp=drive_link,map_25.webp,907,1377
R191,123k420,34.55446,131.52218,https://drive.google.com/file/d/1MQG6xgPvgTTxu3mRB3BNw8ZiIFJAYdMT/view?usp=drive_link,map_25.webp,,
R191,123k440,34.55454,131.52238,https://drive.google.com/file/d/1MQG6xgPvgTTxu3mRB3BNw8ZiIFJAYdMT/view?usp=drive_link,map_25.webp,,
R191,123k460,34.55462,131.52257,https://drive.google.com/file/d/1MQG6xgPvgTTxu3mRB3BNw8ZiIFJAYdMT/view?usp=drive_link,map_25.webp,,
R191,123k480,34.55471,131.52277,https://drive.google.com/file/d/1MQG6xgPvgTTxu3mRB3BNw8ZiIFJAYdMT/view?usp=drive_link,map_25.webp,,
R191,123k500,34.55479,131.52296,https://drive.google.com/file/d/1MQG6xgPvgTTxu3mRB3BNw8ZiIFJAYdMT/view?usp=drive_link,map_25.webp,,
R191,123k520,34.55488,131.52315,https://drive.google.com/file/d/1MQG6xgPvgTTxu3mRB3BNw8ZiIFJAYdMT/view?usp=drive_link,map_25.webp,,
R191,123k540,34.55497,131.52334,https://drive.google.com/file/d/1MQG6xgPvgTTxu3mRB3BNw8ZiIFJAYdMT/view?usp=drive_link,map_25.webp,,
R191,123k560,34.55505,131.52353,https://drive.google.com/file/d/1MQG6xgPvgTTxu3mRB3BNw8ZiIFJAYdMT/view?usp=drive_link,map_25.webp,,
R191,123k580,34.55514,131.52372,https://drive.google.com/file/d/1MQG6xgPvgTTxu3mRB3BNw8ZiIFJAYdMT/view?usp=drive_link,map_25.webp,,
R191,123k600,34.55522,131.52392,https://drive.google.com/file/d/1MQG6xgPvgTTxu3mRB3BNw8ZiIFJAYdMT/view?usp=drive_link,map_25.webp,,
R191,123k620,34.55531,131.5241,https://drive.google.com/file/d/1MQG6xgPvgTTxu3mRB3BNw8ZiIFJAYdMT/view?usp=drive_link,map_25.webp,,
R191,123k640,34.5554,131.52429,https://drive.google.com/file/d/1MQG6xgPvgTTxu3mRB3BNw8ZiIFJAYdMT/view?usp=drive_link,map_25.webp,,
R191,123k660,34.55549,131.52448,https://drive.google.com/file/d/1MQG6xgPvgTTxu3mRB3BNw8ZiIFJAYdMT/view?usp=drive_link,map_25.webp,,
R191,123k680,34.55557,131.52467,https://drive.google.com/file/d/1MQG6xgPvgTTxu3mRB3BNw8ZiIFJAYdMT/view?usp=drive_link,map_25.webp,,
R191,123k700,34.55566,131.52486,https://drive.google.com/file/d/1MQG6xgPvgTTxu3mRB3BNw8ZiIFJAYdMT/view?usp=drive_link,map_25.webp,3266,1368
R191,123k720,34.55575,131.52505,https://drive.google.com/file/d/1MQG6xgPvgTTxu3mRB3BNw8ZiIFJAYdMT/view?usp=drive_link,map_25.webp,,
R191,123k740,34.55584,131.52524,https://drive.google.com/file/d/1MQG6xgPvgTTxu3mRB3BNw8ZiIFJAYdMT/view?usp=drive_link,map_25.webp,,
R191,123k760,34.55593,131.52543,https://drive.google.com/file/d/1MQG6xgPvgTTxu3mRB3BNw8ZiIFJAYdMT/view?usp=drive_link,map_25.webp,,
R191,123k780,34.55602,131.52561,https://drive.google.com/file/d/1MQG6xgPvgTTxu3mRB3BNw8ZiIFJAYdMT/view?usp=drive_link,map_25.webp,,
R191,123k800,34.55612,131.5258,https://drive.google.com/file/d/1MQG6xgPvgTTxu3mRB3BNw8ZiIFJAYdMT/view?usp=drive_link,map_25.webp,,
R191,123k820,34.55622,131.52598,https://drive.google.com/file/d/1MQG6xgPvgTTxu3mRB3BNw8ZiIFJAYdMT/view?usp=drive_link,map_25.webp,,
R191,123k840,34.55632,131.52616,https://drive.google.com/file/d/1MQG6xgPvgTTxu3mRB3BNw8ZiIFJAYdMT/view?usp=drive_link,map_25.webp,,
R191,123k860,34.55643,131.52633,https://drive.google.com/file/d/1MQG6xgPvgTTxu3mRB3BNw8ZiIFJAYdMT/view?usp=drive_link,map_25.webp,,
R191,123k880,34.55655,131.52649,https://drive.google.com/file/d/1MQG6xgPvgTTxu3mRB3BNw8ZiIFJAYdMT/view?usp=drive_link,map_25.webp,,
R191,123k900,34.55668,131.52666,https://drive.google.com/file/d/1MQG6xgPvgTTxu3mRB3BNw8ZiIFJAYdMT/view?usp=drive_link,map_25.webp,,
R191,123k920,34.55681,131.52681,https://drive.google.com/file/d/1MQG6xgPvgTTxu3mRB3BNw8ZiIFJAYdMT/view?usp=drive_link,map_25.webp,,
R191,123k940,34.55694,131.52694,https://drive.google.com/file/d/1MQG6xgPvgTTxu3mRB3BNw8ZiIFJAYdMT/view?usp=drive_link,map_25.webp,,
R191,123k960,34.55709,131.52708,https://drive.google.com/file/d/1MQG6xgPvgTTxu3mRB3BNw8ZiIFJAYdMT/view?usp=drive_link,map_25.webp,,
R191,123k980,34.55723,131.52721,https://drive.google.com/file/d/1MQG6xgPvgTTxu3mRB3BNw8ZiIFJAYdMT/view?usp=drive_link,map_25.webp,,
R191,124k000,34.55738,131.52734,https://drive.google.com/file/d/1MQG6xgPvgTTxu3mRB3BNw8ZiIFJAYdMT/view?usp=drive_link,map_25.webp,,
R191,124k020,34.55753,131.52746,https://drive.google.com/file/d/1MQG6xgPvgTTxu3mRB3BNw8ZiIFJAYdMT/view?usp=drive_link,map_25.webp,,
R191,124k040,34.55768,131.52758,https://drive.google.com/file/d/1MQG6xgPvgTTxu3mRB3BNw8ZiIFJAYdMT/view?usp=drive_link,map_25.webp,,
R191,124k060,34.55783,131.5277,https://drive.google.com/file/d/1MQG6xgPvgTTxu3mRB3BNw8ZiIFJAYdMT/view?usp=drive_link,map_25.webp,,
R191,124k080,34.55797,131.52784,https://drive.google.com/file/d/1MQG6xgPvgTTxu3mRB3BNw8ZiIFJAYdMT/view?usp=drive_link,map_25.webp,,
R191,124k100,34.55809,131.52798,https://drive.google.com/file/d/1MQG6xgPvgTTxu3mRB3BNw8ZiIFJAYdMT/view?usp=drive_link,map_25.webp,6271,594
R191,124k120,34.55821,131.52815,https://drive.google.com/file/d/1MQG6xgPvgTTxu3mRB3BNw8ZiIFJAYdMT/view?usp=drive_link,map_25.webp,,
R191,124k140,34.5583,131.52833,https://drive.google.com/file/d/1MQG6xgPvgTTxu3mRB3BNw8ZiIFJAYdMT/view?usp=drive_link,map_25.webp,,
R191,124k160,34.55838,131.52853,https://drive.google.com/file/d/1MQG6xgPvgTTxu3mRB3BNw8ZiIFJAYdMT/view?usp=drive_link,map_25.webp,,
R191,124k180,34.55843,131.52872,https://drive.google.com/file/d/1MQG6xgPvgTTxu3mRB3BNw8ZiIFJAYdMT/view?usp=drive_link,map_25.webp,,
R191,124k200,34.55847,131.52893,https://drive.google.com/file/d/1MQG6xgPvgTTxu3mRB3BNw8ZiIFJAYdMT/view?usp=drive_link,map_25.webp,,
R191,124k220,34.55851,131.52915,https://drive.google.com/file/d/1si5fVjbmM2o-hFUCVRJgeNG5tBQ5atji/view?usp=drive_link,map_26.webp,,
R191,124k240,34.55854,131.52936,https://drive.google.com/file/d/1si5fVjbmM2o-hFUCVRJgeNG5tBQ5atji/view?usp=drive_link,map_26.webp,,
R191,124k260,34.55857,131.52957,https://drive.google.com/file/d/1si5fVjbmM2o-hFUCVRJgeNG5tBQ5atji/view?usp=drive_link,map_26.webp,,
R191,124k280,34.5586,131.52978,https://drive.google.com/file/d/1si5fVjbmM2o-hFUCVRJgeNG5tBQ5atji/view?usp=drive_link,map_26.webp,,
R191,124k300,34.55863,131.52999,https://drive.google.com/file/d/1si5fVjbmM2o-hFUCVRJgeNG5tBQ5atji/view?usp=drive_link,map_26.webp,,
R191,124k320,34.55866,131.53021,https://drive.google.com/file/d/1si5fVjbmM2o-hFUCVRJgeNG5tBQ5atji/view?usp=drive_link,map_26.webp,,
R191,124k340,34.55869,131.53042,https://drive.google.com/file/d/1si5fVjbmM2o-hFUCVRJgeNG5tBQ5atji/view?usp=drive_link,map_26.webp,,
R191,124k360,34.55872,131.53063,https://drive.google.com/file/d/1si5fVjbmM2o-hFUCVRJgeNG5tBQ5atji/view?usp=drive_link,map_26.webp,,
R191,124k380,34.55875,131.53084,https://drive.google.com/file/d/1si5fVjbmM2o-hFUCVRJgeNG5tBQ5atji/view?usp=drive_link,map_26.webp,,
R191,124k400,34.55878,131.53106,https://drive.google.com/file/d/1si5fVjbmM2o-hFUCVRJgeNG5tBQ5atji/view?usp=drive_link,map_26.webp,,
R191,124k420,34.55881,131.53127,https://drive.google.com/file/d/1si5fVjbmM2o-hFUCVRJgeNG5tBQ5atji/view?usp=drive_link,map_26.webp,,
R191,124k440,34.55885,131.53148,https://drive.google.com/file/d/1si5fVjbmM2o-hFUCVRJgeNG5tBQ5atji/view?usp=drive_link,map_26.webp,,
R191,124k460,34.55888,131.53169,https://drive.google.com/file/d/1si5fVjbmM2o-hFUCVRJgeNG5tBQ5atji/view?usp=drive_link,map_26.webp,,
R191,124k480,34.55891,131.53191,https://drive.google.com/file/d/1si5fVjbmM2o-hFUCVRJgeNG5tBQ5atji/view?usp=drive_link,map_26.webp,,
R191,124k500,34.55894,131.53216,https://drive.google.com/file/d/1si5fVjbmM2o-hFUCVRJgeNG5tBQ5atji/view?usp=drive_link,map_26.webp,1963,2841
R191,124k520,34.55898,131.53237,https://drive.google.com/file/d/1si5fVjbmM2o-hFUCVRJgeNG5tBQ5atji/view?usp=drive_link,map_26.webp,,
R191,124k540,34.55901,131.53259,https://drive.google.com/file/d/1si5fVjbmM2o-hFUCVRJgeNG5tBQ5atji/view?usp=drive_link,map_26.webp,,
R191,124k560,34.55904,131.53279,https://drive.google.com/file/d/1si5fVjbmM2o-hFUCVRJgeNG5tBQ5atji/view?usp=drive_link,map_26.webp,,
R191,124k580,34.55907,131.53301,https://drive.google.com/file/d/1si5fVjbmM2o-hFUCVRJgeNG5tBQ5atji/view?usp=drive_link,map_26.webp,,
R191,124k600,34.55912,131.53322,https://drive.google.com/file/d/1si5fVjbmM2o-hFUCVRJgeNG5tBQ5atji/view?usp=drive_link,map_26.webp,,
R191,124k620,34.55918,131.53342,https://drive.google.com/file/d/1si5fVjbmM2o-hFUCVRJgeNG5tBQ5atji/view?usp=drive_link,map_26.webp,,
R191,124k640,34.55926,131.53362,https://drive.google.com/file/d/1si5fVjbmM2o-hFUCVRJgeNG5tBQ5atji/view?usp=drive_link,map_26.webp,,
R191,124k660,34.55935,131.53381,https://drive.google.com/file/d/1si5fVjbmM2o-hFUCVRJgeNG5tBQ5atji/view?usp=drive_link,map_26.webp,,
R191,124k680,34.55943,131.534,https://drive.google.com/file/d/1si5fVjbmM2o-hFUCVRJgeNG5tBQ5atji/view?usp=drive_link,map_26.webp,,
R191,124k700,34.55952,131.53419,https://drive.google.com/file/d/1si5fVjbmM2o-hFUCVRJgeNG5tBQ5atji/view?usp=drive_link,map_26.webp,,
R191,124k720,34.55961,131.53438,https://drive.google.com/file/d/1si5fVjbmM2o-hFUCVRJgeNG5tBQ5atji/view?usp=drive_link,map_26.webp,,
R191,124k740,34.5597,131.53456,https://drive.google.com/file/d/1si5fVjbmM2o-hFUCVRJgeNG5tBQ5atji/view?usp=drive_link,map_26.webp,,
R191,124k760,34.5598,131.53475,https://drive.google.com/file/d/1si5fVjbmM2o-hFUCVRJgeNG5tBQ5atji/view?usp=drive_link,map_26.webp,,
R191,124k780,34.5599,131.53493,https://drive.google.com/file/d/1si5fVjbmM2o-hFUCVRJgeNG5tBQ5atji/view?usp=drive_link,map_26.webp,,
R191,124k800,34.56001,131.53511,https://drive.google.com/file/d/1si5fVjbmM2o-hFUCVRJgeNG5tBQ5atji/view?usp=drive_link,map_26.webp,,
R191,124k820,34.56012,131.53528,https://drive.google.com/file/d/1si5fVjbmM2o-hFUCVRJgeNG5tBQ5atji/view?usp=drive_link,map_26.webp,,
R191,124k840,34.56024,131.53545,https://drive.google.com/file/d/1si5fVjbmM2o-hFUCVRJgeNG5tBQ5atji/view?usp=drive_link,map_26.webp,,
R191,124k860,34.56036,131.53561,https://drive.google.com/file/d/1si5fVjbmM2o-hFUCVRJgeNG5tBQ5atji/view?usp=drive_link,map_26.webp,,
R191,124k880,34.56048,131.53577,https://drive.google.com/file/d/1si5fVjbmM2o-hFUCVRJgeNG5tBQ5atji/view?usp=drive_link,map_26.webp,,
R191,124k900,34.5606,131.53594,https://drive.google.com/file/d/1si5fVjbmM2o-hFUCVRJgeNG5tBQ5atji/view?usp=drive_link,map_26.webp,,
R191,124k920,34.56073,131.5361,https://drive.google.com/file/d/1si5fVjbmM2o-hFUCVRJgeNG5tBQ5atji/view?usp=drive_link,map_26.webp,,
R191,124k940,34.56085,131.53626,https://drive.google.com/file/d/1si5fVjbmM2o-hFUCVRJgeNG5tBQ5atji/view?usp=drive_link,map_26.webp,,
R191,124k960,34.56097,131.53642,https://drive.google.com/file/d/1si5fVjbmM2o-hFUCVRJgeNG5tBQ5atji/view?usp=drive_link,map_26.webp,,
R191,124k980,34.56109,131.53657,https://drive.google.com/file/d/1si5fVjbmM2o-hFUCVRJgeNG5tBQ5atji/view?usp=drive_link,map_26.webp,,
R191,125k000,34.56121,131.53673,https://drive.google.com/file/d/1si5fVjbmM2o-hFUCVRJgeNG5tBQ5atji/view?usp=drive_link,map_26.webp,4851,1761
R191,125k020,34.56134,131.53689,https://drive.google.com/file/d/1si5fVjbmM2o-hFUCVRJgeNG5tBQ5atji/view?usp=drive_link,map_26.webp,,
R191,125k040,34.56147,131.53704,https://drive.google.com/file/d/1si5fVjbmM2o-hFUCVRJgeNG5tBQ5atji/view?usp=drive_link,map_26.webp,,
R191,125k060,34.56161,131.53717,https://drive.google.com/file/d/1si5fVjbmM2o-hFUCVRJgeNG5tBQ5atji/view?usp=drive_link,map_26.webp,,
R191,125k080,34.56176,131.5373,https://drive.google.com/file/d/1si5fVjbmM2o-hFUCVRJgeNG5tBQ5atji/view?usp=drive_link,map_26.webp,,
R191,125k100,34.56192,131.53742,https://drive.google.com/file/d/1si5fVjbmM2o-hFUCVRJgeNG5tBQ5atji/view?usp=drive_link,map_26.webp,,
R191,125k120,34.56208,131.53753,https://drive.google.com/file/d/1si5fVjbmM2o-hFUCVRJgeNG5tBQ5atji/view?usp=drive_link,map_26.webp,,
R191,125k140,34.56224,131.53764,https://drive.google.com/file/d/1si5fVjbmM2o-hFUCVRJgeNG5tBQ5atji/view?usp=drive_link,map_26.webp,,
R191,125k160,34.56238,131.53777,https://drive.google.com/file/d/1si5fVjbmM2o-hFUCVRJgeNG5tBQ5atji/view?usp=drive_link,map_26.webp,,
R191,125k180,34.56251,131.53792,https://drive.google.com/file/d/1si5fVjbmM2o-hFUCVRJgeNG5tBQ5atji/view?usp=drive_link,map_26.webp,,
R191,125k200,34.56262,131.53808,https://drive.google.com/file/d/1si5fVjbmM2o-hFUCVRJgeNG5tBQ5atji/view?usp=drive_link,map_26.webp,,
R191,125k220,34.56271,131.53826,https://drive.google.com/file/d/1si5fVjbmM2o-hFUCVRJgeNG5tBQ5atji/view?usp=drive_link,map_26.webp,,
R191,125k240,34.56279,131.53845,https://drive.google.com/file/d/1si5fVjbmM2o-hFUCVRJgeNG5tBQ5atji/view?usp=drive_link,map_26.webp,,
R191,125k260,34.56287,131.53865,https://drive.google.com/file/d/1si5fVjbmM2o-hFUCVRJgeNG5tBQ5atji/view?usp=drive_link,map_26.webp,,
R191,125k280,34.56296,131.53884,https://drive.google.com/file/d/1si5fVjbmM2o-hFUCVRJgeNG5tBQ5atji/view?usp=drive_link,map_26.webp,,
R191,125k300,34.56305,131.53903,https://drive.google.com/file/d/1si5fVjbmM2o-hFUCVRJgeNG5tBQ5atji/view?usp=drive_link,map_26.webp,6389,742
R191,125k320,34.56316,131.5392,https://drive.google.com/file/d/1si5fVjbmM2o-hFUCVRJgeNG5tBQ5atji/view?usp=drive_link,map_26.webp,,
R191,125k340,34.56329,131.53936,https://drive.google.com/file/d/1si5fVjbmM2o-hFUCVRJgeNG5tBQ5atji/view?usp=drive_link,map_26.webp,,
R191,125k360,34.56343,131.53949,https://drive.google.com/file/d/1si5fVjbmM2o-hFUCVRJgeNG5tBQ5atji/view?usp=drive_link,map_26.webp,,
R191,125k380,34.56358,131.5396,https://drive.google.com/file/d/1si5fVjbmM2o-hFUCVRJgeNG5tBQ5atji/view?usp=drive_link,map_26.webp,,
R191,125k400,34.56375,131.53971,https://drive.google.com/file/d/1si5fVjbmM2o-hFUCVRJgeNG5tBQ5atji/view?usp=drive_link,map_26.webp,,
R191,125k420,34.56392,131.5398,https://drive.google.com/file/d/1B3EJzHm8-KOMBPpl2lZ0hFEJCMBTUsPM/view?usp=drive_link,map_27.webp,,
R191,125k440,34.56408,131.5399,https://drive.google.com/file/d/1B3EJzHm8-KOMBPpl2lZ0hFEJCMBTUsPM/view?usp=drive_link,map_27.webp,,
R191,125k460,34.56424,131.53999,https://drive.google.com/file/d/1B3EJzHm8-KOMBPpl2lZ0hFEJCMBTUsPM/view?usp=drive_link,map_27.webp,,
R191,125k480,34.56441,131.54008,https://drive.google.com/file/d/1B3EJzHm8-KOMBPpl2lZ0hFEJCMBTUsPM/view?usp=drive_link,map_27.webp,,
R191,125k500,34.56457,131.54018,https://drive.google.com/file/d/1B3EJzHm8-KOMBPpl2lZ0hFEJCMBTUsPM/view?usp=drive_link,map_27.webp,905,573
R191,125k520,34.56473,131.54027,https://drive.google.com/file/d/1B3EJzHm8-KOMBPpl2lZ0hFEJCMBTUsPM/view?usp=drive_link,map_27.webp,,
R191,125k540,34.56489,131.54037,https://drive.google.com/file/d/1B3EJzHm8-KOMBPpl2lZ0hFEJCMBTUsPM/view?usp=drive_link,map_27.webp,,
R191,125k560,34.56505,131.54047,https://drive.google.com/file/d/1B3EJzHm8-KOMBPpl2lZ0hFEJCMBTUsPM/view?usp=drive_link,map_27.webp,,
R191,125k580,34.5652,131.54058,https://drive.google.com/file/d/1B3EJzHm8-KOMBPpl2lZ0hFEJCMBTUsPM/view?usp=drive_link,map_27.webp,,
R191,125k600,34.56535,131.54071,https://drive.google.com/file/d/1B3EJzHm8-KOMBPpl2lZ0hFEJCMBTUsPM/view?usp=drive_link,map_27.webp,,
R191,125k620,34.56549,131.54084,https://drive.google.com/file/d/1B3EJzHm8-KOMBPpl2lZ0hFEJCMBTUsPM/view?usp=drive_link,map_27.webp,,
R191,125k640,34.56563,131.54097,https://drive.google.com/file/d/1B3EJzHm8-KOMBPpl2lZ0hFEJCMBTUsPM/view?usp=drive_link,map_27.webp,,
R191,125k660,34.56577,131.54111,https://drive.google.com/file/d/1B3EJzHm8-KOMBPpl2lZ0hFEJCMBTUsPM/view?usp=drive_link,map_27.webp,,
R191,125k680,34.5659,131.54126,https://drive.google.com/file/d/1B3EJzHm8-KOMBPpl2lZ0hFEJCMBTUsPM/view?usp=drive_link,map_27.webp,,
R191,125k700,34.56603,131.54141,https://drive.google.com/file/d/1B3EJzHm8-KOMBPpl2lZ0hFEJCMBTUsPM/view?usp=drive_link,map_27.webp,,
R191,125k720,34.56616,131.54155,https://drive.google.com/file/d/1B3EJzHm8-KOMBPpl2lZ0hFEJCMBTUsPM/view?usp=drive_link,map_27.webp,,
R191,125k740,34.56629,131.5417,https://drive.google.com/file/d/1B3EJzHm8-KOMBPpl2lZ0hFEJCMBTUsPM/view?usp=drive_link,map_27.webp,,
R191,125k760,34.56642,131.54185,https://drive.google.com/file/d/1B3EJzHm8-KOMBPpl2lZ0hFEJCMBTUsPM/view?usp=drive_link,map_27.webp,,
R191,125k780,34.56656,131.54199,https://drive.google.com/file/d/1B3EJzHm8-KOMBPpl2lZ0hFEJCMBTUsPM/view?usp=drive_link,map_27.webp,,
R191,125k800,34.56669,131.54212,https://drive.google.com/file/d/1B3EJzHm8-KOMBPpl2lZ0hFEJCMBTUsPM/view?usp=drive_link,map_27.webp,,
R191,125k820,34.56683,131.54226,https://drive.google.com/file/d/1B3EJzHm8-KOMBPpl2lZ0hFEJCMBTUsPM/view?usp=drive_link,map_27.webp,,
R191,125k840,34.56698,131.54239,https://drive.google.com/file/d/1B3EJzHm8-KOMBPpl2lZ0hFEJCMBTUsPM/view?usp=drive_link,map_27.webp,,
R191,125k860,34.56713,131.54252,https://drive.google.com/file/d/1B3EJzHm8-KOMBPpl2lZ0hFEJCMBTUsPM/view?usp=drive_link,map_27.webp,,
R191,125k880,34.56728,131.54264,https://drive.google.com/file/d/1B3EJzHm8-KOMBPpl2lZ0hFEJCMBTUsPM/view?usp=drive_link,map_27.webp,,
R191,125k900,34.56744,131.54276,https://drive.google.com/file/d/1B3EJzHm8-KOMBPpl2lZ0hFEJCMBTUsPM/view?usp=drive_link,map_27.webp,4000,999
R191,125k920,34.56759,131.54287,https://drive.google.com/file/d/1B3EJzHm8-KOMBPpl2lZ0hFEJCMBTUsPM/view?usp=drive_link,map_27.webp,,
R191,125k940,34.56775,131.54298,https://drive.google.com/file/d/1B3EJzHm8-KOMBPpl2lZ0hFEJCMBTUsPM/view?usp=drive_link,map_27.webp,,
R191,125k960,34.56791,131.54308,https://drive.google.com/file/d/1B3EJzHm8-KOMBPpl2lZ0hFEJCMBTUsPM/view?usp=drive_link,map_27.webp,,
R191,125k980,34.56807,131.54318,https://drive.google.com/file/d/1B3EJzHm8-KOMBPpl2lZ0hFEJCMBTUsPM/view?usp=drive_link,map_27.webp,,
R191,126k000,34.56824,131.54327,https://drive.google.com/file/d/1B3EJzHm8-KOMBPpl2lZ0hFEJCMBTUsPM/view?usp=drive_link,map_27.webp,,
R191,126k020,34.5684,131.54336,https://drive.google.com/file/d/1B3EJzHm8-KOMBPpl2lZ0hFEJCMBTUsPM/view?usp=drive_link,map_27.webp,,
R191,126k040,34.56857,131.54345,https://drive.google.com/file/d/1B3EJzHm8-KOMBPpl2lZ0hFEJCMBTUsPM/view?usp=drive_link,map_27.webp,,
R191,126k060,34.56873,131.54354,https://drive.google.com/file/d/1B3EJzHm8-KOMBPpl2lZ0hFEJCMBTUsPM/view?usp=drive_link,map_27.webp,,
R191,126k080,34.5689,131.54363,https://drive.google.com/file/d/1B3EJzHm8-KOMBPpl2lZ0hFEJCMBTUsPM/view?usp=drive_link,map_27.webp,,
R191,126k100,34.56905,131.54373,https://drive.google.com/file/d/1B3EJzHm8-KOMBPpl2lZ0hFEJCMBTUsPM/view?usp=drive_link,map_27.webp,,
R191,126k120,34.56921,131.54383,https://drive.google.com/file/d/1B3EJzHm8-KOMBPpl2lZ0hFEJCMBTUsPM/view?usp=drive_link,map_27.webp,,
R191,126k140,34.56936,131.54395,https://drive.google.com/file/d/1B3EJzHm8-KOMBPpl2lZ0hFEJCMBTUsPM/view?usp=drive_link,map_27.webp,,
R191,126k160,34.56951,131.54408,https://drive.google.com/file/d/1B3EJzHm8-KOMBPpl2lZ0hFEJCMBTUsPM/view?usp=drive_link,map_27.webp,,
R191,126k180,34.56965,131.54422,https://drive.google.com/file/d/1B3EJzHm8-KOMBPpl2lZ0hFEJCMBTUsPM/view?usp=drive_link,map_27.webp,,
R191,126k200,34.56976,131.54436,https://drive.google.com/file/d/1B3EJzHm8-KOMBPpl2lZ0hFEJCMBTUsPM/view?usp=drive_link,map_27.webp,6340,1044
R191,126k220,34.56988,131.54453,https://drive.google.com/file/d/1B3EJzHm8-KOMBPpl2lZ0hFEJCMBTUsPM/view?usp=drive_link,map_27.webp,,
R191,126k240,34.56999,131.54471,https://drive.google.com/file/d/1B3EJzHm8-KOMBPpl2lZ0hFEJCMBTUsPM/view?usp=drive_link,map_27.webp,,
R191,126k260,34.57008,131.54489,https://drive.google.com/file/d/1B3EJzHm8-KOMBPpl2lZ0hFEJCMBTUsPM/view?usp=drive_link,map_27.webp,,
R191,126k280,34.57017,131.54508,https://drive.google.com/file/d/1B3EJzHm8-KOMBPpl2lZ0hFEJCMBTUsPM/view?usp=drive_link,map_27.webp,,
R191,126k300,34.57026,131.54527,https://drive.google.com/file/d/1B3EJzHm8-KOMBPpl2lZ0hFEJCMBTUsPM/view?usp=drive_link,map_27.webp,,
R191,126k320,34.57032,131.54544,https://drive.google.com/file/d/1e0RFNRwjPgIdnesnrho0GKGFnfx0fdeR/view?usp=drive_link,map_28.webp,,
R191,126k340,34.5704,131.54563,https://drive.google.com/file/d/1e0RFNRwjPgIdnesnrho0GKGFnfx0fdeR/view?usp=drive_link,map_28.webp,,
R191,126k360,34.57049,131.54583,https://drive.google.com/file/d/1e0RFNRwjPgIdnesnrho0GKGFnfx0fdeR/view?usp=drive_link,map_28.webp,,
R191,126k380,34.57058,131.54602,https://drive.google.com/file/d/1e0RFNRwjPgIdnesnrho0GKGFnfx0fdeR/view?usp=drive_link,map_28.webp,,
R191,126k400,34.57066,131.54621,https://drive.google.com/file/d/1e0RFNRwjPgIdnesnrho0GKGFnfx0fdeR/view?usp=drive_link,map_28.webp,851,1422
R191,126k420,34.57075,131.5464,https://drive.google.com/file/d/1e0RFNRwjPgIdnesnrho0GKGFnfx0fdeR/view?usp=drive_link,map_28.webp,,
R191,126k440,34.57084,131.5466,https://drive.google.com/file/d/1e0RFNRwjPgIdnesnrho0GKGFnfx0fdeR/view?usp=drive_link,map_28.webp,,
R191,126k460,34.57094,131.54679,https://drive.google.com/file/d/1e0RFNRwjPgIdnesnrho0GKGFnfx0fdeR/view?usp=drive_link,map_28.webp,,
R191,126k480,34.57104,131.54697,https://drive.google.com/file/d/1e0RFNRwjPgIdnesnrho0GKGFnfx0fdeR/view?usp=drive_link,map_28.webp,,
R191,126k500,34.57115,131.54716,https://drive.google.com/file/d/1e0RFNRwjPgIdnesnrho0GKGFnfx0fdeR/view?usp=drive_link,map_28.webp,,
R191,126k520,34.57126,131.54734,https://drive.google.com/file/d/1e0RFNRwjPgIdnesnrho0GKGFnfx0fdeR/view?usp=drive_link,map_28.webp,,
R191,126k540,34.57137,131.54751,https://drive.google.com/file/d/1e0RFNRwjPgIdnesnrho0GKGFnfx0fdeR/view?usp=drive_link,map_28.webp,,
R191,126k560,34.57149,131.54768,https://drive.google.com/file/d/1e0RFNRwjPgIdnesnrho0GKGFnfx0fdeR/view?usp=drive_link,map_28.webp,,
R191,126k580,34.57161,131.54785,https://drive.google.com/file/d/1e0RFNRwjPgIdnesnrho0GKGFnfx0fdeR/view?usp=drive_link,map_28.webp,,
R191,126k600,34.57172,131.54801,https://drive.google.com/file/d/1e0RFNRwjPgIdnesnrho0GKGFnfx0fdeR/view?usp=drive_link,map_28.webp,,
R191,126k620,34.57182,131.54817,https://drive.google.com/file/d/1e0RFNRwjPgIdnesnrho0GKGFnfx0fdeR/view?usp=drive_link,map_28.webp,,
R191,126k640,34.57194,131.54834,https://drive.google.com/file/d/1e0RFNRwjPgIdnesnrho0GKGFnfx0fdeR/view?usp=drive_link,map_28.webp,,
R191,126k660,34.57206,131.5485,https://drive.google.com/file/d/1e0RFNRwjPgIdnesnrho0GKGFnfx0fdeR/view?usp=drive_link,map_28.webp,,
R191,126k680,34.57218,131.54866,https://drive.google.com/file/d/1e0RFNRwjPgIdnesnrho0GKGFnfx0fdeR/view?usp=drive_link,map_28.webp,,
R191,126k700,34.5723,131.54882,https://drive.google.com/file/d/1e0RFNRwjPgIdnesnrho0GKGFnfx0fdeR/view?usp=drive_link,map_28.webp,,
R191,126k720,34.57243,131.54897,https://drive.google.com/file/d/1e0RFNRwjPgIdnesnrho0GKGFnfx0fdeR/view?usp=drive_link,map_28.webp,,
R191,126k740,34.57256,131.54912,https://drive.google.com/file/d/1e0RFNRwjPgIdnesnrho0GKGFnfx0fdeR/view?usp=drive_link,map_28.webp,,
R191,126k760,34.57269,131.54927,https://drive.google.com/file/d/1e0RFNRwjPgIdnesnrho0GKGFnfx0fdeR/view?usp=drive_link,map_28.webp,,
R191,126k780,34.57283,131.54941,https://drive.google.com/file/d/1e0RFNRwjPgIdnesnrho0GKGFnfx0fdeR/view?usp=drive_link,map_28.webp,,
R191,126k800,34.57297,131.54955,https://drive.google.com/file/d/1e0RFNRwjPgIdnesnrho0GKGFnfx0fdeR/view?usp=drive_link,map_28.webp,3971,1030
R191,126k820,34.57312,131.54968,https://drive.google.com/file/d/1e0RFNRwjPgIdnesnrho0GKGFnfx0fdeR/view?usp=drive_link,map_28.webp,,
R191,126k840,34.57326,131.54981,https://drive.google.com/file/d/1e0RFNRwjPgIdnesnrho0GKGFnfx0fdeR/view?usp=drive_link,map_28.webp,,
R191,126k860,34.5734,131.54995,https://drive.google.com/file/d/1e0RFNRwjPgIdnesnrho0GKGFnfx0fdeR/view?usp=drive_link,map_28.webp,,
R191,126k880,34.57353,131.5501,https://drive.google.com/file/d/1e0RFNRwjPgIdnesnrho0GKGFnfx0fdeR/view?usp=drive_link,map_28.webp,,
R191,126k900,34.57364,131.55026,https://drive.google.com/file/d/1e0RFNRwjPgIdnesnrho0GKGFnfx0fdeR/view?usp=drive_link,map_28.webp,,
R191,126k920,34.57374,131.55045,https://drive.google.com/file/d/1e0RFNRwjPgIdnesnrho0GKGFnfx0fdeR/view?usp=drive_link,map_28.webp,,
R191,126k940,34.57382,131.55064,https://drive.google.com/file/d/1e0RFNRwjPgIdnesnrho0GKGFnfx0fdeR/view?usp=drive_link,map_28.webp,,
R191,126k960,34.57388,131.55084,https://drive.google.com/file/d/1e0RFNRwjPgIdnesnrho0GKGFnfx0fdeR/view?usp=drive_link,map_28.webp,,
R191,126k980,34.57394,131.55105,https://drive.google.com/file/d/1e0RFNRwjPgIdnesnrho0GKGFnfx0fdeR/view?usp=drive_link,map_28.webp,,
R191,127k000,34.574,131.55125,https://drive.google.com/file/d/1e0RFNRwjPgIdnesnrho0GKGFnfx0fdeR/view?usp=drive_link,map_28.webp,,
R191,127k020,34.57407,131.55143,https://drive.google.com/file/d/1e0RFNRwjPgIdnesnrho0GKGFnfx0fdeR/view?usp=drive_link,map_28.webp,,
R191,127k040,34.57417,131.55163,https://drive.google.com/file/d/1e0RFNRwjPgIdnesnrho0GKGFnfx0fdeR/view?usp=drive_link,map_28.webp,,
R191,127k060,34.57428,131.5518,https://drive.google.com/file/d/1e0RFNRwjPgIdnesnrho0GKGFnfx0fdeR/view?usp=drive_link,map_28.webp,,
R191,127k080,34.57439,131.55194,https://drive.google.com/file/d/1e0RFNRwjPgIdnesnrho0GKGFnfx0fdeR/view?usp=drive_link,map_28.webp,,
R191,127k100,34.57456,131.55211,https://drive.google.com/file/d/1e0RFNRwjPgIdnesnrho0GKGFnfx0fdeR/view?usp=drive_link,map_28.webp,6277,868
R191,127k120,34.5747,131.55223,https://drive.google.com/file/d/1e0RFNRwjPgIdnesnrho0GKGFnfx0fdeR/view?usp=drive_link,map_28.webp,,
R191,127k140,34.57485,131.55236,https://drive.google.com/file/d/1e0RFNRwjPgIdnesnrho0GKGFnfx0fdeR/view?usp=drive_link,map_28.webp,,
R191,127k160,34.575,131.55248,https://drive.google.com/file/d/1e0RFNRwjPgIdnesnrho0GKGFnfx0fdeR/view?usp=drive_link,map_28.webp,,
R191,127k180,34.57515,131.5526,https://drive.google.com/file/d/1e0RFNRwjPgIdnesnrho0GKGFnfx0fdeR/view?usp=drive_link,map_28.webp,,
R191,127k200,34.5753,131.55272,https://drive.google.com/file/d/1e0RFNRwjPgIdnesnrho0GKGFnfx0fdeR/view?usp=drive_link,map_28.webp,,
R191,127k220,34.57545,131.55285,https://drive.google.com/file/d/1s3qv-1C6c7h--1o9Flsnrl5rBTvR6glc/view?usp=drive_link,map_29.webp,,
R191,127k240,34.5756,131.55297,https://drive.google.com/file/d/1s3qv-1C6c7h--1o9Flsnrl5rBTvR6glc/view?usp=drive_link,map_29.webp,,
R191,127k260,34.57575,131.5531,https://drive.google.com/file/d/1s3qv-1C6c7h--1o9Flsnrl5rBTvR6glc/view?usp=drive_link,map_29.webp,,
R191,127k280,34.5759,131.55322,https://drive.google.com/file/d/1s3qv-1C6c7h--1o9Flsnrl5rBTvR6glc/view?usp=drive_link,map_29.webp,,
R191,127k300,34.57604,131.55334,https://drive.google.com/file/d/1s3qv-1C6c7h--1o9Flsnrl5rBTvR6glc/view?usp=drive_link,map_29.webp,939,1475
R191,127k320,34.57619,131.55347,https://drive.google.com/file/d/1s3qv-1C6c7h--1o9Flsnrl5rBTvR6glc/view?usp=drive_link,map_29.webp,,
R191,127k340,34.57634,131.55359,https://drive.google.com/file/d/1s3qv-1C6c7h--1o9Flsnrl5rBTvR6glc/view?usp=drive_link,map_29.webp,,
R191,127k360,34.57649,131.55371,https://drive.google.com/file/d/1s3qv-1C6c7h--1o9Flsnrl5rBTvR6glc/view?usp=drive_link,map_29.webp,,
R191,127k380,34.57664,131.55384,https://drive.google.com/file/d/1s3qv-1C6c7h--1o9Flsnrl5rBTvR6glc/view?usp=drive_link,map_29.webp,,
R191,127k400,34.57678,131.55396,https://drive.google.com/file/d/1s3qv-1C6c7h--1o9Flsnrl5rBTvR6glc/view?usp=drive_link,map_29.webp,,
R191,127k420,34.57693,131.55408,https://drive.google.com/file/d/1s3qv-1C6c7h--1o9Flsnrl5rBTvR6glc/view?usp=drive_link,map_29.webp,,
R191,127k440,34.57708,131.55421,https://drive.google.com/file/d/1s3qv-1C6c7h--1o9Flsnrl5rBTvR6glc/view?usp=drive_link,map_29.webp,,
R191,127k460,34.57723,131.55433,https://drive.google.com/file/d/1s3qv-1C6c7h--1o9Flsnrl5rBTvR6glc/view?usp=drive_link,map_29.webp,,
R191,127k480,34.57738,131.55445,https://drive.google.com/file/d/1s3qv-1C6c7h--1o9Flsnrl5rBTvR6glc/view?usp=drive_link,map_29.webp,,
R191,127k500,34.57753,131.55457,https://drive.google.com/file/d/1s3qv-1C6c7h--1o9Flsnrl5rBTvR6glc/view?usp=drive_link,map_29.webp,,
R191,127k520,34.57767,131.5547,https://drive.google.com/file/d/1s3qv-1C6c7h--1o9Flsnrl5rBTvR6glc/view?usp=drive_link,map_29.webp,,
R191,127k540,34.57782,131.55482,https://drive.google.com/file/d/1s3qv-1C6c7h--1o9Flsnrl5rBTvR6glc/view?usp=drive_link,map_29.webp,,
R191,127k560,34.57797,131.55494,https://drive.google.com/file/d/1s3qv-1C6c7h--1o9Flsnrl5rBTvR6glc/view?usp=drive_link,map_29.webp,,
R191,127k580,34.57813,131.55505,https://drive.google.com/file/d/1s3qv-1C6c7h--1o9Flsnrl5rBTvR6glc/view?usp=drive_link,map_29.webp,,
R191,127k600,34.57828,131.55517,https://drive.google.com/file/d/1s3qv-1C6c7h--1o9Flsnrl5rBTvR6glc/view?usp=drive_link,map_29.webp,3290,1640
R191,127k620,34.57844,131.55527,https://drive.google.com/file/d/1s3qv-1C6c7h--1o9Flsnrl5rBTvR6glc/view?usp=drive_link,map_29.webp,,
R191,127k640,34.57861,131.55536,https://drive.google.com/file/d/1s3qv-1C6c7h--1o9Flsnrl5rBTvR6glc/view?usp=drive_link,map_29.webp,,
R191,127k660,34.57877,131.55545,https://drive.google.com/file/d/1s3qv-1C6c7h--1o9Flsnrl5rBTvR6glc/view?usp=drive_link,map_29.webp,,
R191,127k680,34.57894,131.55552,https://drive.google.com/file/d/1s3qv-1C6c7h--1o9Flsnrl5rBTvR6glc/view?usp=drive_link,map_29.webp,,
R191,127k700,34.57912,131.55559,https://drive.google.com/file/d/1s3qv-1C6c7h--1o9Flsnrl5rBTvR6glc/view?usp=drive_link,map_29.webp,,
R191,127k720,34.57929,131.55565,https://drive.google.com/file/d/1s3qv-1C6c7h--1o9Flsnrl5rBTvR6glc/view?usp=drive_link,map_29.webp,,
R191,127k740,34.57946,131.5557,https://drive.google.com/file/d/1s3qv-1C6c7h--1o9Flsnrl5rBTvR6glc/view?usp=drive_link,map_29.webp,,
R191,127k760,34.57964,131.55574,https://drive.google.com/file/d/1s3qv-1C6c7h--1o9Flsnrl5rBTvR6glc/view?usp=drive_link,map_29.webp,,
R191,127k780,34.57982,131.55577,https://drive.google.com/file/d/1s3qv-1C6c7h--1o9Flsnrl5rBTvR6glc/view?usp=drive_link,map_29.webp,,
R191,127k800,34.58,131.55579,https://drive.google.com/file/d/1s3qv-1C6c7h--1o9Flsnrl5rBTvR6glc/view?usp=drive_link,map_29.webp,,
R191,127k820,34.58018,131.55581,https://drive.google.com/file/d/1s3qv-1C6c7h--1o9Flsnrl5rBTvR6glc/view?usp=drive_link,map_29.webp,,
R191,127k840,34.58036,131.55583,https://drive.google.com/file/d/1s3qv-1C6c7h--1o9Flsnrl5rBTvR6glc/view?usp=drive_link,map_29.webp,,
R191,127k860,34.58054,131.55584,https://drive.google.com/file/d/1s3qv-1C6c7h--1o9Flsnrl5rBTvR6glc/view?usp=drive_link,map_29.webp,,
R191,127k880,34.58072,131.55586,https://drive.google.com/file/d/1s3qv-1C6c7h--1o9Flsnrl5rBTvR6glc/view?usp=drive_link,map_29.webp,,
R191,127k900,34.5809,131.55589,https://drive.google.com/file/d/1s3qv-1C6c7h--1o9Flsnrl5rBTvR6glc/view?usp=drive_link,map_29.webp,,
R191,127k920,34.58108,131.55591,https://drive.google.com/file/d/1s3qv-1C6c7h--1o9Flsnrl5rBTvR6glc/view?usp=drive_link,map_29.webp,,
R191,127k940,34.58126,131.55595,https://drive.google.com/file/d/1s3qv-1C6c7h--1o9Flsnrl5rBTvR6glc/view?usp=drive_link,map_29.webp,,
R191,127k960,34.58143,131.55601,https://drive.google.com/file/d/1s3qv-1C6c7h--1o9Flsnrl5rBTvR6glc/view?usp=drive_link,map_29.webp,,
R191,127k980,34.58161,131.55607,https://drive.google.com/file/d/1s3qv-1C6c7h--1o9Flsnrl5rBTvR6glc/view?usp=drive_link,map_29.webp,,
R191,128k000,34.58176,131.55614,https://drive.google.com/file/d/1s3qv-1C6c7h--1o9Flsnrl5rBTvR6glc/view?usp=drive_link,map_29.webp,6277,737
R191,128k020,34.58193,131.55623,https://drive.google.com/file/d/1s3qv-1C6c7h--1o9Flsnrl5rBTvR6glc/view?usp=drive_link,map_29.webp,,
R191,128k040,34.58209,131.55633,https://drive.google.com/file/d/1s3qv-1C6c7h--1o9Flsnrl5rBTvR6glc/view?usp=drive_link,map_29.webp,,
R191,128k060,34.58224,131.55644,https://drive.google.com/file/d/1s3qv-1C6c7h--1o9Flsnrl5rBTvR6glc/view?usp=drive_link,map_29.webp,,
R191,128k080,34.5824,131.55656,https://drive.google.com/file/d/1s3qv-1C6c7h--1o9Flsnrl5rBTvR6glc/view?usp=drive_link,map_29.webp,,
R191,128k100,34.58254,131.55669,https://drive.google.com/file/d/1s3qv-1C6c7h--1o9Flsnrl5rBTvR6glc/view?usp=drive_link,map_29.webp,,
R191,128k120,34.58268,131.55681,https://drive.google.com/file/d/1Ubca1E8mmhYDMBkuacBWCJ11mqLBj-2F/view?usp=drive_link,map_30.webp,,
R191,128k140,34.58282,131.55695,https://drive.google.com/file/d/1Ubca1E8mmhYDMBkuacBWCJ11mqLBj-2F/view?usp=drive_link,map_30.webp,,
R191,128k160,34.58296,131.55708,https://drive.google.com/file/d/1Ubca1E8mmhYDMBkuacBWCJ11mqLBj-2F/view?usp=drive_link,map_30.webp,,
R191,128k180,34.58311,131.55722,https://drive.google.com/file/d/1Ubca1E8mmhYDMBkuacBWCJ11mqLBj-2F/view?usp=drive_link,map_30.webp,,
R191,128k200,34.58325,131.55735,https://drive.google.com/file/d/1Ubca1E8mmhYDMBkuacBWCJ11mqLBj-2F/view?usp=drive_link,map_30.webp,950,667
R191,128k220,34.58339,131.55749,https://drive.google.com/file/d/1Ubca1E8mmhYDMBkuacBWCJ11mqLBj-2F/view?usp=drive_link,map_30.webp,,
R191,128k240,34.58354,131.55762,https://drive.google.com/file/d/1Ubca1E8mmhYDMBkuacBWCJ11mqLBj-2F/view?usp=drive_link,map_30.webp,,
R191,128k260,34.58368,131.55776,https://drive.google.com/file/d/1Ubca1E8mmhYDMBkuacBWCJ11mqLBj-2F/view?usp=drive_link,map_30.webp,,
R191,128k280,34.58382,131.55789,https://drive.google.com/file/d/1Ubca1E8mmhYDMBkuacBWCJ11mqLBj-2F/view?usp=drive_link,map_30.webp,,
R191,128k300,34.58395,131.55803,https://drive.google.com/file/d/1Ubca1E8mmhYDMBkuacBWCJ11mqLBj-2F/view?usp=drive_link,map_30.webp,,
R191,128k320,34.58408,131.55818,https://drive.google.com/file/d/1Ubca1E8mmhYDMBkuacBWCJ11mqLBj-2F/view?usp=drive_link,map_30.webp,,
R191,128k340,34.58421,131.55833,https://drive.google.com/file/d/1Ubca1E8mmhYDMBkuacBWCJ11mqLBj-2F/view?usp=drive_link,map_30.webp,,
R191,128k360,34.58433,131.55849,https://drive.google.com/file/d/1Ubca1E8mmhYDMBkuacBWCJ11mqLBj-2F/view?usp=drive_link,map_30.webp,,
R191,128k380,34.58445,131.55866,https://drive.google.com/file/d/1Ubca1E8mmhYDMBkuacBWCJ11mqLBj-2F/view?usp=drive_link,map_30.webp,,
R191,128k400,34.58455,131.55882,https://drive.google.com/file/d/1Ubca1E8mmhYDMBkuacBWCJ11mqLBj-2F/view?usp=drive_link,map_30.webp,,
R191,128k420,34.58466,131.55899,https://drive.google.com/file/d/1Ubca1E8mmhYDMBkuacBWCJ11mqLBj-2F/view?usp=drive_link,map_30.webp,,
R191,128k440,34.58477,131.55916,https://drive.google.com/file/d/1Ubca1E8mmhYDMBkuacBWCJ11mqLBj-2F/view?usp=drive_link,map_30.webp,,
R191,128k460,34.58488,131.55933,https://drive.google.com/file/d/1Ubca1E8mmhYDMBkuacBWCJ11mqLBj-2F/view?usp=drive_link,map_30.webp,,
R191,128k480,34.585,131.55951,https://drive.google.com/file/d/1Ubca1E8mmhYDMBkuacBWCJ11mqLBj-2F/view?usp=drive_link,map_30.webp,,
R191,128k500,34.58511,131.55968,https://drive.google.com/file/d/1Ubca1E8mmhYDMBkuacBWCJ11mqLBj-2F/view?usp=drive_link,map_30.webp,,
R191,128k520,34.58522,131.55985,https://drive.google.com/file/d/1Ubca1E8mmhYDMBkuacBWCJ11mqLBj-2F/view?usp=drive_link,map_30.webp,,
R191,128k540,34.58533,131.56002,https://drive.google.com/file/d/1Ubca1E8mmhYDMBkuacBWCJ11mqLBj-2F/view?usp=drive_link,map_30.webp,,
R191,128k560,34.58544,131.5602,https://drive.google.com/file/d/1Ubca1E8mmhYDMBkuacBWCJ11mqLBj-2F/view?usp=drive_link,map_30.webp,,
R191,128k580,34.58555,131.56037,https://drive.google.com/file/d/1Ubca1E8mmhYDMBkuacBWCJ11mqLBj-2F/view?usp=drive_link,map_30.webp,,
R191,128k600,34.58566,131.56054,https://drive.google.com/file/d/1Ubca1E8mmhYDMBkuacBWCJ11mqLBj-2F/view?usp=drive_link,map_30.webp,4047,1014
R191,128k620,34.58577,131.56071,https://drive.google.com/file/d/1Ubca1E8mmhYDMBkuacBWCJ11mqLBj-2F/view?usp=drive_link,map_30.webp,,
R191,128k640,34.58588,131.56088,https://drive.google.com/file/d/1Ubca1E8mmhYDMBkuacBWCJ11mqLBj-2F/view?usp=drive_link,map_30.webp,,
R191,128k660,34.58599,131.56106,https://drive.google.com/file/d/1Ubca1E8mmhYDMBkuacBWCJ11mqLBj-2F/view?usp=drive_link,map_30.webp,,
R191,128k680,34.58609,131.56123,https://drive.google.com/file/d/1Ubca1E8mmhYDMBkuacBWCJ11mqLBj-2F/view?usp=drive_link,map_30.webp,,
R191,128k700,34.5862,131.56141,https://drive.google.com/file/d/1Ubca1E8mmhYDMBkuacBWCJ11mqLBj-2F/view?usp=drive_link,map_30.webp,,
R191,128k720,34.58631,131.56158,https://drive.google.com/file/d/1Ubca1E8mmhYDMBkuacBWCJ11mqLBj-2F/view?usp=drive_link,map_30.webp,,
R191,128k740,34.58641,131.56176,https://drive.google.com/file/d/1Ubca1E8mmhYDMBkuacBWCJ11mqLBj-2F/view?usp=drive_link,map_30.webp,,
R191,128k760,34.58652,131.56193,https://drive.google.com/file/d/1Ubca1E8mmhYDMBkuacBWCJ11mqLBj-2F/view?usp=drive_link,map_30.webp,,
R191,128k780,34.58662,131.56211,https://drive.google.com/file/d/1Ubca1E8mmhYDMBkuacBWCJ11mqLBj-2F/view?usp=drive_link,map_30.webp,,
R191,128k800,34.58671,131.5623,https://drive.google.com/file/d/1Ubca1E8mmhYDMBkuacBWCJ11mqLBj-2F/view?usp=drive_link,map_30.webp,,
R191,128k820,34.58679,131.5625,https://drive.google.com/file/d/1Ubca1E8mmhYDMBkuacBWCJ11mqLBj-2F/view?usp=drive_link,map_30.webp,,
R191,128k840,34.58685,131.5627,https://drive.google.com/file/d/1Ubca1E8mmhYDMBkuacBWCJ11mqLBj-2F/view?usp=drive_link,map_30.webp,,
R191,128k860,34.58691,131.56291,https://drive.google.com/file/d/1Ubca1E8mmhYDMBkuacBWCJ11mqLBj-2F/view?usp=drive_link,map_30.webp,,
R191,128k880,34.58695,131.56312,https://drive.google.com/file/d/1Ubca1E8mmhYDMBkuacBWCJ11mqLBj-2F/view?usp=drive_link,map_30.webp,,
R191,128k900,34.58698,131.56332,https://drive.google.com/file/d/1Ubca1E8mmhYDMBkuacBWCJ11mqLBj-2F/view?usp=drive_link,map_30.webp,6237,1762
R191,128k920,34.58701,131.56353,https://drive.google.com/file/d/1Ubca1E8mmhYDMBkuacBWCJ11mqLBj-2F/view?usp=drive_link,map_30.webp,,
R191,128k940,34.58702,131.56375,https://drive.google.com/file/d/1Ubca1E8mmhYDMBkuacBWCJ11mqLBj-2F/view?usp=drive_link,map_30.webp,,
R191,128k960,34.58701,131.56397,https://drive.google.com/file/d/1Ubca1E8mmhYDMBkuacBWCJ11mqLBj-2F/view?usp=drive_link,map_30.webp,,
R191,128k980,34.587,131.56419,https://drive.google.com/file/d/1Ubca1E8mmhYDMBkuacBWCJ11mqLBj-2F/view?usp=drive_link,map_30.webp,,
R191,129k000,34.58698,131.56441,https://drive.google.com/file/d/1Ubca1E8mmhYDMBkuacBWCJ11mqLBj-2F/view?usp=drive_link,map_30.webp,,
R191,129k020,34.58698,131.56464,https://drive.google.com/file/d/1P5uhZhU1LDWlr9sJkFA0Z1887wswMTCf/view?usp=drive_link,map_31.webp,,
R191,129k040,34.58695,131.56485,https://drive.google.com/file/d/1P5uhZhU1LDWlr9sJkFA0Z1887wswMTCf/view?usp=drive_link,map_31.webp,,
R191,129k060,34.58692,131.56506,https://drive.google.com/file/d/1P5uhZhU1LDWlr9sJkFA0Z1887wswMTCf/view?usp=drive_link,map_31.webp,,
R191,129k080,34.5869,131.56528,https://drive.google.com/file/d/1P5uhZhU1LDWlr9sJkFA0Z1887wswMTCf/view?usp=drive_link,map_31.webp,,
R191,129k100,34.58687,131.56548,https://drive.google.com/file/d/1P5uhZhU1LDWlr9sJkFA0Z1887wswMTCf/view?usp=drive_link,map_31.webp,713,4248
R191,129k120,34.58685,131.5657,https://drive.google.com/file/d/1P5uhZhU1LDWlr9sJkFA0Z1887wswMTCf/view?usp=drive_link,map_31.webp,,
R191,129k140,34.58682,131.56591,https://drive.google.com/file/d/1P5uhZhU1LDWlr9sJkFA0Z1887wswMTCf/view?usp=drive_link,map_31.webp,,
R191,129k160,34.5868,131.56613,https://drive.google.com/file/d/1P5uhZhU1LDWlr9sJkFA0Z1887wswMTCf/view?usp=drive_link,map_31.webp,,
R191,129k180,34.58677,131.56634,https://drive.google.com/file/d/1P5uhZhU1LDWlr9sJkFA0Z1887wswMTCf/view?usp=drive_link,map_31.webp,,
R191,129k200,34.58675,131.56655,https://drive.google.com/file/d/1P5uhZhU1LDWlr9sJkFA0Z1887wswMTCf/view?usp=drive_link,map_31.webp,,
R191,129k220,34.58672,131.56677,https://drive.google.com/file/d/1P5uhZhU1LDWlr9sJkFA0Z1887wswMTCf/view?usp=drive_link,map_31.webp,,
R191,129k240,34.5867,131.56698,https://drive.google.com/file/d/1P5uhZhU1LDWlr9sJkFA0Z1887wswMTCf/view?usp=drive_link,map_31.webp,,
R191,129k260,34.58668,131.5672,https://drive.google.com/file/d/1P5uhZhU1LDWlr9sJkFA0Z1887wswMTCf/view?usp=drive_link,map_31.webp,,
R191,129k280,34.58668,131.56741,https://drive.google.com/file/d/1P5uhZhU1LDWlr9sJkFA0Z1887wswMTCf/view?usp=drive_link,map_31.webp,,
R191,129k300,34.5867,131.56765,https://drive.google.com/file/d/1P5uhZhU1LDWlr9sJkFA0Z1887wswMTCf/view?usp=drive_link,map_31.webp,,
R191,129k320,34.58674,131.56786,https://drive.google.com/file/d/1P5uhZhU1LDWlr9sJkFA0Z1887wswMTCf/view?usp=drive_link,map_31.webp,,
R191,129k340,34.5868,131.56807,https://drive.google.com/file/d/1P5uhZhU1LDWlr9sJkFA0Z1887wswMTCf/view?usp=drive_link,map_31.webp,,
R191,129k360,34.58689,131.56826,https://drive.google.com/file/d/1P5uhZhU1LDWlr9sJkFA0Z1887wswMTCf/view?usp=drive_link,map_31.webp,,
R191,129k380,34.58699,131.56844,https://drive.google.com/file/d/1P5uhZhU1LDWlr9sJkFA0Z1887wswMTCf/view?usp=drive_link,map_31.webp,,
R191,129k400,34.58713,131.56862,https://drive.google.com/file/d/1P5uhZhU1LDWlr9sJkFA0Z1887wswMTCf/view?usp=drive_link,map_31.webp,,
R191,129k420,34.58727,131.5688,https://drive.google.com/file/d/1P5uhZhU1LDWlr9sJkFA0Z1887wswMTCf/view?usp=drive_link,map_31.webp,,
R191,129k440,34.58738,131.56893,https://drive.google.com/file/d/1P5uhZhU1LDWlr9sJkFA0Z1887wswMTCf/view?usp=drive_link,map_31.webp,,
R191,129k460,34.58751,131.56908,https://drive.google.com/file/d/1P5uhZhU1LDWlr9sJkFA0Z1887wswMTCf/view?usp=drive_link,map_31.webp,,
R191,129k480,34.58762,131.56925,https://drive.google.com/file/d/1P5uhZhU1LDWlr9sJkFA0Z1887wswMTCf/view?usp=drive_link,map_31.webp,,
R191,129k500,34.58771,131.56942,https://drive.google.com/file/d/1P5uhZhU1LDWlr9sJkFA0Z1887wswMTCf/view?usp=drive_link,map_31.webp,,
R191,129k520,34.5878,131.56961,https://drive.google.com/file/d/1P5uhZhU1LDWlr9sJkFA0Z1887wswMTCf/view?usp=drive_link,map_31.webp,,
R191,129k540,34.58786,131.56981,https://drive.google.com/file/d/1P5uhZhU1LDWlr9sJkFA0Z1887wswMTCf/view?usp=drive_link,map_31.webp,,
R191,129k560,34.58791,131.57002,https://drive.google.com/file/d/1P5uhZhU1LDWlr9sJkFA0Z1887wswMTCf/view?usp=drive_link,map_31.webp,,
R191,惣郷除雪基地,34.5878768056,131.5697879139,https://drive.google.com/file/d/1P5uhZhU1LDWlr9sJkFA0Z1887wswMTCf/view?usp=drive_link,map_31.webp,,
R191,129k580,34.58793,131.57024,https://drive.google.com/file/d/1P5uhZhU1LDWlr9sJkFA0Z1887wswMTCf/view?usp=drive_link,map_31.webp,,
R191,129k600,34.58795,131.57043,https://drive.google.com/file/d/1P5uhZhU1LDWlr9sJkFA0Z1887wswMTCf/view?usp=drive_link,map_31.webp,3438,3103
R191,129k620,34.58795,131.57067,https://drive.google.com/file/d/1P5uhZhU1LDWlr9sJkFA0Z1887wswMTCf/view?usp=drive_link,map_31.webp,,
R191,129k640,34.58795,131.57087,https://drive.google.com/file/d/1P5uhZhU1LDWlr9sJkFA0Z1887wswMTCf/view?usp=drive_link,map_31.webp,,
R191,129k660,34.58796,131.57109,https://drive.google.com/file/d/1P5uhZhU1LDWlr9sJkFA0Z1887wswMTCf/view?usp=drive_link,map_31.webp,,
R191,129k680,34.58798,131.5713,https://drive.google.com/file/d/1P5uhZhU1LDWlr9sJkFA0Z1887wswMTCf/view?usp=drive_link,map_31.webp,,
R191,129k700,34.58803,131.57154,https://drive.google.com/file/d/1P5uhZhU1LDWlr9sJkFA0Z1887wswMTCf/view?usp=drive_link,map_31.webp,,
R191,129k720,34.58808,131.57174,https://drive.google.com/file/d/1P5uhZhU1LDWlr9sJkFA0Z1887wswMTCf/view?usp=drive_link,map_31.webp,,
R191,129k740,34.58816,131.57194,https://drive.google.com/file/d/1P5uhZhU1LDWlr9sJkFA0Z1887wswMTCf/view?usp=drive_link,map_31.webp,,
R191,129k760,34.58824,131.57213,https://drive.google.com/file/d/1P5uhZhU1LDWlr9sJkFA0Z1887wswMTCf/view?usp=drive_link,map_31.webp,,
R191,129k780,34.58835,131.57231,https://drive.google.com/file/d/1P5uhZhU1LDWlr9sJkFA0Z1887wswMTCf/view?usp=drive_link,map_31.webp,,
R191,129k800,34.58848,131.5725,https://drive.google.com/file/d/1P5uhZhU1LDWlr9sJkFA0Z1887wswMTCf/view?usp=drive_link,map_31.webp,,
R191,129k820,34.58861,131.57265,https://drive.google.com/file/d/1P5uhZhU1LDWlr9sJkFA0Z1887wswMTCf/view?usp=drive_link,map_31.webp,,
R191,129k840,34.58876,131.57277,https://drive.google.com/file/d/1P5uhZhU1LDWlr9sJkFA0Z1887wswMTCf/view?usp=drive_link,map_31.webp,,
R191,129k860,34.58891,131.57289,https://drive.google.com/file/d/1P5uhZhU1LDWlr9sJkFA0Z1887wswMTCf/view?usp=drive_link,map_31.webp,,
R191,129k880,34.58907,131.57298,https://drive.google.com/file/d/1P5uhZhU1LDWlr9sJkFA0Z1887wswMTCf/view?usp=drive_link,map_31.webp,,
R191,129k900,34.58926,131.57306,https://drive.google.com/file/d/1P5uhZhU1LDWlr9sJkFA0Z1887wswMTCf/view?usp=drive_link,map_31.webp,,
R191,129k920,34.58945,131.57311,https://drive.google.com/file/d/1P5uhZhU1LDWlr9sJkFA0Z1887wswMTCf/view?usp=drive_link,map_31.webp,,
R191,129k940,34.58962,131.57314,https://drive.google.com/file/d/1P5uhZhU1LDWlr9sJkFA0Z1887wswMTCf/view?usp=drive_link,map_31.webp,,
R191,129k960,34.5898,131.57317,https://drive.google.com/file/d/1P5uhZhU1LDWlr9sJkFA0Z1887wswMTCf/view?usp=drive_link,map_31.webp,,
R191,130k000,34.58996,131.57319,https://drive.google.com/file/d/1P5uhZhU1LDWlr9sJkFA0Z1887wswMTCf/view?usp=drive_link,map_31.webp,4817,1481
R191,130k020,34.59014,131.57322,https://drive.google.com/file/d/1P5uhZhU1LDWlr9sJkFA0Z1887wswMTCf/view?usp=drive_link,map_31.webp,,
R191,130k040,34.59032,131.57324,https://drive.google.com/file/d/1P5uhZhU1LDWlr9sJkFA0Z1887wswMTCf/view?usp=drive_link,map_31.webp,,
R191,130k060,34.5905,131.57327,https://drive.google.com/file/d/1P5uhZhU1LDWlr9sJkFA0Z1887wswMTCf/view?usp=drive_link,map_31.webp,,
R191,130k080,34.59068,131.5733,https://drive.google.com/file/d/1P5uhZhU1LDWlr9sJkFA0Z1887wswMTCf/view?usp=drive_link,map_31.webp,,
R191,130k100,34.59085,131.57332,https://drive.google.com/file/d/1P5uhZhU1LDWlr9sJkFA0Z1887wswMTCf/view?usp=drive_link,map_31.webp,,
R191,130k120,34.59103,131.57335,https://drive.google.com/file/d/1P5uhZhU1LDWlr9sJkFA0Z1887wswMTCf/view?usp=drive_link,map_31.webp,,
R191,130k140,34.59121,131.57338,https://drive.google.com/file/d/1P5uhZhU1LDWlr9sJkFA0Z1887wswMTCf/view?usp=drive_link,map_31.webp,,
R191,130k160,34.59139,131.5734,https://drive.google.com/file/d/1P5uhZhU1LDWlr9sJkFA0Z1887wswMTCf/view?usp=drive_link,map_31.webp,,
R191,130k180,34.59157,131.57343,https://drive.google.com/file/d/1P5uhZhU1LDWlr9sJkFA0Z1887wswMTCf/view?usp=drive_link,map_31.webp,,
R191,130k200,34.5916,131.57356,https://drive.google.com/file/d/1P5uhZhU1LDWlr9sJkFA0Z1887wswMTCf/view?usp=drive_link,map_31.webp,,
R191,130k220,34.59178,131.5736,https://drive.google.com/file/d/1UYZ0pQier6nN_fEkZPjvV4F2QMcTmtbR/view?usp=drive_link,map_32.webp,,
R191,130k240,34.59196,131.57365,https://drive.google.com/file/d/1UYZ0pQier6nN_fEkZPjvV4F2QMcTmtbR/view?usp=drive_link,map_32.webp,,
R191,130k260,34.59213,131.57372,https://drive.google.com/file/d/1UYZ0pQier6nN_fEkZPjvV4F2QMcTmtbR/view?usp=drive_link,map_32.webp,,
R191,130k280,34.5923,131.5738,https://drive.google.com/file/d/1UYZ0pQier6nN_fEkZPjvV4F2QMcTmtbR/view?usp=drive_link,map_32.webp,,
R191,130k300,34.59246,131.57388,https://drive.google.com/file/d/1UYZ0pQier6nN_fEkZPjvV4F2QMcTmtbR/view?usp=drive_link,map_32.webp,747,501
R191,130k320,34.59262,131.57398,https://drive.google.com/file/d/1UYZ0pQier6nN_fEkZPjvV4F2QMcTmtbR/view?usp=drive_link,map_32.webp,,
R191,130k340,34.59278,131.57408,https://drive.google.com/file/d/1UYZ0pQier6nN_fEkZPjvV4F2QMcTmtbR/view?usp=drive_link,map_32.webp,,
R191,130k360,34.59294,131.57419,https://drive.google.com/file/d/1UYZ0pQier6nN_fEkZPjvV4F2QMcTmtbR/view?usp=drive_link,map_32.webp,,
R191,130k380,34.5931,131.5743,https://drive.google.com/file/d/1UYZ0pQier6nN_fEkZPjvV4F2QMcTmtbR/view?usp=drive_link,map_32.webp,,
R191,130k400,34.59325,131.57441,https://drive.google.com/file/d/1UYZ0pQier6nN_fEkZPjvV4F2QMcTmtbR/view?usp=drive_link,map_32.webp,,
R191,130k420,34.59341,131.57451,https://drive.google.com/file/d/1UYZ0pQier6nN_fEkZPjvV4F2QMcTmtbR/view?usp=drive_link,map_32.webp,,
R191,130k440,34.59357,131.57462,https://drive.google.com/file/d/1UYZ0pQier6nN_fEkZPjvV4F2QMcTmtbR/view?usp=drive_link,map_32.webp,,
R191,130k460,34.59373,131.57472,https://drive.google.com/file/d/1UYZ0pQier6nN_fEkZPjvV4F2QMcTmtbR/view?usp=drive_link,map_32.webp,,
R191,130k480,34.59388,131.57483,https://drive.google.com/file/d/1UYZ0pQier6nN_fEkZPjvV4F2QMcTmtbR/view?usp=drive_link,map_32.webp,,
R191,130k500,34.59404,131.57494,https://drive.google.com/file/d/1UYZ0pQier6nN_fEkZPjvV4F2QMcTmtbR/view?usp=drive_link,map_32.webp,,
R191,130k520,34.5942,131.57504,https://drive.google.com/file/d/1UYZ0pQier6nN_fEkZPjvV4F2QMcTmtbR/view?usp=drive_link,map_32.webp,,
R191,130k540,34.59435,131.57515,https://drive.google.com/file/d/1UYZ0pQier6nN_fEkZPjvV4F2QMcTmtbR/view?usp=drive_link,map_32.webp,,
R191,130k560,34.5945,131.57527,https://drive.google.com/file/d/1UYZ0pQier6nN_fEkZPjvV4F2QMcTmtbR/view?usp=drive_link,map_32.webp,,
R191,130k580,34.59464,131.5754,https://drive.google.com/file/d/1UYZ0pQier6nN_fEkZPjvV4F2QMcTmtbR/view?usp=drive_link,map_32.webp,,
R191,130k600,34.59477,131.57554,https://drive.google.com/file/d/1UYZ0pQier6nN_fEkZPjvV4F2QMcTmtbR/view?usp=drive_link,map_32.webp,,
R191,130k620,34.59489,131.5757,https://drive.google.com/file/d/1UYZ0pQier6nN_fEkZPjvV4F2QMcTmtbR/view?usp=drive_link,map_32.webp,,
R191,130k640,34.59501,131.57586,https://drive.google.com/file/d/1UYZ0pQier6nN_fEkZPjvV4F2QMcTmtbR/view?usp=drive_link,map_32.webp,,
R191,130k660,34.59512,131.57603,https://drive.google.com/file/d/1UYZ0pQier6nN_fEkZPjvV4F2QMcTmtbR/view?usp=drive_link,map_32.webp,,
R191,130k680,34.59521,131.57621,https://drive.google.com/file/d/1UYZ0pQier6nN_fEkZPjvV4F2QMcTmtbR/view?usp=drive_link,map_32.webp,,
R191,130k700,34.5953,131.5764,https://drive.google.com/file/d/1UYZ0pQier6nN_fEkZPjvV4F2QMcTmtbR/view?usp=drive_link,map_32.webp,,
R191,130k720,34.59538,131.57659,https://drive.google.com/file/d/1UYZ0pQier6nN_fEkZPjvV4F2QMcTmtbR/view?usp=drive_link,map_32.webp,,
R191,130k740,34.59546,131.57678,https://drive.google.com/file/d/1UYZ0pQier6nN_fEkZPjvV4F2QMcTmtbR/view?usp=drive_link,map_32.webp,,
R191,130k760,34.59554,131.57697,https://drive.google.com/file/d/1UYZ0pQier6nN_fEkZPjvV4F2QMcTmtbR/view?usp=drive_link,map_32.webp,,
R191,130k780,34.59562,131.57717,https://drive.google.com/file/d/1UYZ0pQier6nN_fEkZPjvV4F2QMcTmtbR/view?usp=drive_link,map_32.webp,,
R191,130k800,34.59573,131.5774,https://drive.google.com/file/d/1UYZ0pQier6nN_fEkZPjvV4F2QMcTmtbR/view?usp=drive_link,map_32.webp,3581,1622
R191,130k820,34.59581,131.57759,https://drive.google.com/file/d/1UYZ0pQier6nN_fEkZPjvV4F2QMcTmtbR/view?usp=drive_link,map_32.webp,,
R191,130k840,34.5959,131.57778,https://drive.google.com/file/d/1UYZ0pQier6nN_fEkZPjvV4F2QMcTmtbR/view?usp=drive_link,map_32.webp,,
R191,130k860,34.59599,131.57797,https://drive.google.com/file/d/1UYZ0pQier6nN_fEkZPjvV4F2QMcTmtbR/view?usp=drive_link,map_32.webp,,
R191,130k880,34.59608,131.57816,https://drive.google.com/file/d/1UYZ0pQier6nN_fEkZPjvV4F2QMcTmtbR/view?usp=drive_link,map_32.webp,,
R191,130k900,34.59617,131.57835,https://drive.google.com/file/d/1UYZ0pQier6nN_fEkZPjvV4F2QMcTmtbR/view?usp=drive_link,map_32.webp,,
R191,130k920,34.59625,131.57854,https://drive.google.com/file/d/1UYZ0pQier6nN_fEkZPjvV4F2QMcTmtbR/view?usp=drive_link,map_32.webp,,
R191,130k940,34.59634,131.57873,https://drive.google.com/file/d/1UYZ0pQier6nN_fEkZPjvV4F2QMcTmtbR/view?usp=drive_link,map_32.webp,,
R191,130k960,34.59643,131.57892,https://drive.google.com/file/d/1UYZ0pQier6nN_fEkZPjvV4F2QMcTmtbR/view?usp=drive_link,map_32.webp,,
R191,130k980,34.59652,131.57911,https://drive.google.com/file/d/1UYZ0pQier6nN_fEkZPjvV4F2QMcTmtbR/view?usp=drive_link,map_32.webp,,
R191,131k000,34.59661,131.5793,https://drive.google.com/file/d/1UYZ0pQier6nN_fEkZPjvV4F2QMcTmtbR/view?usp=drive_link,map_32.webp,,
R191,131k020,34.59669,131.57949,https://drive.google.com/file/d/1UYZ0pQier6nN_fEkZPjvV4F2QMcTmtbR/view?usp=drive_link,map_32.webp,,
R191,131k040,34.59678,131.57968,https://drive.google.com/file/d/1UYZ0pQier6nN_fEkZPjvV4F2QMcTmtbR/view?usp=drive_link,map_32.webp,,
R191,131k060,34.59687,131.57987,https://drive.google.com/file/d/1UYZ0pQier6nN_fEkZPjvV4F2QMcTmtbR/view?usp=drive_link,map_32.webp,,
R191,131k080,34.59695,131.58006,https://drive.google.com/file/d/1UYZ0pQier6nN_fEkZPjvV4F2QMcTmtbR/view?usp=drive_link,map_32.webp,,
R191,131k100,34.59704,131.58026,https://drive.google.com/file/d/1UYZ0pQier6nN_fEkZPjvV4F2QMcTmtbR/view?usp=drive_link,map_32.webp,,
R191,131k120,34.59713,131.58045,https://drive.google.com/file/d/1UYZ0pQier6nN_fEkZPjvV4F2QMcTmtbR/view?usp=drive_link,map_32.webp,,
R191,131k140,34.5972,131.58063,https://drive.google.com/file/d/1UYZ0pQier6nN_fEkZPjvV4F2QMcTmtbR/view?usp=drive_link,map_32.webp,,
R191,131k160,34.59729,131.58083,https://drive.google.com/file/d/1UYZ0pQier6nN_fEkZPjvV4F2QMcTmtbR/view?usp=drive_link,map_32.webp,,
R191,131k180,34.59738,131.58103,https://drive.google.com/file/d/1UYZ0pQier6nN_fEkZPjvV4F2QMcTmtbR/view?usp=drive_link,map_32.webp,,
R191,131k200,34.59746,131.58122,https://drive.google.com/file/d/1UYZ0pQier6nN_fEkZPjvV4F2QMcTmtbR/view?usp=drive_link,map_32.webp,,
R191,131k220,34.59755,131.58141,https://drive.google.com/file/d/1UYZ0pQier6nN_fEkZPjvV4F2QMcTmtbR/view?usp=drive_link,map_32.webp,,
R191,131k240,34.59763,131.5816,https://drive.google.com/file/d/1UYZ0pQier6nN_fEkZPjvV4F2QMcTmtbR/view?usp=drive_link,map_32.webp,,
R191,131k260,34.59772,131.5818,https://drive.google.com/file/d/1UYZ0pQier6nN_fEkZPjvV4F2QMcTmtbR/view?usp=drive_link,map_32.webp,,
R191,131k280,34.5978,131.58199,https://drive.google.com/file/d/1UYZ0pQier6nN_fEkZPjvV4F2QMcTmtbR/view?usp=drive_link,map_32.webp,,
R191,131k300,34.59788,131.58218,https://drive.google.com/file/d/1UYZ0pQier6nN_fEkZPjvV4F2QMcTmtbR/view?usp=drive_link,map_32.webp,5865,3793
R191,131k320,34.59797,131.58238,https://drive.google.com/file/d/1UYZ0pQier6nN_fEkZPjvV4F2QMcTmtbR/view?usp=drive_link,map_32.webp,,
R191,131k340,34.59805,131.58257,https://drive.google.com/file/d/1UYZ0pQier6nN_fEkZPjvV4F2QMcTmtbR/view?usp=drive_link,map_32.webp,,
R191,131k360,34.59814,131.58276,https://drive.google.com/file/d/1UYZ0pQier6nN_fEkZPjvV4F2QMcTmtbR/view?usp=drive_link,map_32.webp,,
R191,131k380,34.59822,131.58295,https://drive.google.com/file/d/1UYZ0pQier6nN_fEkZPjvV4F2QMcTmtbR/view?usp=drive_link,map_32.webp,,
R191,131k400,34.5983,131.58315,https://drive.google.com/file/d/1UYZ0pQier6nN_fEkZPjvV4F2QMcTmtbR/view?usp=drive_link,map_32.webp,,
R191,131k420,34.59839,131.58334,https://drive.google.com/file/d/1cJhrRudOH9kJtkOT34KDL9zoUHSiwP7m/view?usp=drive_link,map_33.webp,,
R191,131k440,34.59847,131.58353,https://drive.google.com/file/d/1cJhrRudOH9kJtkOT34KDL9zoUHSiwP7m/view?usp=drive_link,map_33.webp,,
R191,131k460,34.59856,131.58373,https://drive.google.com/file/d/1cJhrRudOH9kJtkOT34KDL9zoUHSiwP7m/view?usp=drive_link,map_33.webp,,
R191,131k480,34.59864,131.58392,https://drive.google.com/file/d/1cJhrRudOH9kJtkOT34KDL9zoUHSiwP7m/view?usp=drive_link,map_33.webp,,
R191,131k500,34.59872,131.58411,https://drive.google.com/file/d/1cJhrRudOH9kJtkOT34KDL9zoUHSiwP7m/view?usp=drive_link,map_33.webp,867,661
R191,131k520,34.59881,131.58431,https://drive.google.com/file/d/1cJhrRudOH9kJtkOT34KDL9zoUHSiwP7m/view?usp=drive_link,map_33.webp,,
R191,131k540,34.59889,131.5845,https://drive.google.com/file/d/1cJhrRudOH9kJtkOT34KDL9zoUHSiwP7m/view?usp=drive_link,map_33.webp,,
R191,131k560,34.59897,131.58469,https://drive.google.com/file/d/1cJhrRudOH9kJtkOT34KDL9zoUHSiwP7m/view?usp=drive_link,map_33.webp,,
R191,131k580,34.59906,131.58489,https://drive.google.com/file/d/1cJhrRudOH9kJtkOT34KDL9zoUHSiwP7m/view?usp=drive_link,map_33.webp,,
R191,131k600,34.59914,131.58508,https://drive.google.com/file/d/1cJhrRudOH9kJtkOT34KDL9zoUHSiwP7m/view?usp=drive_link,map_33.webp,,
R191,131k620,34.59922,131.58527,https://drive.google.com/file/d/1cJhrRudOH9kJtkOT34KDL9zoUHSiwP7m/view?usp=drive_link,map_33.webp,,
R191,131k640,34.59931,131.58546,https://drive.google.com/file/d/1cJhrRudOH9kJtkOT34KDL9zoUHSiwP7m/view?usp=drive_link,map_33.webp,,
R191,131k660,34.59939,131.58566,https://drive.google.com/file/d/1cJhrRudOH9kJtkOT34KDL9zoUHSiwP7m/view?usp=drive_link,map_33.webp,,
R191,131k680,34.59948,131.58585,https://drive.google.com/file/d/1cJhrRudOH9kJtkOT34KDL9zoUHSiwP7m/view?usp=drive_link,map_33.webp,,
R191,131k700,34.59956,131.58605,https://drive.google.com/file/d/1cJhrRudOH9kJtkOT34KDL9zoUHSiwP7m/view?usp=drive_link,map_33.webp,,
R191,131k720,34.59964,131.58624,https://drive.google.com/file/d/1cJhrRudOH9kJtkOT34KDL9zoUHSiwP7m/view?usp=drive_link,map_33.webp,,
R191,131k740,34.59972,131.58643,https://drive.google.com/file/d/1cJhrRudOH9kJtkOT34KDL9zoUHSiwP7m/view?usp=drive_link,map_33.webp,,
R191,131k760,34.59981,131.58663,https://drive.google.com/file/d/1cJhrRudOH9kJtkOT34KDL9zoUHSiwP7m/view?usp=drive_link,map_33.webp,,
R191,131k780,34.59989,131.58682,https://drive.google.com/file/d/1cJhrRudOH9kJtkOT34KDL9zoUHSiwP7m/view?usp=drive_link,map_33.webp,,
R191,131k800,34.59997,131.58702,https://drive.google.com/file/d/1cJhrRudOH9kJtkOT34KDL9zoUHSiwP7m/view?usp=drive_link,map_33.webp,,
R191,131k820,34.60005,131.58721,https://drive.google.com/file/d/1cJhrRudOH9kJtkOT34KDL9zoUHSiwP7m/view?usp=drive_link,map_33.webp,,
R191,131k840,34.60014,131.5874,https://drive.google.com/file/d/1cJhrRudOH9kJtkOT34KDL9zoUHSiwP7m/view?usp=drive_link,map_33.webp,,
R191,131k860,34.60022,131.5876,https://drive.google.com/file/d/1cJhrRudOH9kJtkOT34KDL9zoUHSiwP7m/view?usp=drive_link,map_33.webp,,
R191,131k880,34.6003,131.58779,https://drive.google.com/file/d/1cJhrRudOH9kJtkOT34KDL9zoUHSiwP7m/view?usp=drive_link,map_33.webp,,
R191,131k900,34.60038,131.58799,https://drive.google.com/file/d/1cJhrRudOH9kJtkOT34KDL9zoUHSiwP7m/view?usp=drive_link,map_33.webp,4015,659
R191,131k920,34.60046,131.58818,https://drive.google.com/file/d/1cJhrRudOH9kJtkOT34KDL9zoUHSiwP7m/view?usp=drive_link,map_33.webp,,
R191,131k940,34.60055,131.58837,https://drive.google.com/file/d/1cJhrRudOH9kJtkOT34KDL9zoUHSiwP7m/view?usp=drive_link,map_33.webp,,
R191,131k960,34.60063,131.58857,https://drive.google.com/file/d/1cJhrRudOH9kJtkOT34KDL9zoUHSiwP7m/view?usp=drive_link,map_33.webp,,
R191,131k980,34.6007,131.58877,https://drive.google.com/file/d/1cJhrRudOH9kJtkOT34KDL9zoUHSiwP7m/view?usp=drive_link,map_33.webp,,
R191,132k000,34.60077,131.58897,https://drive.google.com/file/d/1cJhrRudOH9kJtkOT34KDL9zoUHSiwP7m/view?usp=drive_link,map_33.webp,,
R191,132k020,34.60083,131.58917,https://drive.google.com/file/d/1cJhrRudOH9kJtkOT34KDL9zoUHSiwP7m/view?usp=drive_link,map_33.webp,,
R191,132k040,34.60088,131.58937,https://drive.google.com/file/d/1cJhrRudOH9kJtkOT34KDL9zoUHSiwP7m/view?usp=drive_link,map_33.webp,,
R191,132k060,34.60092,131.58958,https://drive.google.com/file/d/1cJhrRudOH9kJtkOT34KDL9zoUHSiwP7m/view?usp=drive_link,map_33.webp,,
R191,132k080,34.60096,131.58979,https://drive.google.com/file/d/1cJhrRudOH9kJtkOT34KDL9zoUHSiwP7m/view?usp=drive_link,map_33.webp,,
R191,132k100,34.60099,131.59001,https://drive.google.com/file/d/1cJhrRudOH9kJtkOT34KDL9zoUHSiwP7m/view?usp=drive_link,map_33.webp,5566,857
R191,132k120,34.601,131.59022,https://drive.google.com/file/d/1cJhrRudOH9kJtkOT34KDL9zoUHSiwP7m/view?usp=drive_link,map_33.webp,,
R191,132k140,34.60101,131.59044,https://drive.google.com/file/d/1cJhrRudOH9kJtkOT34KDL9zoUHSiwP7m/view?usp=drive_link,map_33.webp,,
R191,132k160,34.60102,131.59065,https://drive.google.com/file/d/1cJhrRudOH9kJtkOT34KDL9zoUHSiwP7m/view?usp=drive_link,map_33.webp,,
R191,132k180,34.60101,131.59087,https://drive.google.com/file/d/1cJhrRudOH9kJtkOT34KDL9zoUHSiwP7m/view?usp=drive_link,map_33.webp,,
R191,132k200,34.601,131.59109,https://drive.google.com/file/d/1cJhrRudOH9kJtkOT34KDL9zoUHSiwP7m/view?usp=drive_link,map_33.webp,6266,1207
R191,132k220,34.60099,131.59131,https://drive.google.com/file/d/1cJhrRudOH9kJtkOT34KDL9zoUHSiwP7m/view?usp=drive_link,map_33.webp,,
R191,132k240,34.60098,131.59152,https://drive.google.com/file/d/1cJhrRudOH9kJtkOT34KDL9zoUHSiwP7m/view?usp=drive_link,map_33.webp,,
R191,132k260,34.60098,131.59174,https://drive.google.com/file/d/1cJhrRudOH9kJtkOT34KDL9zoUHSiwP7m/view?usp=drive_link,map_33.webp,,
R191,132k280,34.60097,131.59196,https://drive.google.com/file/d/1cJhrRudOH9kJtkOT34KDL9zoUHSiwP7m/view?usp=drive_link,map_33.webp,,
R191,132k300,34.60097,131.59218,https://drive.google.com/file/d/1cJhrRudOH9kJtkOT34KDL9zoUHSiwP7m/view?usp=drive_link,map_33.webp,,
R191,132k320,34.60096,131.5924,https://drive.google.com/file/d/1DW-13k1lHCr_XLlvG9qqriAeMeLbIyOD/view?usp=drive_link,map_34.webp,,
R191,132k340,34.60097,131.59262,https://drive.google.com/file/d/1DW-13k1lHCr_XLlvG9qqriAeMeLbIyOD/view?usp=drive_link,map_34.webp,,
R191,132k360,34.60098,131.59284,https://drive.google.com/file/d/1DW-13k1lHCr_XLlvG9qqriAeMeLbIyOD/view?usp=drive_link,map_34.webp,,
R191,132k380,34.60099,131.59306,https://drive.google.com/file/d/1DW-13k1lHCr_XLlvG9qqriAeMeLbIyOD/view?usp=drive_link,map_34.webp,,
R191,132k400,34.60101,131.59327,https://drive.google.com/file/d/1DW-13k1lHCr_XLlvG9qqriAeMeLbIyOD/view?usp=drive_link,map_34.webp,874,3963
R191,132k420,34.60103,131.59348,https://drive.google.com/file/d/1DW-13k1lHCr_XLlvG9qqriAeMeLbIyOD/view?usp=drive_link,map_34.webp,,
R191,132k440,34.60105,131.5937,https://drive.google.com/file/d/1DW-13k1lHCr_XLlvG9qqriAeMeLbIyOD/view?usp=drive_link,map_34.webp,,
R191,132k460,34.60106,131.59391,https://drive.google.com/file/d/1DW-13k1lHCr_XLlvG9qqriAeMeLbIyOD/view?usp=drive_link,map_34.webp,,
R191,132k480,34.60108,131.59413,https://drive.google.com/file/d/1DW-13k1lHCr_XLlvG9qqriAeMeLbIyOD/view?usp=drive_link,map_34.webp,,
R191,132k500,34.6011,131.59435,https://drive.google.com/file/d/1DW-13k1lHCr_XLlvG9qqriAeMeLbIyOD/view?usp=drive_link,map_34.webp,,
R191,132k520,34.60113,131.59456,https://drive.google.com/file/d/1DW-13k1lHCr_XLlvG9qqriAeMeLbIyOD/view?usp=drive_link,map_34.webp,,
R191,132k540,34.60116,131.59477,https://drive.google.com/file/d/1DW-13k1lHCr_XLlvG9qqriAeMeLbIyOD/view?usp=drive_link,map_34.webp,,
R191,132k560,34.60121,131.59498,https://drive.google.com/file/d/1DW-13k1lHCr_XLlvG9qqriAeMeLbIyOD/view?usp=drive_link,map_34.webp,,
R191,132k580,34.60126,131.59519,https://drive.google.com/file/d/1DW-13k1lHCr_XLlvG9qqriAeMeLbIyOD/view?usp=drive_link,map_34.webp,,
R191,132k600,34.60133,131.59539,https://drive.google.com/file/d/1DW-13k1lHCr_XLlvG9qqriAeMeLbIyOD/view?usp=drive_link,map_34.webp,,
R191,132k620,34.60141,131.59558,https://drive.google.com/file/d/1DW-13k1lHCr_XLlvG9qqriAeMeLbIyOD/view?usp=drive_link,map_34.webp,,
R191,132k640,34.6015,131.59577,https://drive.google.com/file/d/1DW-13k1lHCr_XLlvG9qqriAeMeLbIyOD/view?usp=drive_link,map_34.webp,,
R191,132k660,34.6016,131.59596,https://drive.google.com/file/d/1DW-13k1lHCr_XLlvG9qqriAeMeLbIyOD/view?usp=drive_link,map_34.webp,,
R191,132k680,34.60171,131.59613,https://drive.google.com/file/d/1DW-13k1lHCr_XLlvG9qqriAeMeLbIyOD/view?usp=drive_link,map_34.webp,,
R191,132k700,34.60183,131.5963,https://drive.google.com/file/d/1DW-13k1lHCr_XLlvG9qqriAeMeLbIyOD/view?usp=drive_link,map_34.webp,,
R191,132k720,34.60196,131.59645,https://drive.google.com/file/d/1DW-13k1lHCr_XLlvG9qqriAeMeLbIyOD/view?usp=drive_link,map_34.webp,,
R191,132k740,34.6021,131.5966,https://drive.google.com/file/d/1DW-13k1lHCr_XLlvG9qqriAeMeLbIyOD/view?usp=drive_link,map_34.webp,,
R191,132k760,34.60224,131.59672,https://drive.google.com/file/d/1DW-13k1lHCr_XLlvG9qqriAeMeLbIyOD/view?usp=drive_link,map_34.webp,,
R191,132k780,34.60239,131.59685,https://drive.google.com/file/d/1DW-13k1lHCr_XLlvG9qqriAeMeLbIyOD/view?usp=drive_link,map_34.webp,,
R191,132k800,34.60255,131.59696,https://drive.google.com/file/d/1DW-13k1lHCr_XLlvG9qqriAeMeLbIyOD/view?usp=drive_link,map_34.webp,,
R191,132k820,34.60271,131.59707,https://drive.google.com/file/d/1DW-13k1lHCr_XLlvG9qqriAeMeLbIyOD/view?usp=drive_link,map_34.webp,,
R191,132k840,34.60286,131.59718,https://drive.google.com/file/d/1DW-13k1lHCr_XLlvG9qqriAeMeLbIyOD/view?usp=drive_link,map_34.webp,,
R191,132k860,34.60302,131.59729,https://drive.google.com/file/d/1DW-13k1lHCr_XLlvG9qqriAeMeLbIyOD/view?usp=drive_link,map_34.webp,,
R191,132k880,34.60318,131.5974,https://drive.google.com/file/d/1DW-13k1lHCr_XLlvG9qqriAeMeLbIyOD/view?usp=drive_link,map_34.webp,,
R191,132k900,34.60333,131.59751,https://drive.google.com/file/d/1DW-13k1lHCr_XLlvG9qqriAeMeLbIyOD/view?usp=drive_link,map_34.webp,4135,2255
R191,132k920,34.60348,131.59762,https://drive.google.com/file/d/1DW-13k1lHCr_XLlvG9qqriAeMeLbIyOD/view?usp=drive_link,map_34.webp,,
R191,132k940,34.60364,131.59773,https://drive.google.com/file/d/1DW-13k1lHCr_XLlvG9qqriAeMeLbIyOD/view?usp=drive_link,map_34.webp,,
R191,132k960,34.6038,131.59783,https://drive.google.com/file/d/1DW-13k1lHCr_XLlvG9qqriAeMeLbIyOD/view?usp=drive_link,map_34.webp,,
R191,132k980,34.60395,131.59794,https://drive.google.com/file/d/1DW-13k1lHCr_XLlvG9qqriAeMeLbIyOD/view?usp=drive_link,map_34.webp,,
R191,133k000,34.60411,131.59804,https://drive.google.com/file/d/1DW-13k1lHCr_XLlvG9qqriAeMeLbIyOD/view?usp=drive_link,map_34.webp,,
R191,133k020,34.60427,131.59814,https://drive.google.com/file/d/1DW-13k1lHCr_XLlvG9qqriAeMeLbIyOD/view?usp=drive_link,map_34.webp,,
R191,133k040,34.60443,131.59825,https://drive.google.com/file/d/1DW-13k1lHCr_XLlvG9qqriAeMeLbIyOD/view?usp=drive_link,map_34.webp,,
R191,133k060,34.60459,131.59835,https://drive.google.com/file/d/1DW-13k1lHCr_XLlvG9qqriAeMeLbIyOD/view?usp=drive_link,map_34.webp,,
R191,133k080,34.60475,131.59844,https://drive.google.com/file/d/1DW-13k1lHCr_XLlvG9qqriAeMeLbIyOD/view?usp=drive_link,map_34.webp,,
R191,133k100,34.60492,131.59852,https://drive.google.com/file/d/1DW-13k1lHCr_XLlvG9qqriAeMeLbIyOD/view?usp=drive_link,map_34.webp,5023,961
R191,133k120,34.60509,131.5986,https://drive.google.com/file/d/1DW-13k1lHCr_XLlvG9qqriAeMeLbIyOD/view?usp=drive_link,map_34.webp,,
R191,133k140,34.60526,131.59867,https://drive.google.com/file/d/1DW-13k1lHCr_XLlvG9qqriAeMeLbIyOD/view?usp=drive_link,map_34.webp,,
R191,133k160,34.60543,131.59873,https://drive.google.com/file/d/1DW-13k1lHCr_XLlvG9qqriAeMeLbIyOD/view?usp=drive_link,map_34.webp,,
R191,133k180,34.6056,131.59879,https://drive.google.com/file/d/1DW-13k1lHCr_XLlvG9qqriAeMeLbIyOD/view?usp=drive_link,map_34.webp,,
R191,133k200,34.60578,131.59884,https://drive.google.com/file/d/1DW-13k1lHCr_XLlvG9qqriAeMeLbIyOD/view?usp=drive_link,map_34.webp,,
R191,133k220,34.60596,131.59888,https://drive.google.com/file/d/1ReIahdNIViQflXOiTsJbhpeBT_-njqoP/view?usp=drive_link,map_35.webp,,
R191,133k240,34.60614,131.59891,https://drive.google.com/file/d/1ReIahdNIViQflXOiTsJbhpeBT_-njqoP/view?usp=drive_link,map_35.webp,,
R191,133k260,34.60632,131.59894,https://drive.google.com/file/d/1ReIahdNIViQflXOiTsJbhpeBT_-njqoP/view?usp=drive_link,map_35.webp,,
R191,133k280,34.6065,131.59895,https://drive.google.com/file/d/1ReIahdNIViQflXOiTsJbhpeBT_-njqoP/view?usp=drive_link,map_35.webp,,
R191,133k300,34.60668,131.59896,https://drive.google.com/file/d/1ReIahdNIViQflXOiTsJbhpeBT_-njqoP/view?usp=drive_link,map_35.webp,1010,1440
R191,133k320,34.60686,131.59897,https://drive.google.com/file/d/1ReIahdNIViQflXOiTsJbhpeBT_-njqoP/view?usp=drive_link,map_35.webp,,
R191,133k340,34.60704,131.59896,https://drive.google.com/file/d/1ReIahdNIViQflXOiTsJbhpeBT_-njqoP/view?usp=drive_link,map_35.webp,,
R191,133k360,34.60722,131.59895,https://drive.google.com/file/d/1ReIahdNIViQflXOiTsJbhpeBT_-njqoP/view?usp=drive_link,map_35.webp,,
R191,133k380,34.6074,131.59893,https://drive.google.com/file/d/1ReIahdNIViQflXOiTsJbhpeBT_-njqoP/view?usp=drive_link,map_35.webp,,
R191,133k400,34.60758,131.59891,https://drive.google.com/file/d/1ReIahdNIViQflXOiTsJbhpeBT_-njqoP/view?usp=drive_link,map_35.webp,,
R191,133k420,34.60776,131.59887,https://drive.google.com/file/d/1ReIahdNIViQflXOiTsJbhpeBT_-njqoP/view?usp=drive_link,map_35.webp,,
R191,133k440,34.60793,131.59883,https://drive.google.com/file/d/1ReIahdNIViQflXOiTsJbhpeBT_-njqoP/view?usp=drive_link,map_35.webp,,
R191,133k460,34.60811,131.59878,https://drive.google.com/file/d/1ReIahdNIViQflXOiTsJbhpeBT_-njqoP/view?usp=drive_link,map_35.webp,,
R191,133k480,34.60829,131.59873,https://drive.google.com/file/d/1ReIahdNIViQflXOiTsJbhpeBT_-njqoP/view?usp=drive_link,map_35.webp,,
R191,133k500,34.60845,131.59867,https://drive.google.com/file/d/1ReIahdNIViQflXOiTsJbhpeBT_-njqoP/view?usp=drive_link,map_35.webp,,
R191,133k520,34.60862,131.59862,https://drive.google.com/file/d/1ReIahdNIViQflXOiTsJbhpeBT_-njqoP/view?usp=drive_link,map_35.webp,,
R191,133k540,34.60879,131.59855,https://drive.google.com/file/d/1ReIahdNIViQflXOiTsJbhpeBT_-njqoP/view?usp=drive_link,map_35.webp,,
R191,133k560,34.60896,131.59849,https://drive.google.com/file/d/1ReIahdNIViQflXOiTsJbhpeBT_-njqoP/view?usp=drive_link,map_35.webp,,
R191,133k580,34.60913,131.59842,https://drive.google.com/file/d/1ReIahdNIViQflXOiTsJbhpeBT_-njqoP/view?usp=drive_link,map_35.webp,,
R191,133k600,34.6093,131.59835,https://drive.google.com/file/d/1ReIahdNIViQflXOiTsJbhpeBT_-njqoP/view?usp=drive_link,map_35.webp,,
R191,133k620,34.60947,131.59828,https://drive.google.com/file/d/1ReIahdNIViQflXOiTsJbhpeBT_-njqoP/view?usp=drive_link,map_35.webp,,
R191,133k640,34.60964,131.59821,https://drive.google.com/file/d/1ReIahdNIViQflXOiTsJbhpeBT_-njqoP/view?usp=drive_link,map_35.webp,,
R191,133k660,34.60981,131.59814,https://drive.google.com/file/d/1ReIahdNIViQflXOiTsJbhpeBT_-njqoP/view?usp=drive_link,map_35.webp,,
R191,133k680,34.60998,131.59807,https://drive.google.com/file/d/1ReIahdNIViQflXOiTsJbhpeBT_-njqoP/view?usp=drive_link,map_35.webp,,
R191,133k700,34.61015,131.598,https://drive.google.com/file/d/1ReIahdNIViQflXOiTsJbhpeBT_-njqoP/view?usp=drive_link,map_35.webp,4071,895
R191,133k720,34.61032,131.59793,https://drive.google.com/file/d/1ReIahdNIViQflXOiTsJbhpeBT_-njqoP/view?usp=drive_link,map_35.webp,,
R191,133k740,34.61049,131.59786,https://drive.google.com/file/d/1ReIahdNIViQflXOiTsJbhpeBT_-njqoP/view?usp=drive_link,map_35.webp,,
R191,133k760,34.61066,131.59779,https://drive.google.com/file/d/1ReIahdNIViQflXOiTsJbhpeBT_-njqoP/view?usp=drive_link,map_35.webp,,
R191,133k780,34.61084,131.59772,https://drive.google.com/file/d/1ReIahdNIViQflXOiTsJbhpeBT_-njqoP/view?usp=drive_link,map_35.webp,,
R191,133k800,34.61101,131.59767,https://drive.google.com/file/d/1ReIahdNIViQflXOiTsJbhpeBT_-njqoP/view?usp=drive_link,map_35.webp,,
R191,133k820,34.61119,131.59762,https://drive.google.com/file/d/1ReIahdNIViQflXOiTsJbhpeBT_-njqoP/view?usp=drive_link,map_35.webp,,
R191,133k840,34.61137,131.59759,https://drive.google.com/file/d/1ReIahdNIViQflXOiTsJbhpeBT_-njqoP/view?usp=drive_link,map_35.webp,,
R191,133k860,34.61154,131.59757,https://drive.google.com/file/d/1ReIahdNIViQflXOiTsJbhpeBT_-njqoP/view?usp=drive_link,map_35.webp,,
R191,133k880,34.61172,131.59757,https://drive.google.com/file/d/1ReIahdNIViQflXOiTsJbhpeBT_-njqoP/view?usp=drive_link,map_35.webp,,
R191,133k900,34.6119,131.59757,https://drive.google.com/file/d/1ReIahdNIViQflXOiTsJbhpeBT_-njqoP/view?usp=drive_link,map_35.webp,,
R191,133k920,34.61209,131.59758,https://drive.google.com/file/d/1ReIahdNIViQflXOiTsJbhpeBT_-njqoP/view?usp=drive_link,map_35.webp,,
R191,133k940,34.61226,131.59759,https://drive.google.com/file/d/1ReIahdNIViQflXOiTsJbhpeBT_-njqoP/view?usp=drive_link,map_35.webp,,
R191,133k960,34.61244,131.5976,https://drive.google.com/file/d/1ReIahdNIViQflXOiTsJbhpeBT_-njqoP/view?usp=drive_link,map_35.webp,,
R191,133k980,34.61262,131.59761,https://drive.google.com/file/d/1ReIahdNIViQflXOiTsJbhpeBT_-njqoP/view?usp=drive_link,map_35.webp,,
R191,134k000,34.6128,131.59762,https://drive.google.com/file/d/1ReIahdNIViQflXOiTsJbhpeBT_-njqoP/view?usp=drive_link,map_35.webp,6393,740
R191,134k020,34.61298,131.59763,https://drive.google.com/file/d/1ReIahdNIViQflXOiTsJbhpeBT_-njqoP/view?usp=drive_link,map_35.webp,,
R191,134k040,34.61316,131.59764,https://drive.google.com/file/d/1ReIahdNIViQflXOiTsJbhpeBT_-njqoP/view?usp=drive_link,map_35.webp,,
R191,134k060,34.61334,131.59765,https://drive.google.com/file/d/1ReIahdNIViQflXOiTsJbhpeBT_-njqoP/view?usp=drive_link,map_35.webp,,
R191,134k080,34.61352,131.59766,https://drive.google.com/file/d/1ReIahdNIViQflXOiTsJbhpeBT_-njqoP/view?usp=drive_link,map_35.webp,,
R191,134k100,34.6137,131.59768,https://drive.google.com/file/d/1ReIahdNIViQflXOiTsJbhpeBT_-njqoP/view?usp=drive_link,map_35.webp,,
R191,134k120,34.6139,131.59769,https://drive.google.com/file/d/1mkgiuvUXiA9MGeFriigOGODSctU-s6Ls/view?usp=drive_link,map_36.webp,,
R191,134k140,34.61408,131.5977,https://drive.google.com/file/d/1mkgiuvUXiA9MGeFriigOGODSctU-s6Ls/view?usp=drive_link,map_36.webp,,
R191,134k160,34.61426,131.59771,https://drive.google.com/file/d/1mkgiuvUXiA9MGeFriigOGODSctU-s6Ls/view?usp=drive_link,map_36.webp,,
R191,134k180,34.61444,131.59772,https://drive.google.com/file/d/1mkgiuvUXiA9MGeFriigOGODSctU-s6Ls/view?usp=drive_link,map_36.webp,,
R191,134k200,34.61461,131.59773,https://drive.google.com/file/d/1mkgiuvUXiA9MGeFriigOGODSctU-s6Ls/view?usp=drive_link,map_36.webp,980,473
R191,134k220,34.61479,131.59774,https://drive.google.com/file/d/1mkgiuvUXiA9MGeFriigOGODSctU-s6Ls/view?usp=drive_link,map_36.webp,,
R191,134k240,34.61497,131.59777,https://drive.google.com/file/d/1mkgiuvUXiA9MGeFriigOGODSctU-s6Ls/view?usp=drive_link,map_36.webp,,
R191,134k260,34.61515,131.59781,https://drive.google.com/file/d/1mkgiuvUXiA9MGeFriigOGODSctU-s6Ls/view?usp=drive_link,map_36.webp,,
R191,134k280,34.61532,131.59787,https://drive.google.com/file/d/1mkgiuvUXiA9MGeFriigOGODSctU-s6Ls/view?usp=drive_link,map_36.webp,,
R191,134k300,34.61549,131.59793,https://drive.google.com/file/d/1mkgiuvUXiA9MGeFriigOGODSctU-s6Ls/view?usp=drive_link,map_36.webp,,
R191,134k320,34.61566,131.59802,https://drive.google.com/file/d/1mkgiuvUXiA9MGeFriigOGODSctU-s6Ls/view?usp=drive_link,map_36.webp,,
R191,134k340,34.61584,131.59813,https://drive.google.com/file/d/1mkgiuvUXiA9MGeFriigOGODSctU-s6Ls/view?usp=drive_link,map_36.webp,,
R191,134k360,34.61597,131.59822,https://drive.google.com/file/d/1mkgiuvUXiA9MGeFriigOGODSctU-s6Ls/view?usp=drive_link,map_36.webp,,
R191,134k380,34.61613,131.59834,https://drive.google.com/file/d/1mkgiuvUXiA9MGeFriigOGODSctU-s6Ls/view?usp=drive_link,map_36.webp,,
R191,134k400,34.6162558222,131.59846,https://drive.google.com/file/d/1mkgiuvUXiA9MGeFriigOGODSctU-s6Ls/view?usp=drive_link,map_36.webp,,
R191,134k420,34.6164067111,131.5985830444,https://drive.google.com/file/d/1mkgiuvUXiA9MGeFriigOGODSctU-s6Ls/view?usp=drive_link,map_36.webp,,
R191,134k440,34.6165725917,131.5987,https://drive.google.com/file/d/1mkgiuvUXiA9MGeFriigOGODSctU-s6Ls/view?usp=drive_link,map_36.webp,,
R191,134k460,34.61672,131.59882,https://drive.google.com/file/d/1mkgiuvUXiA9MGeFriigOGODSctU-s6Ls/view?usp=drive_link,map_36.webp,,
R191,134k480,34.61688,131.59895,https://drive.google.com/file/d/1mkgiuvUXiA9MGeFriigOGODSctU-s6Ls/view?usp=drive_link,map_36.webp,,
R191,134k500,34.61704,131.59906,https://drive.google.com/file/d/1mkgiuvUXiA9MGeFriigOGODSctU-s6Ls/view?usp=drive_link,map_36.webp,3488,1177
R191,134k520,34.6172,131.59915,https://drive.google.com/file/d/1mkgiuvUXiA9MGeFriigOGODSctU-s6Ls/view?usp=drive_link,map_36.webp,,
R191,134k540,34.61737,131.59923,https://drive.google.com/file/d/1mkgiuvUXiA9MGeFriigOGODSctU-s6Ls/view?usp=drive_link,map_36.webp,,
R191,134k560,34.61754,131.59929,https://drive.google.com/file/d/1mkgiuvUXiA9MGeFriigOGODSctU-s6Ls/view?usp=drive_link,map_36.webp,,
R191,134k580,34.61772,131.59932,https://drive.google.com/file/d/1mkgiuvUXiA9MGeFriigOGODSctU-s6Ls/view?usp=drive_link,map_36.webp,,
R191,134k600,34.6179,131.59934,https://drive.google.com/file/d/1mkgiuvUXiA9MGeFriigOGODSctU-s6Ls/view?usp=drive_link,map_36.webp,,
R191,134k620,34.61808,131.59933,https://drive.google.com/file/d/1mkgiuvUXiA9MGeFriigOGODSctU-s6Ls/view?usp=drive_link,map_36.webp,,
R191,134k640,34.61827,131.59932,https://drive.google.com/file/d/1mkgiuvUXiA9MGeFriigOGODSctU-s6Ls/view?usp=drive_link,map_36.webp,,
R191,134k660,34.61844,131.59931,https://drive.google.com/file/d/1mkgiuvUXiA9MGeFriigOGODSctU-s6Ls/view?usp=drive_link,map_36.webp,,
R191,134k680,34.61863,131.5993,https://drive.google.com/file/d/1mkgiuvUXiA9MGeFriigOGODSctU-s6Ls/view?usp=drive_link,map_36.webp,,
R191,134k700,34.61881,131.59931,https://drive.google.com/file/d/1mkgiuvUXiA9MGeFriigOGODSctU-s6Ls/view?usp=drive_link,map_36.webp,,
R191,134k720,34.61898,131.59936,https://drive.google.com/file/d/1mkgiuvUXiA9MGeFriigOGODSctU-s6Ls/view?usp=drive_link,map_36.webp,,
R191,134k740,34.61915,131.59944,https://drive.google.com/file/d/1mkgiuvUXiA9MGeFriigOGODSctU-s6Ls/view?usp=drive_link,map_36.webp,,
R191,134k760,34.6193,131.59956,https://drive.google.com/file/d/1mkgiuvUXiA9MGeFriigOGODSctU-s6Ls/view?usp=drive_link,map_36.webp,,
R191,134k780,34.61944,131.5997,https://drive.google.com/file/d/1mkgiuvUXiA9MGeFriigOGODSctU-s6Ls/view?usp=drive_link,map_36.webp,,
R191,134k800,34.61956,131.59987,https://drive.google.com/file/d/1mkgiuvUXiA9MGeFriigOGODSctU-s6Ls/view?usp=drive_link,map_36.webp,,
R191,134k820,34.61964,131.60006,https://drive.google.com/file/d/1mkgiuvUXiA9MGeFriigOGODSctU-s6Ls/view?usp=drive_link,map_36.webp,,
R191,134k840,34.6197,131.60028,https://drive.google.com/file/d/1mkgiuvUXiA9MGeFriigOGODSctU-s6Ls/view?usp=drive_link,map_36.webp,,
R191,134k860,34.61973,131.60048,https://drive.google.com/file/d/1mkgiuvUXiA9MGeFriigOGODSctU-s6Ls/view?usp=drive_link,map_36.webp,,
R191,134k880,34.61974,131.6007,https://drive.google.com/file/d/1mkgiuvUXiA9MGeFriigOGODSctU-s6Ls/view?usp=drive_link,map_36.webp,,
R191,134k900,34.61974,131.60092,https://drive.google.com/file/d/1mkgiuvUXiA9MGeFriigOGODSctU-s6Ls/view?usp=drive_link,map_36.webp,6331,2260
R191,134k920,34.61974,131.60114,https://drive.google.com/file/d/1mkgiuvUXiA9MGeFriigOGODSctU-s6Ls/view?usp=drive_link,map_36.webp,,
R191,134k940,34.61974,131.60136,https://drive.google.com/file/d/1mkgiuvUXiA9MGeFriigOGODSctU-s6Ls/view?usp=drive_link,map_36.webp,,
R191,134k960,34.61975,131.60158,https://drive.google.com/file/d/1mkgiuvUXiA9MGeFriigOGODSctU-s6Ls/view?usp=drive_link,map_36.webp,,
R191,134k980,34.61975,131.6018,https://drive.google.com/file/d/1mkgiuvUXiA9MGeFriigOGODSctU-s6Ls/view?usp=drive_link,map_36.webp,,
R191,135k000,34.61976,131.60201,https://drive.google.com/file/d/1mkgiuvUXiA9MGeFriigOGODSctU-s6Ls/view?usp=drive_link,map_36.webp,,
R191,135k020,34.61978,131.60222,https://drive.google.com/file/d/18FhW1bCopQu_sPIT_v_reupUDyrQ49sp/view?usp=drive_link,map_37.webp,,
R191,135k040,34.61984,131.60243,https://drive.google.com/file/d/18FhW1bCopQu_sPIT_v_reupUDyrQ49sp/view?usp=drive_link,map_37.webp,,
R191,135k060,34.61992,131.60262,https://drive.google.com/file/d/18FhW1bCopQu_sPIT_v_reupUDyrQ49sp/view?usp=drive_link,map_37.webp,,
R191,135k080,34.62004,131.60279,https://drive.google.com/file/d/18FhW1bCopQu_sPIT_v_reupUDyrQ49sp/view?usp=drive_link,map_37.webp,,
R191,135k100,34.62017,131.60294,https://drive.google.com/file/d/18FhW1bCopQu_sPIT_v_reupUDyrQ49sp/view?usp=drive_link,map_37.webp,785,526
R191,135k120,34.62031,131.60308,https://drive.google.com/file/d/18FhW1bCopQu_sPIT_v_reupUDyrQ49sp/view?usp=drive_link,map_37.webp,,
R191,135k140,34.62045,131.60322,https://drive.google.com/file/d/18FhW1bCopQu_sPIT_v_reupUDyrQ49sp/view?usp=drive_link,map_37.webp,,
R191,135k160,34.62059,131.60335,https://drive.google.com/file/d/18FhW1bCopQu_sPIT_v_reupUDyrQ49sp/view?usp=drive_link,map_37.webp,,
R191,135k180,34.62073,131.6035,https://drive.google.com/file/d/18FhW1bCopQu_sPIT_v_reupUDyrQ49sp/view?usp=drive_link,map_37.webp,,
R191,135k200,34.62086,131.60364,https://drive.google.com/file/d/18FhW1bCopQu_sPIT_v_reupUDyrQ49sp/view?usp=drive_link,map_37.webp,,
R191,135k220,34.621,131.60377,https://drive.google.com/file/d/18FhW1bCopQu_sPIT_v_reupUDyrQ49sp/view?usp=drive_link,map_37.webp,,
R191,135k240,34.62114,131.60392,https://drive.google.com/file/d/18FhW1bCopQu_sPIT_v_reupUDyrQ49sp/view?usp=drive_link,map_37.webp,,
R191,135k260,34.62127,131.60406,https://drive.google.com/file/d/18FhW1bCopQu_sPIT_v_reupUDyrQ49sp/view?usp=drive_link,map_37.webp,,
R191,135k280,34.6214,131.60421,https://drive.google.com/file/d/18FhW1bCopQu_sPIT_v_reupUDyrQ49sp/view?usp=drive_link,map_37.webp,,
R191,135k300,34.62153,131.60436,https://drive.google.com/file/d/18FhW1bCopQu_sPIT_v_reupUDyrQ49sp/view?usp=drive_link,map_37.webp,,
R191,135k320,34.62165,131.6045,https://drive.google.com/file/d/18FhW1bCopQu_sPIT_v_reupUDyrQ49sp/view?usp=drive_link,map_37.webp,,
R191,135k340,34.62178,131.60465,https://drive.google.com/file/d/18FhW1bCopQu_sPIT_v_reupUDyrQ49sp/view?usp=drive_link,map_37.webp,,
R191,135k360,34.62191,131.60481,https://drive.google.com/file/d/18FhW1bCopQu_sPIT_v_reupUDyrQ49sp/view?usp=drive_link,map_37.webp,,
R191,135k380,34.62203,131.60496,https://drive.google.com/file/d/18FhW1bCopQu_sPIT_v_reupUDyrQ49sp/view?usp=drive_link,map_37.webp,,
R191,135k400,34.62215,131.60513,https://drive.google.com/file/d/18FhW1bCopQu_sPIT_v_reupUDyrQ49sp/view?usp=drive_link,map_37.webp,,
R191,135k420,34.62224,131.60532,https://drive.google.com/file/d/18FhW1bCopQu_sPIT_v_reupUDyrQ49sp/view?usp=drive_link,map_37.webp,,
R191,135k440,34.62229,131.60553,https://drive.google.com/file/d/18FhW1bCopQu_sPIT_v_reupUDyrQ49sp/view?usp=drive_link,map_37.webp,,
R191,135k460,34.62232,131.60575,https://drive.google.com/file/d/18FhW1bCopQu_sPIT_v_reupUDyrQ49sp/view?usp=drive_link,map_37.webp,,
R191,135k480,34.62234,131.60597,https://drive.google.com/file/d/18FhW1bCopQu_sPIT_v_reupUDyrQ49sp/view?usp=drive_link,map_37.webp,,
R191,135k500,34.62236,131.60619,https://drive.google.com/file/d/18FhW1bCopQu_sPIT_v_reupUDyrQ49sp/view?usp=drive_link,map_37.webp,,
R191,135k520,34.6224,131.6064,https://drive.google.com/file/d/18FhW1bCopQu_sPIT_v_reupUDyrQ49sp/view?usp=drive_link,map_37.webp,,
R191,135k540,34.62248,131.6066,https://drive.google.com/file/d/18FhW1bCopQu_sPIT_v_reupUDyrQ49sp/view?usp=drive_link,map_37.webp,,
R191,135k560,34.622594675,131.6067761833,https://drive.google.com/file/d/18FhW1bCopQu_sPIT_v_reupUDyrQ49sp/view?usp=drive_link,map_37.webp,,
R191,135k580,34.6227052139,131.6069478333,https://drive.google.com/file/d/18FhW1bCopQu_sPIT_v_reupUDyrQ49sp/view?usp=drive_link,map_37.webp,,
R191,135k600,34.6228,131.60712,https://drive.google.com/file/d/18FhW1bCopQu_sPIT_v_reupUDyrQ49sp/view?usp=drive_link,map_37.webp,4088,1083
R191,135k620,34.62287,131.60732,https://drive.google.com/file/d/18FhW1bCopQu_sPIT_v_reupUDyrQ49sp/view?usp=drive_link,map_37.webp,,
R191,135k640,34.62291,131.60753,https://drive.google.com/file/d/18FhW1bCopQu_sPIT_v_reupUDyrQ49sp/view?usp=drive_link,map_37.webp,,
R191,135k660,34.62293,131.60775,https://drive.google.com/file/d/18FhW1bCopQu_sPIT_v_reupUDyrQ49sp/view?usp=drive_link,map_37.webp,,
R191,135k680,34.62293,131.60797,https://drive.google.com/file/d/18FhW1bCopQu_sPIT_v_reupUDyrQ49sp/view?usp=drive_link,map_37.webp,,
R191,135k700,34.62294,131.60818,https://drive.google.com/file/d/18FhW1bCopQu_sPIT_v_reupUDyrQ49sp/view?usp=drive_link,map_37.webp,,
R191,135k720,34.62293,131.6084,https://drive.google.com/file/d/18FhW1bCopQu_sPIT_v_reupUDyrQ49sp/view?usp=drive_link,map_37.webp,,
R191,135k740,34.6229,131.60862,https://drive.google.com/file/d/18FhW1bCopQu_sPIT_v_reupUDyrQ49sp/view?usp=drive_link,map_37.webp,,
R191,135k760,34.62286,131.60883,https://drive.google.com/file/d/18FhW1bCopQu_sPIT_v_reupUDyrQ49sp/view?usp=drive_link,map_37.webp,,
R191,135k780,34.6228,131.60903,https://drive.google.com/file/d/18FhW1bCopQu_sPIT_v_reupUDyrQ49sp/view?usp=drive_link,map_37.webp,,
R191,135k800,34.62273,131.60923,https://drive.google.com/file/d/18FhW1bCopQu_sPIT_v_reupUDyrQ49sp/view?usp=drive_link,map_37.webp,,
R191,135k820,34.62267,131.60944,https://drive.google.com/file/d/18FhW1bCopQu_sPIT_v_reupUDyrQ49sp/view?usp=drive_link,map_37.webp,,
R191,135k840,34.62262,131.60965,https://drive.google.com/file/d/18FhW1bCopQu_sPIT_v_reupUDyrQ49sp/view?usp=drive_link,map_37.webp,,
R191,135k860,34.62258,131.60987,https://drive.google.com/file/d/18FhW1bCopQu_sPIT_v_reupUDyrQ49sp/view?usp=drive_link,map_37.webp,,
R191,135k880,34.62256,131.61008,https://drive.google.com/file/d/18FhW1bCopQu_sPIT_v_reupUDyrQ49sp/view?usp=drive_link,map_37.webp,,
R191,135k900,34.62254,131.6103,https://drive.google.com/file/d/18FhW1bCopQu_sPIT_v_reupUDyrQ49sp/view?usp=drive_link,map_37.webp,,
R191,135k920,34.62254,131.61052,https://drive.google.com/file/d/18FhW1bCopQu_sPIT_v_reupUDyrQ49sp/view?usp=drive_link,map_37.webp,,
R191,135k940,34.62255,131.61074,https://drive.google.com/file/d/18FhW1bCopQu_sPIT_v_reupUDyrQ49sp/view?usp=drive_link,map_37.webp,,
R191,135k960,34.6226,131.61095,https://drive.google.com/file/d/18FhW1bCopQu_sPIT_v_reupUDyrQ49sp/view?usp=drive_link,map_37.webp,,
R191,135k980,34.62266,131.61115,https://drive.google.com/file/d/18FhW1bCopQu_sPIT_v_reupUDyrQ49sp/view?usp=drive_link,map_37.webp,,
R191,136k000,34.62274,131.61134,https://drive.google.com/file/d/18FhW1bCopQu_sPIT_v_reupUDyrQ49sp/view?usp=drive_link,map_37.webp,,
R191,136k020,34.62283,131.61153,https://drive.google.com/file/d/18FhW1bCopQu_sPIT_v_reupUDyrQ49sp/view?usp=drive_link,map_37.webp,,
R191,136k040,34.62293,131.6117,https://drive.google.com/file/d/18FhW1bCopQu_sPIT_v_reupUDyrQ49sp/view?usp=drive_link,map_37.webp,,
R191,136k060,34.62307,131.61185,https://drive.google.com/file/d/18FhW1bCopQu_sPIT_v_reupUDyrQ49sp/view?usp=drive_link,map_37.webp,,
R191,136k080,34.62322,131.61197,https://drive.google.com/file/d/18FhW1bCopQu_sPIT_v_reupUDyrQ49sp/view?usp=drive_link,map_37.webp,,
R191,136k100,34.62338,131.61208,https://drive.google.com/file/d/18FhW1bCopQu_sPIT_v_reupUDyrQ49sp/view?usp=drive_link,map_37.webp,6571,3079
R191,136k120,34.62353,131.61219,https://drive.google.com/file/d/18FhW1bCopQu_sPIT_v_reupUDyrQ49sp/view?usp=drive_link,map_37.webp,,
R191,136k140,34.62369,131.6123,https://drive.google.com/file/d/18FhW1bCopQu_sPIT_v_reupUDyrQ49sp/view?usp=drive_link,map_37.webp,,
R191,136k160,34.62384,131.61241,https://drive.google.com/file/d/18FhW1bCopQu_sPIT_v_reupUDyrQ49sp/view?usp=drive_link,map_37.webp,,
R191,136k180,34.624,131.61252,https://drive.google.com/file/d/18FhW1bCopQu_sPIT_v_reupUDyrQ49sp/view?usp=drive_link,map_37.webp,,
R191,136k200,34.62415,131.61264,https://drive.google.com/file/d/18FhW1bCopQu_sPIT_v_reupUDyrQ49sp/view?usp=drive_link,map_37.webp,,
R191,136k220,34.62431,131.61275,https://drive.google.com/file/d/1aaWa0o-LtLUYcm4g3_Od9D317C82lip2/view?usp=drive_link,map_38.webp,,
R191,136k240,34.62446,131.61286,https://drive.google.com/file/d/1aaWa0o-LtLUYcm4g3_Od9D317C82lip2/view?usp=drive_link,map_38.webp,,
R191,136k260,34.62462,131.61297,https://drive.google.com/file/d/1aaWa0o-LtLUYcm4g3_Od9D317C82lip2/view?usp=drive_link,map_38.webp,,
R191,136k280,34.62477,131.61308,https://drive.google.com/file/d/1aaWa0o-LtLUYcm4g3_Od9D317C82lip2/view?usp=drive_link,map_38.webp,,
R191,136k300,34.62493,131.61319,https://drive.google.com/file/d/1aaWa0o-LtLUYcm4g3_Od9D317C82lip2/view?usp=drive_link,map_38.webp,772,339
R191,136k320,34.62508,131.6133,https://drive.google.com/file/d/1aaWa0o-LtLUYcm4g3_Od9D317C82lip2/view?usp=drive_link,map_38.webp,,
R191,136k340,34.62524,131.61342,https://drive.google.com/file/d/1aaWa0o-LtLUYcm4g3_Od9D317C82lip2/view?usp=drive_link,map_38.webp,,
R191,136k360,34.62539,131.61354,https://drive.google.com/file/d/1aaWa0o-LtLUYcm4g3_Od9D317C82lip2/view?usp=drive_link,map_38.webp,,
R191,136k380,34.62553,131.61368,https://drive.google.com/file/d/1aaWa0o-LtLUYcm4g3_Od9D317C82lip2/view?usp=drive_link,map_38.webp,,
R191,136k400,34.62565,131.61384,https://drive.google.com/file/d/1aaWa0o-LtLUYcm4g3_Od9D317C82lip2/view?usp=drive_link,map_38.webp,,
R191,136k420,34.62576,131.61401,https://drive.google.com/file/d/1aaWa0o-LtLUYcm4g3_Od9D317C82lip2/view?usp=drive_link,map_38.webp,,
R191,136k440,34.62585,131.61419,https://drive.google.com/file/d/1aaWa0o-LtLUYcm4g3_Od9D317C82lip2/view?usp=drive_link,map_38.webp,,
R191,136k460,34.62592,131.6144,https://drive.google.com/file/d/1aaWa0o-LtLUYcm4g3_Od9D317C82lip2/view?usp=drive_link,map_38.webp,,
R191,136k480,34.62597,131.6146,https://drive.google.com/file/d/1aaWa0o-LtLUYcm4g3_Od9D317C82lip2/view?usp=drive_link,map_38.webp,,
R191,136k500,34.62602,131.61481,https://drive.google.com/file/d/1aaWa0o-LtLUYcm4g3_Od9D317C82lip2/view?usp=drive_link,map_38.webp,,
R191,136k520,34.62606,131.61503,https://drive.google.com/file/d/1aaWa0o-LtLUYcm4g3_Od9D317C82lip2/view?usp=drive_link,map_38.webp,,
R191,136k540,34.6261,131.61525,https://drive.google.com/file/d/1aaWa0o-LtLUYcm4g3_Od9D317C82lip2/view?usp=drive_link,map_38.webp,,
R191,136k560,34.62614,131.61546,https://drive.google.com/file/d/1aaWa0o-LtLUYcm4g3_Od9D317C82lip2/view?usp=drive_link,map_38.webp,,
R191,136k580,34.62618,131.61567,https://drive.google.com/file/d/1aaWa0o-LtLUYcm4g3_Od9D317C82lip2/view?usp=drive_link,map_38.webp,,
R191,136k600,34.62622,131.61588,https://drive.google.com/file/d/1aaWa0o-LtLUYcm4g3_Od9D317C82lip2/view?usp=drive_link,map_38.webp,,
R191,136k620,34.62626,131.61609,https://drive.google.com/file/d/1aaWa0o-LtLUYcm4g3_Od9D317C82lip2/view?usp=drive_link,map_38.webp,,
R191,136k640,34.6263,131.61631,https://drive.google.com/file/d/1aaWa0o-LtLUYcm4g3_Od9D317C82lip2/view?usp=drive_link,map_38.webp,,
R191,136k660,34.62634,131.61652,https://drive.google.com/file/d/1aaWa0o-LtLUYcm4g3_Od9D317C82lip2/view?usp=drive_link,map_38.webp,,
R191,136k680,34.62638,131.61673,https://drive.google.com/file/d/1aaWa0o-LtLUYcm4g3_Od9D317C82lip2/view?usp=drive_link,map_38.webp,,
R191,136k700,34.62642,131.61695,https://drive.google.com/file/d/1aaWa0o-LtLUYcm4g3_Od9D317C82lip2/view?usp=drive_link,map_38.webp,,
R191,136k720,34.62645,131.61716,https://drive.google.com/file/d/1aaWa0o-LtLUYcm4g3_Od9D317C82lip2/view?usp=drive_link,map_38.webp,,
R191,136k740,34.62649,131.61737,https://drive.google.com/file/d/1aaWa0o-LtLUYcm4g3_Od9D317C82lip2/view?usp=drive_link,map_38.webp,,
R191,136k760,34.6265,131.61759,https://drive.google.com/file/d/1aaWa0o-LtLUYcm4g3_Od9D317C82lip2/view?usp=drive_link,map_38.webp,,
R191,136k780,34.6265,131.6178,https://drive.google.com/file/d/1aaWa0o-LtLUYcm4g3_Od9D317C82lip2/view?usp=drive_link,map_38.webp,,
R191,136k800,34.62648,131.61802,https://drive.google.com/file/d/1aaWa0o-LtLUYcm4g3_Od9D317C82lip2/view?usp=drive_link,map_38.webp,3715,1815
R191,136k820,34.62645,131.61823,https://drive.google.com/file/d/1aaWa0o-LtLUYcm4g3_Od9D317C82lip2/view?usp=drive_link,map_38.webp,,
R191,136k840,34.6264,131.61844,https://drive.google.com/file/d/1aaWa0o-LtLUYcm4g3_Od9D317C82lip2/view?usp=drive_link,map_38.webp,,
R191,136k860,34.62634,131.61865,https://drive.google.com/file/d/1aaWa0o-LtLUYcm4g3_Od9D317C82lip2/view?usp=drive_link,map_38.webp,,
R191,136k880,34.62629,131.61885,https://drive.google.com/file/d/1aaWa0o-LtLUYcm4g3_Od9D317C82lip2/view?usp=drive_link,map_38.webp,,
R191,136k900,34.62623,131.61906,https://drive.google.com/file/d/1aaWa0o-LtLUYcm4g3_Od9D317C82lip2/view?usp=drive_link,map_38.webp,,
R191,136k920,34.62618,131.61927,https://drive.google.com/file/d/1aaWa0o-LtLUYcm4g3_Od9D317C82lip2/view?usp=drive_link,map_38.webp,,
R191,136k940,34.62612,131.61948,https://drive.google.com/file/d/1aaWa0o-LtLUYcm4g3_Od9D317C82lip2/view?usp=drive_link,map_38.webp,,
R191,136k960,34.62607,131.61969,https://drive.google.com/file/d/1aaWa0o-LtLUYcm4g3_Od9D317C82lip2/view?usp=drive_link,map_38.webp,,
R191,136k980,34.62601,131.6199,https://drive.google.com/file/d/1aaWa0o-LtLUYcm4g3_Od9D317C82lip2/view?usp=drive_link,map_38.webp,,
R191,137k000,34.62596,131.62011,https://drive.google.com/file/d/1aaWa0o-LtLUYcm4g3_Od9D317C82lip2/view?usp=drive_link,map_38.webp,4309,3074
R191,137k020,34.6259,131.62032,https://drive.google.com/file/d/1aaWa0o-LtLUYcm4g3_Od9D317C82lip2/view?usp=drive_link,map_38.webp,,
R191,137k040,34.62585,131.62053,https://drive.google.com/file/d/1aaWa0o-LtLUYcm4g3_Od9D317C82lip2/view?usp=drive_link,map_38.webp,,
R191,137k060,34.6258,131.62074,https://drive.google.com/file/d/1aaWa0o-LtLUYcm4g3_Od9D317C82lip2/view?usp=drive_link,map_38.webp,,
R191,137k080,34.62577,131.62095,https://drive.google.com/file/d/1aaWa0o-LtLUYcm4g3_Od9D317C82lip2/view?usp=drive_link,map_38.webp,,
R191,137k100,34.62576,131.62116,https://drive.google.com/file/d/1aaWa0o-LtLUYcm4g3_Od9D317C82lip2/view?usp=drive_link,map_38.webp,,
R191,137k120,34.62576,131.62138,https://drive.google.com/file/d/1p9Pt2P4AIz-HoRfz-jUckJa38pY9Ax7n/view?usp=drive_link,map_39.webp,,
R191,137k140,34.62579,131.6216,https://drive.google.com/file/d/1p9Pt2P4AIz-HoRfz-jUckJa38pY9Ax7n/view?usp=drive_link,map_39.webp,,
R191,137k160,34.62582,131.62181,https://drive.google.com/file/d/1p9Pt2P4AIz-HoRfz-jUckJa38pY9Ax7n/view?usp=drive_link,map_39.webp,,
R191,137k180,34.62586,131.62203,https://drive.google.com/file/d/1p9Pt2P4AIz-HoRfz-jUckJa38pY9Ax7n/view?usp=drive_link,map_39.webp,,
R191,137k200,34.6259,131.62223,https://drive.google.com/file/d/1p9Pt2P4AIz-HoRfz-jUckJa38pY9Ax7n/view?usp=drive_link,map_39.webp,818,599
R191,137k220,34.62594,131.62245,https://drive.google.com/file/d/1p9Pt2P4AIz-HoRfz-jUckJa38pY9Ax7n/view?usp=drive_link,map_39.webp,,
R191,137k240,34.62597,131.62266,https://drive.google.com/file/d/1p9Pt2P4AIz-HoRfz-jUckJa38pY9Ax7n/view?usp=drive_link,map_39.webp,,
R191,137k260,34.62598,131.62288,https://drive.google.com/file/d/1p9Pt2P4AIz-HoRfz-jUckJa38pY9Ax7n/view?usp=drive_link,map_39.webp,,
R191,137k280,34.62599,131.6231,https://drive.google.com/file/d/1p9Pt2P4AIz-HoRfz-jUckJa38pY9Ax7n/view?usp=drive_link,map_39.webp,,
R191,137k300,34.62597,131.62332,https://drive.google.com/file/d/1p9Pt2P4AIz-HoRfz-jUckJa38pY9Ax7n/view?usp=drive_link,map_39.webp,,
R191,137k320,34.62595,131.62353,https://drive.google.com/file/d/1p9Pt2P4AIz-HoRfz-jUckJa38pY9Ax7n/view?usp=drive_link,map_39.webp,,
R191,137k340,34.62592,131.62375,https://drive.google.com/file/d/1p9Pt2P4AIz-HoRfz-jUckJa38pY9Ax7n/view?usp=drive_link,map_39.webp,,
R191,137k360,34.62588,131.62396,https://drive.google.com/file/d/1p9Pt2P4AIz-HoRfz-jUckJa38pY9Ax7n/view?usp=drive_link,map_39.webp,,
R191,137k380,34.62584,131.62418,https://drive.google.com/file/d/1p9Pt2P4AIz-HoRfz-jUckJa38pY9Ax7n/view?usp=drive_link,map_39.webp,,
R191,137k400,34.62579,131.62439,https://drive.google.com/file/d/1p9Pt2P4AIz-HoRfz-jUckJa38pY9Ax7n/view?usp=drive_link,map_39.webp,,
R191,137k420,34.62575,131.62461,https://drive.google.com/file/d/1p9Pt2P4AIz-HoRfz-jUckJa38pY9Ax7n/view?usp=drive_link,map_39.webp,,
R191,137k440,34.62572,131.62482,https://drive.google.com/file/d/1p9Pt2P4AIz-HoRfz-jUckJa38pY9Ax7n/view?usp=drive_link,map_39.webp,,
R191,137k460,34.62568,131.62503,https://drive.google.com/file/d/1p9Pt2P4AIz-HoRfz-jUckJa38pY9Ax7n/view?usp=drive_link,map_39.webp,,
R191,137k480,34.62564,131.62525,https://drive.google.com/file/d/1p9Pt2P4AIz-HoRfz-jUckJa38pY9Ax7n/view?usp=drive_link,map_39.webp,,
R191,137k500,34.62561,131.62546,https://drive.google.com/file/d/1p9Pt2P4AIz-HoRfz-jUckJa38pY9Ax7n/view?usp=drive_link,map_39.webp,,
R191,137k520,34.62557,131.62567,https://drive.google.com/file/d/1p9Pt2P4AIz-HoRfz-jUckJa38pY9Ax7n/view?usp=drive_link,map_39.webp,,
R191,137k540,34.62553,131.62588,https://drive.google.com/file/d/1p9Pt2P4AIz-HoRfz-jUckJa38pY9Ax7n/view?usp=drive_link,map_39.webp,,
R191,137k560,34.62549,131.62609,https://drive.google.com/file/d/1p9Pt2P4AIz-HoRfz-jUckJa38pY9Ax7n/view?usp=drive_link,map_39.webp,,
R191,137k580,34.62543,131.6263,https://drive.google.com/file/d/1p9Pt2P4AIz-HoRfz-jUckJa38pY9Ax7n/view?usp=drive_link,map_39.webp,,
R191,137k600,34.62536,131.6265,https://drive.google.com/file/d/1p9Pt2P4AIz-HoRfz-jUckJa38pY9Ax7n/view?usp=drive_link,map_39.webp,3899,1083
R191,137k620,34.62529,131.6267,https://drive.google.com/file/d/1p9Pt2P4AIz-HoRfz-jUckJa38pY9Ax7n/view?usp=drive_link,map_39.webp,,
R191,137k640,34.6252,131.62689,https://drive.google.com/file/d/1p9Pt2P4AIz-HoRfz-jUckJa38pY9Ax7n/view?usp=drive_link,map_39.webp,,
R191,137k660,34.6251,131.62708,https://drive.google.com/file/d/1p9Pt2P4AIz-HoRfz-jUckJa38pY9Ax7n/view?usp=drive_link,map_39.webp,,
R191,137k680,34.625,131.62725,https://drive.google.com/file/d/1p9Pt2P4AIz-HoRfz-jUckJa38pY9Ax7n/view?usp=drive_link,map_39.webp,,
R191,137k700,34.6249,131.62743,https://drive.google.com/file/d/1p9Pt2P4AIz-HoRfz-jUckJa38pY9Ax7n/view?usp=drive_link,map_39.webp,,
R191,137k720,34.6248,131.62761,https://drive.google.com/file/d/1p9Pt2P4AIz-HoRfz-jUckJa38pY9Ax7n/view?usp=drive_link,map_39.webp,,
R191,137k740,34.6247,131.6278,https://drive.google.com/file/d/1p9Pt2P4AIz-HoRfz-jUckJa38pY9Ax7n/view?usp=drive_link,map_39.webp,,
R191,137k760,34.62461,131.62799,https://drive.google.com/file/d/1p9Pt2P4AIz-HoRfz-jUckJa38pY9Ax7n/view?usp=drive_link,map_39.webp,,
R191,137k780,34.62453,131.62818,https://drive.google.com/file/d/1p9Pt2P4AIz-HoRfz-jUckJa38pY9Ax7n/view?usp=drive_link,map_39.webp,,
R191,137k800,34.62447,131.62839,https://drive.google.com/file/d/1p9Pt2P4AIz-HoRfz-jUckJa38pY9Ax7n/view?usp=drive_link,map_39.webp,,
R191,137k820,34.62442,131.6286,https://drive.google.com/file/d/1p9Pt2P4AIz-HoRfz-jUckJa38pY9Ax7n/view?usp=drive_link,map_39.webp,,
R191,137k840,34.62438,131.62881,https://drive.google.com/file/d/1p9Pt2P4AIz-HoRfz-jUckJa38pY9Ax7n/view?usp=drive_link,map_39.webp,,
R191,137k860,34.62436,131.62903,https://drive.google.com/file/d/1p9Pt2P4AIz-HoRfz-jUckJa38pY9Ax7n/view?usp=drive_link,map_39.webp,,
R191,137k880,34.62436,131.62925,https://drive.google.com/file/d/1p9Pt2P4AIz-HoRfz-jUckJa38pY9Ax7n/view?usp=drive_link,map_39.webp,,
R191,137k900,34.62437,131.62946,https://drive.google.com/file/d/1p9Pt2P4AIz-HoRfz-jUckJa38pY9Ax7n/view?usp=drive_link,map_39.webp,6031,1959
R191,137k920,34.6244,131.62968,https://drive.google.com/file/d/1p9Pt2P4AIz-HoRfz-jUckJa38pY9Ax7n/view?usp=drive_link,map_39.webp,,
R191,137k940,34.62444,131.62989,https://drive.google.com/file/d/1p9Pt2P4AIz-HoRfz-jUckJa38pY9Ax7n/view?usp=drive_link,map_39.webp,,
R191,137k960,34.6245,131.6301,https://drive.google.com/file/d/1p9Pt2P4AIz-HoRfz-jUckJa38pY9Ax7n/view?usp=drive_link,map_39.webp,,
R191,137k980,34.62456,131.63031,https://drive.google.com/file/d/1p9Pt2P4AIz-HoRfz-jUckJa38pY9Ax7n/view?usp=drive_link,map_39.webp,,
R191,138k000,34.62463,131.63051,https://drive.google.com/file/d/1p9Pt2P4AIz-HoRfz-jUckJa38pY9Ax7n/view?usp=drive_link,map_39.webp,,
R191,138k020,34.6247,131.63071,https://drive.google.com/file/d/1zozeKdJ4j0RW8zQYojI6Dz1Nm3YuN90n/view?usp=drive_link,map_40.webp,,
R191,138k040,34.62476,131.63092,https://drive.google.com/file/d/1zozeKdJ4j0RW8zQYojI6Dz1Nm3YuN90n/view?usp=drive_link,map_40.webp,,
R191,138k060,34.62483,131.63112,https://drive.google.com/file/d/1zozeKdJ4j0RW8zQYojI6Dz1Nm3YuN90n/view?usp=drive_link,map_40.webp,,
R191,138k080,34.6249,131.63132,https://drive.google.com/file/d/1zozeKdJ4j0RW8zQYojI6Dz1Nm3YuN90n/view?usp=drive_link,map_40.webp,,
R191,138k100,34.62496,131.63152,https://drive.google.com/file/d/1zozeKdJ4j0RW8zQYojI6Dz1Nm3YuN90n/view?usp=drive_link,map_40.webp,705,573
R191,138k120,34.62503,131.63173,https://drive.google.com/file/d/1zozeKdJ4j0RW8zQYojI6Dz1Nm3YuN90n/view?usp=drive_link,map_40.webp,,
R191,138k140,34.6251,131.63193,https://drive.google.com/file/d/1zozeKdJ4j0RW8zQYojI6Dz1Nm3YuN90n/view?usp=drive_link,map_40.webp,,
R191,138k160,34.62517,131.63213,https://drive.google.com/file/d/1zozeKdJ4j0RW8zQYojI6Dz1Nm3YuN90n/view?usp=drive_link,map_40.webp,,
R191,138k180,34.62523,131.63233,https://drive.google.com/file/d/1zozeKdJ4j0RW8zQYojI6Dz1Nm3YuN90n/view?usp=drive_link,map_40.webp,,
R191,138k200,34.6253,131.63253,https://drive.google.com/file/d/1zozeKdJ4j0RW8zQYojI6Dz1Nm3YuN90n/view?usp=drive_link,map_40.webp,,
R191,138k220,34.62537,131.63274,https://drive.google.com/file/d/1zozeKdJ4j0RW8zQYojI6Dz1Nm3YuN90n/view?usp=drive_link,map_40.webp,,
R191,138k240,34.62543,131.63294,https://drive.google.com/file/d/1zozeKdJ4j0RW8zQYojI6Dz1Nm3YuN90n/view?usp=drive_link,map_40.webp,,
R191,138k260,34.6255,131.63314,https://drive.google.com/file/d/1zozeKdJ4j0RW8zQYojI6Dz1Nm3YuN90n/view?usp=drive_link,map_40.webp,,
R191,138k280,34.62557,131.63334,https://drive.google.com/file/d/1zozeKdJ4j0RW8zQYojI6Dz1Nm3YuN90n/view?usp=drive_link,map_40.webp,,
R191,138k300,34.62563,131.63354,https://drive.google.com/file/d/1zozeKdJ4j0RW8zQYojI6Dz1Nm3YuN90n/view?usp=drive_link,map_40.webp,,
R191,138k320,34.6257,131.63375,https://drive.google.com/file/d/1zozeKdJ4j0RW8zQYojI6Dz1Nm3YuN90n/view?usp=drive_link,map_40.webp,,
R191,138k340,34.62577,131.63395,https://drive.google.com/file/d/1zozeKdJ4j0RW8zQYojI6Dz1Nm3YuN90n/view?usp=drive_link,map_40.webp,,
R191,138k360,34.62584,131.63415,https://drive.google.com/file/d/1zozeKdJ4j0RW8zQYojI6Dz1Nm3YuN90n/view?usp=drive_link,map_40.webp,,
R191,138k380,34.6259,131.63435,https://drive.google.com/file/d/1zozeKdJ4j0RW8zQYojI6Dz1Nm3YuN90n/view?usp=drive_link,map_40.webp,,
R191,138k400,34.62597,131.63455,https://drive.google.com/file/d/1zozeKdJ4j0RW8zQYojI6Dz1Nm3YuN90n/view?usp=drive_link,map_40.webp,,
R191,138k420,34.62604,131.63476,https://drive.google.com/file/d/1zozeKdJ4j0RW8zQYojI6Dz1Nm3YuN90n/view?usp=drive_link,map_40.webp,,
R191,138k440,34.6261,131.63496,https://drive.google.com/file/d/1zozeKdJ4j0RW8zQYojI6Dz1Nm3YuN90n/view?usp=drive_link,map_40.webp,,
R191,138k460,34.62617,131.63516,https://drive.google.com/file/d/1zozeKdJ4j0RW8zQYojI6Dz1Nm3YuN90n/view?usp=drive_link,map_40.webp,,
R191,138k480,34.62622,131.63537,https://drive.google.com/file/d/1zozeKdJ4j0RW8zQYojI6Dz1Nm3YuN90n/view?usp=drive_link,map_40.webp,,
R191,138k500,34.62626,131.63558,https://drive.google.com/file/d/1zozeKdJ4j0RW8zQYojI6Dz1Nm3YuN90n/view?usp=drive_link,map_40.webp,3213,601
R191,138k520,34.62628,131.6358,https://drive.google.com/file/d/1zozeKdJ4j0RW8zQYojI6Dz1Nm3YuN90n/view?usp=drive_link,map_40.webp,,
R191,138k540,34.6263,131.63601,https://drive.google.com/file/d/1zozeKdJ4j0RW8zQYojI6Dz1Nm3YuN90n/view?usp=drive_link,map_40.webp,,
R191,138k560,34.6263,131.63623,https://drive.google.com/file/d/1zozeKdJ4j0RW8zQYojI6Dz1Nm3YuN90n/view?usp=drive_link,map_40.webp,,
R191,138k580,34.6263,131.63645,https://drive.google.com/file/d/1zozeKdJ4j0RW8zQYojI6Dz1Nm3YuN90n/view?usp=drive_link,map_40.webp,,
R191,138k600,34.6263,131.63666,https://drive.google.com/file/d/1zozeKdJ4j0RW8zQYojI6Dz1Nm3YuN90n/view?usp=drive_link,map_40.webp,,
R191,138k620,34.62631,131.63688,https://drive.google.com/file/d/1zozeKdJ4j0RW8zQYojI6Dz1Nm3YuN90n/view?usp=drive_link,map_40.webp,,
R191,138k640,34.62631,131.6371,https://drive.google.com/file/d/1zozeKdJ4j0RW8zQYojI6Dz1Nm3YuN90n/view?usp=drive_link,map_40.webp,,
R191,138k660,34.62631,131.63732,https://drive.google.com/file/d/1zozeKdJ4j0RW8zQYojI6Dz1Nm3YuN90n/view?usp=drive_link,map_40.webp,,
R191,138k680,34.62631,131.63754,https://drive.google.com/file/d/1zozeKdJ4j0RW8zQYojI6Dz1Nm3YuN90n/view?usp=drive_link,map_40.webp,,
R191,138k700,34.62631,131.63776,https://drive.google.com/file/d/1zozeKdJ4j0RW8zQYojI6Dz1Nm3YuN90n/view?usp=drive_link,map_40.webp,,
R191,138k720,34.62631,131.63798,https://drive.google.com/file/d/1zozeKdJ4j0RW8zQYojI6Dz1Nm3YuN90n/view?usp=drive_link,map_40.webp,,
R191,138k740,34.62631,131.63819,https://drive.google.com/file/d/1zozeKdJ4j0RW8zQYojI6Dz1Nm3YuN90n/view?usp=drive_link,map_40.webp,,
R191,138k760,34.62632,131.63841,https://drive.google.com/file/d/1zozeKdJ4j0RW8zQYojI6Dz1Nm3YuN90n/view?usp=drive_link,map_40.webp,,
R191,138k780,34.62635,131.63863,https://drive.google.com/file/d/1zozeKdJ4j0RW8zQYojI6Dz1Nm3YuN90n/view?usp=drive_link,map_40.webp,,
R191,138k800,34.62638,131.63884,https://drive.google.com/file/d/1zozeKdJ4j0RW8zQYojI6Dz1Nm3YuN90n/view?usp=drive_link,map_40.webp,,
R191,138k820,34.62643,131.63905,https://drive.google.com/file/d/1zozeKdJ4j0RW8zQYojI6Dz1Nm3YuN90n/view?usp=drive_link,map_40.webp,,
R191,138k840,34.62649,131.63925,https://drive.google.com/file/d/1zozeKdJ4j0RW8zQYojI6Dz1Nm3YuN90n/view?usp=drive_link,map_40.webp,,
R191,138k860,34.62657,131.63945,https://drive.google.com/file/d/1zozeKdJ4j0RW8zQYojI6Dz1Nm3YuN90n/view?usp=drive_link,map_40.webp,,
R191,138k880,34.62666,131.63964,https://drive.google.com/file/d/1zozeKdJ4j0RW8zQYojI6Dz1Nm3YuN90n/view?usp=drive_link,map_40.webp,,
R191,138k900,34.62676,131.63982,https://drive.google.com/file/d/1zozeKdJ4j0RW8zQYojI6Dz1Nm3YuN90n/view?usp=drive_link,map_40.webp,,
R191,138k920,34.62688,131.64,https://drive.google.com/file/d/1zozeKdJ4j0RW8zQYojI6Dz1Nm3YuN90n/view?usp=drive_link,map_40.webp,,
R191,138k940,34.627,131.64016,https://drive.google.com/file/d/1zozeKdJ4j0RW8zQYojI6Dz1Nm3YuN90n/view?usp=drive_link,map_40.webp,,
R191,138k960,34.62713,131.6403,https://drive.google.com/file/d/1zozeKdJ4j0RW8zQYojI6Dz1Nm3YuN90n/view?usp=drive_link,map_40.webp,,
R191,138k980,34.62728,131.64043,https://drive.google.com/file/d/1zozeKdJ4j0RW8zQYojI6Dz1Nm3YuN90n/view?usp=drive_link,map_40.webp,,
R191,139k000,34.62742,131.64056,https://drive.google.com/file/d/1zozeKdJ4j0RW8zQYojI6Dz1Nm3YuN90n/view?usp=drive_link,map_40.webp,6192,915
R191,139k020,34.62757,131.64068,https://drive.google.com/file/d/1zozeKdJ4j0RW8zQYojI6Dz1Nm3YuN90n/view?usp=drive_link,map_40.webp,,
R191,139k040,34.62772,131.6408,https://drive.google.com/file/d/1zozeKdJ4j0RW8zQYojI6Dz1Nm3YuN90n/view?usp=drive_link,map_40.webp,,
R191,139k060,34.62787,131.64092,https://drive.google.com/file/d/1zozeKdJ4j0RW8zQYojI6Dz1Nm3YuN90n/view?usp=drive_link,map_40.webp,,
R191,139k080,34.62803,131.64104,https://drive.google.com/file/d/1zozeKdJ4j0RW8zQYojI6Dz1Nm3YuN90n/view?usp=drive_link,map_40.webp,,
R191,139k100,34.62818,131.64116,https://drive.google.com/file/d/1zozeKdJ4j0RW8zQYojI6Dz1Nm3YuN90n/view?usp=drive_link,map_40.webp,,
R191,139k120,34.62833,131.64128,https://drive.google.com/file/d/1zozeKdJ4j0RW8zQYojI6Dz1Nm3YuN90n/view?usp=drive_link,map_40.webp,,
R191,139k140,34.62848,131.6414,https://drive.google.com/file/d/1zozeKdJ4j0RW8zQYojI6Dz1Nm3YuN90n/view?usp=drive_link,map_40.webp,,
R191,139k160,34.62863,131.64152,https://drive.google.com/file/d/1zozeKdJ4j0RW8zQYojI6Dz1Nm3YuN90n/view?usp=drive_link,map_40.webp,,
R191,139k180,34.62878,131.64164,https://drive.google.com/file/d/1zozeKdJ4j0RW8zQYojI6Dz1Nm3YuN90n/view?usp=drive_link,map_40.webp,,
R191,139k200,34.62893,131.64176,https://drive.google.com/file/d/1zozeKdJ4j0RW8zQYojI6Dz1Nm3YuN90n/view?usp=drive_link,map_40.webp,,
R191,139k220,34.62908,131.64188,https://drive.google.com/file/d/17skNYArhuaer4-S4yUb-w3b9qPG-hESp/view?usp=drive_link,map_41.webp,,
R191,139k240,34.62923,131.64199,https://drive.google.com/file/d/17skNYArhuaer4-S4yUb-w3b9qPG-hESp/view?usp=drive_link,map_41.webp,,
R191,139k260,34.62939,131.64209,https://drive.google.com/file/d/17skNYArhuaer4-S4yUb-w3b9qPG-hESp/view?usp=drive_link,map_41.webp,,
R191,139k280,34.62956,131.64218,https://drive.google.com/file/d/17skNYArhuaer4-S4yUb-w3b9qPG-hESp/view?usp=drive_link,map_41.webp,,
R191,139k300,34.62973,131.64227,https://drive.google.com/file/d/17skNYArhuaer4-S4yUb-w3b9qPG-hESp/view?usp=drive_link,map_41.webp,866,2476
R191,139k320,34.62989,131.64234,https://drive.google.com/file/d/17skNYArhuaer4-S4yUb-w3b9qPG-hESp/view?usp=drive_link,map_41.webp,,
R191,139k340,34.63007,131.64241,https://drive.google.com/file/d/17skNYArhuaer4-S4yUb-w3b9qPG-hESp/view?usp=drive_link,map_41.webp,,
R191,139k360,34.63024,131.64247,https://drive.google.com/file/d/17skNYArhuaer4-S4yUb-w3b9qPG-hESp/view?usp=drive_link,map_41.webp,,
R191,139k380,34.63041,131.64254,https://drive.google.com/file/d/17skNYArhuaer4-S4yUb-w3b9qPG-hESp/view?usp=drive_link,map_41.webp,,
R191,139k400,34.63058,131.64261,https://drive.google.com/file/d/17skNYArhuaer4-S4yUb-w3b9qPG-hESp/view?usp=drive_link,map_41.webp,,
R191,139k420,34.63075,131.64268,https://drive.google.com/file/d/17skNYArhuaer4-S4yUb-w3b9qPG-hESp/view?usp=drive_link,map_41.webp,,
R191,139k440,34.63092,131.64274,https://drive.google.com/file/d/17skNYArhuaer4-S4yUb-w3b9qPG-hESp/view?usp=drive_link,map_41.webp,,
R191,139k460,34.63109,131.64281,https://drive.google.com/file/d/17skNYArhuaer4-S4yUb-w3b9qPG-hESp/view?usp=drive_link,map_41.webp,,
R191,139k480,34.63127,131.64288,https://drive.google.com/file/d/17skNYArhuaer4-S4yUb-w3b9qPG-hESp/view?usp=drive_link,map_41.webp,,
R191,139k500,34.63144,131.64295,https://drive.google.com/file/d/17skNYArhuaer4-S4yUb-w3b9qPG-hESp/view?usp=drive_link,map_41.webp,,
R191,139k520,34.6316,131.64301,https://drive.google.com/file/d/17skNYArhuaer4-S4yUb-w3b9qPG-hESp/view?usp=drive_link,map_41.webp,,
R191,139k540,34.63178,131.64307,https://drive.google.com/file/d/17skNYArhuaer4-S4yUb-w3b9qPG-hESp/view?usp=drive_link,map_41.webp,,
R191,139k560,34.63196,131.64312,https://drive.google.com/file/d/17skNYArhuaer4-S4yUb-w3b9qPG-hESp/view?usp=drive_link,map_41.webp,,
R191,139k580,34.63213,131.64315,https://drive.google.com/file/d/17skNYArhuaer4-S4yUb-w3b9qPG-hESp/view?usp=drive_link,map_41.webp,,
R191,139k600,34.63231,131.64317,https://drive.google.com/file/d/17skNYArhuaer4-S4yUb-w3b9qPG-hESp/view?usp=drive_link,map_41.webp,,
R191,139k620,34.63249,131.64317,https://drive.google.com/file/d/17skNYArhuaer4-S4yUb-w3b9qPG-hESp/view?usp=drive_link,map_41.webp,,
R191,139k640,34.63267,131.64316,https://drive.google.com/file/d/17skNYArhuaer4-S4yUb-w3b9qPG-hESp/view?usp=drive_link,map_41.webp,,
R191,139k660,34.63285,131.64314,https://drive.google.com/file/d/17skNYArhuaer4-S4yUb-w3b9qPG-hESp/view?usp=drive_link,map_41.webp,,
R191,139k680,34.63303,131.6431,https://drive.google.com/file/d/17skNYArhuaer4-S4yUb-w3b9qPG-hESp/view?usp=drive_link,map_41.webp,,
R191,139k700,34.6332,131.64305,https://drive.google.com/file/d/17skNYArhuaer4-S4yUb-w3b9qPG-hESp/view?usp=drive_link,map_41.webp,,
R191,139k720,34.63338,131.64298,https://drive.google.com/file/d/17skNYArhuaer4-S4yUb-w3b9qPG-hESp/view?usp=drive_link,map_41.webp,,
R191,139k740,34.63355,131.64291,https://drive.google.com/file/d/17skNYArhuaer4-S4yUb-w3b9qPG-hESp/view?usp=drive_link,map_41.webp,,
R191,139k760,34.63371,131.64283,https://drive.google.com/file/d/17skNYArhuaer4-S4yUb-w3b9qPG-hESp/view?usp=drive_link,map_41.webp,,
R191,139k780,34.63388,131.64274,https://drive.google.com/file/d/17skNYArhuaer4-S4yUb-w3b9qPG-hESp/view?usp=drive_link,map_41.webp,,
R191,139k800,34.63404,131.64265,https://drive.google.com/file/d/17skNYArhuaer4-S4yUb-w3b9qPG-hESp/view?usp=drive_link,map_41.webp,4481,1318
R191,139k820,34.6342,131.64255,https://drive.google.com/file/d/17skNYArhuaer4-S4yUb-w3b9qPG-hESp/view?usp=drive_link,map_41.webp,,
R191,139k840,34.63436,131.64246,https://drive.google.com/file/d/17skNYArhuaer4-S4yUb-w3b9qPG-hESp/view?usp=drive_link,map_41.webp,,
R191,139k860,34.63453,131.64237,https://drive.google.com/file/d/17skNYArhuaer4-S4yUb-w3b9qPG-hESp/view?usp=drive_link,map_41.webp,,
R191,139k880,34.63469,131.64228,https://drive.google.com/file/d/17skNYArhuaer4-S4yUb-w3b9qPG-hESp/view?usp=drive_link,map_41.webp,,
R191,139k900,34.63487,131.64222,https://drive.google.com/file/d/17skNYArhuaer4-S4yUb-w3b9qPG-hESp/view?usp=drive_link,map_41.webp,,
R191,139k920,34.63504,131.64219,https://drive.google.com/file/d/17skNYArhuaer4-S4yUb-w3b9qPG-hESp/view?usp=drive_link,map_41.webp,,
R191,139k940,34.63522,131.64219,https://drive.google.com/file/d/17skNYArhuaer4-S4yUb-w3b9qPG-hESp/view?usp=drive_link,map_41.webp,,
R191,139k960,34.6354,131.64221,https://drive.google.com/file/d/17skNYArhuaer4-S4yUb-w3b9qPG-hESp/view?usp=drive_link,map_41.webp,,
R191,139k980,34.63558,131.64226,https://drive.google.com/file/d/17skNYArhuaer4-S4yUb-w3b9qPG-hESp/view?usp=drive_link,map_41.webp,,
R191,140k000,34.63576,131.64234,https://drive.google.com/file/d/17skNYArhuaer4-S4yUb-w3b9qPG-hESp/view?usp=drive_link,map_41.webp,5774,557
R191,140k020,34.63591,131.64245,https://drive.google.com/file/d/17skNYArhuaer4-S4yUb-w3b9qPG-hESp/view?usp=drive_link,map_41.webp,,
R191,140k040,34.63607,131.64257,https://drive.google.com/file/d/17skNYArhuaer4-S4yUb-w3b9qPG-hESp/view?usp=drive_link,map_41.webp,,
R191,140k060,34.63622,131.6427,https://drive.google.com/file/d/17skNYArhuaer4-S4yUb-w3b9qPG-hESp/view?usp=drive_link,map_41.webp,,
R191,140k080,34.63636,131.64283,https://drive.google.com/file/d/17skNYArhuaer4-S4yUb-w3b9qPG-hESp/view?usp=drive_link,map_41.webp,,
R191,140k100,34.63651,131.64297,https://drive.google.com/file/d/17skNYArhuaer4-S4yUb-w3b9qPG-hESp/view?usp=drive_link,map_41.webp,,
R191,140k120,34.63665,131.64311,https://drive.google.com/file/d/153DtEufKG8qCpK-No5mEqTSmwjIQLWvH/view?usp=drive_link,map_42.webp,,
R191,140k140,34.63678,131.64326,https://drive.google.com/file/d/153DtEufKG8qCpK-No5mEqTSmwjIQLWvH/view?usp=drive_link,map_42.webp,,
R191,140k160,34.6369,131.64341,https://drive.google.com/file/d/153DtEufKG8qCpK-No5mEqTSmwjIQLWvH/view?usp=drive_link,map_42.webp,,
R191,140k180,34.63703,131.64357,https://drive.google.com/file/d/153DtEufKG8qCpK-No5mEqTSmwjIQLWvH/view?usp=drive_link,map_42.webp,,
R191,140k200,34.63714,131.64373,https://drive.google.com/file/d/153DtEufKG8qCpK-No5mEqTSmwjIQLWvH/view?usp=drive_link,map_42.webp,931,509
R191,140k220,34.63724756,131.6438961,https://drive.google.com/file/d/153DtEufKG8qCpK-No5mEqTSmwjIQLWvH/view?usp=drive_link,map_42.webp,,
R191,140k240,34.63736,131.64405,https://drive.google.com/file/d/153DtEufKG8qCpK-No5mEqTSmwjIQLWvH/view?usp=drive_link,map_42.webp,,
R191,140k260,34.63749,131.64422,https://drive.google.com/file/d/153DtEufKG8qCpK-No5mEqTSmwjIQLWvH/view?usp=drive_link,map_42.webp,,
R191,140k280,34.6376,131.64439,https://drive.google.com/file/d/153DtEufKG8qCpK-No5mEqTSmwjIQLWvH/view?usp=drive_link,map_42.webp,,
R191,140k300,34.6377,131.64457,https://drive.google.com/file/d/153DtEufKG8qCpK-No5mEqTSmwjIQLWvH/view?usp=drive_link,map_42.webp,,
R191,140k320,34.6378,131.64475,https://drive.google.com/file/d/153DtEufKG8qCpK-No5mEqTSmwjIQLWvH/view?usp=drive_link,map_42.webp,,
R191,140k340,34.63789,131.64494,https://drive.google.com/file/d/153DtEufKG8qCpK-No5mEqTSmwjIQLWvH/view?usp=drive_link,map_42.webp,,
R191,140k360,34.63798,131.64513,https://drive.google.com/file/d/153DtEufKG8qCpK-No5mEqTSmwjIQLWvH/view?usp=drive_link,map_42.webp,,
R191,140k380,34.63807,131.64532,https://drive.google.com/file/d/153DtEufKG8qCpK-No5mEqTSmwjIQLWvH/view?usp=drive_link,map_42.webp,,
R191,140k400,34.63815,131.64551,https://drive.google.com/file/d/153DtEufKG8qCpK-No5mEqTSmwjIQLWvH/view?usp=drive_link,map_42.webp,,
R191,140k420,34.63824,131.64571,https://drive.google.com/file/d/153DtEufKG8qCpK-No5mEqTSmwjIQLWvH/view?usp=drive_link,map_42.webp,,
R191,140k440,34.63833,131.6459,https://drive.google.com/file/d/153DtEufKG8qCpK-No5mEqTSmwjIQLWvH/view?usp=drive_link,map_42.webp,,
R191,140k460,34.63842,131.64609,https://drive.google.com/file/d/153DtEufKG8qCpK-No5mEqTSmwjIQLWvH/view?usp=drive_link,map_42.webp,,
R191,140k480,34.63852,131.64627,https://drive.google.com/file/d/153DtEufKG8qCpK-No5mEqTSmwjIQLWvH/view?usp=drive_link,map_42.webp,,
R191,140k500,34.63861,131.64646,https://drive.google.com/file/d/153DtEufKG8qCpK-No5mEqTSmwjIQLWvH/view?usp=drive_link,map_42.webp,,
R191,140k520,34.63871,131.64664,https://drive.google.com/file/d/153DtEufKG8qCpK-No5mEqTSmwjIQLWvH/view?usp=drive_link,map_42.webp,,
R191,140k540,34.63881,131.64682,https://drive.google.com/file/d/153DtEufKG8qCpK-No5mEqTSmwjIQLWvH/view?usp=drive_link,map_42.webp,,
R191,140k560,34.63891,131.64701,https://drive.google.com/file/d/153DtEufKG8qCpK-No5mEqTSmwjIQLWvH/view?usp=drive_link,map_42.webp,,
R191,140k580,34.639,131.64719,https://drive.google.com/file/d/153DtEufKG8qCpK-No5mEqTSmwjIQLWvH/view?usp=drive_link,map_42.webp,,
R191,140k600,34.6391,131.64738,https://drive.google.com/file/d/153DtEufKG8qCpK-No5mEqTSmwjIQLWvH/view?usp=drive_link,map_42.webp,,
R191,140k620,34.6392,131.64756,https://drive.google.com/file/d/153DtEufKG8qCpK-No5mEqTSmwjIQLWvH/view?usp=drive_link,map_42.webp,,
R191,140k640,34.63929,131.64774,https://drive.google.com/file/d/153DtEufKG8qCpK-No5mEqTSmwjIQLWvH/view?usp=drive_link,map_42.webp,,
R191,140k660,34.63939,131.64793,https://drive.google.com/file/d/153DtEufKG8qCpK-No5mEqTSmwjIQLWvH/view?usp=drive_link,map_42.webp,,
R191,140k680,34.63949,131.64811,https://drive.google.com/file/d/153DtEufKG8qCpK-No5mEqTSmwjIQLWvH/view?usp=drive_link,map_42.webp,,
R191,140k700,34.63958,131.64828,https://drive.google.com/file/d/153DtEufKG8qCpK-No5mEqTSmwjIQLWvH/view?usp=drive_link,map_42.webp,4827,933
R191,140k720,34.63966,131.64847,https://drive.google.com/file/d/153DtEufKG8qCpK-No5mEqTSmwjIQLWvH/view?usp=drive_link,map_42.webp,,
R191,140k740,34.63974,131.64867,https://drive.google.com/file/d/153DtEufKG8qCpK-No5mEqTSmwjIQLWvH/view?usp=drive_link,map_42.webp,,
R191,140k760,34.6398,131.64888,https://drive.google.com/file/d/153DtEufKG8qCpK-No5mEqTSmwjIQLWvH/view?usp=drive_link,map_42.webp,,
R191,140k780,34.63984,131.64909,https://drive.google.com/file/d/153DtEufKG8qCpK-No5mEqTSmwjIQLWvH/view?usp=drive_link,map_42.webp,,
R191,140k800,34.63985,131.64931,https://drive.google.com/file/d/153DtEufKG8qCpK-No5mEqTSmwjIQLWvH/view?usp=drive_link,map_42.webp,,
R191,140k820,34.63984,131.64953,https://drive.google.com/file/d/153DtEufKG8qCpK-No5mEqTSmwjIQLWvH/view?usp=drive_link,map_42.webp,,
R191,140k840,34.6398,131.64974,https://drive.google.com/file/d/153DtEufKG8qCpK-No5mEqTSmwjIQLWvH/view?usp=drive_link,map_42.webp,,
R191,140k860,34.63975,131.64995,https://drive.google.com/file/d/153DtEufKG8qCpK-No5mEqTSmwjIQLWvH/view?usp=drive_link,map_42.webp,,
R191,140k880,34.63968,131.65016,https://drive.google.com/file/d/153DtEufKG8qCpK-No5mEqTSmwjIQLWvH/view?usp=drive_link,map_42.webp,,
R191,140k900,34.63961,131.65036,https://drive.google.com/file/d/153DtEufKG8qCpK-No5mEqTSmwjIQLWvH/view?usp=drive_link,map_42.webp,6011,1865
R191,140k920,34.63954,131.65056,https://drive.google.com/file/d/153DtEufKG8qCpK-No5mEqTSmwjIQLWvH/view?usp=drive_link,map_42.webp,,
R191,140k940,34.63947,131.65077,https://drive.google.com/file/d/153DtEufKG8qCpK-No5mEqTSmwjIQLWvH/view?usp=drive_link,map_42.webp,,
R191,140k960,34.63941,131.65097,https://drive.google.com/file/d/153DtEufKG8qCpK-No5mEqTSmwjIQLWvH/view?usp=drive_link,map_42.webp,,
R191,140k980,34.63934,131.65117,https://drive.google.com/file/d/153DtEufKG8qCpK-No5mEqTSmwjIQLWvH/view?usp=drive_link,map_42.webp,,
R191,141k000,34.63927,131.65138,https://drive.google.com/file/d/153DtEufKG8qCpK-No5mEqTSmwjIQLWvH/view?usp=drive_link,map_42.webp,,
R191,141k020,34.63922,131.65159,https://drive.google.com/file/d/1WdTPbm0KWijoNROcAYU3Bd3smFjMCZfu/view?usp=drive_link,map_43.webp,,
R191,141k040,34.6392,131.65181,https://drive.google.com/file/d/1WdTPbm0KWijoNROcAYU3Bd3smFjMCZfu/view?usp=drive_link,map_43.webp,,
R191,141k060,34.6392,131.65202,https://drive.google.com/file/d/1WdTPbm0KWijoNROcAYU3Bd3smFjMCZfu/view?usp=drive_link,map_43.webp,,
R191,141k080,34.63923,131.65224,https://drive.google.com/file/d/1WdTPbm0KWijoNROcAYU3Bd3smFjMCZfu/view?usp=drive_link,map_43.webp,,
R191,141k100,34.63929,131.65245,https://drive.google.com/file/d/1WdTPbm0KWijoNROcAYU3Bd3smFjMCZfu/view?usp=drive_link,map_43.webp,,
R191,141k120,34.63937,131.65264,https://drive.google.com/file/d/1WdTPbm0KWijoNROcAYU3Bd3smFjMCZfu/view?usp=drive_link,map_43.webp,,
R191,141k140,34.63947,131.65282,https://drive.google.com/file/d/1WdTPbm0KWijoNROcAYU3Bd3smFjMCZfu/view?usp=drive_link,map_43.webp,,
R191,141k160,34.63959,131.65298,https://drive.google.com/file/d/1WdTPbm0KWijoNROcAYU3Bd3smFjMCZfu/view?usp=drive_link,map_43.webp,,
R191,141k180,34.63971,131.65315,https://drive.google.com/file/d/1WdTPbm0KWijoNROcAYU3Bd3smFjMCZfu/view?usp=drive_link,map_43.webp,,
R191,141k200,34.63983,131.65331,https://drive.google.com/file/d/1WdTPbm0KWijoNROcAYU3Bd3smFjMCZfu/view?usp=drive_link,map_43.webp,,
R191,141k220,34.63995,131.65348,https://drive.google.com/file/d/1WdTPbm0KWijoNROcAYU3Bd3smFjMCZfu/view?usp=drive_link,map_43.webp,,
R191,141k240,34.64007,131.65364,https://drive.google.com/file/d/1WdTPbm0KWijoNROcAYU3Bd3smFjMCZfu/view?usp=drive_link,map_43.webp,,
R191,141k260,34.64019,131.65381,https://drive.google.com/file/d/1WdTPbm0KWijoNROcAYU3Bd3smFjMCZfu/view?usp=drive_link,map_43.webp,,
R191,141k280,34.6403,131.65397,https://drive.google.com/file/d/1WdTPbm0KWijoNROcAYU3Bd3smFjMCZfu/view?usp=drive_link,map_43.webp,,
R191,141k300,34.64042,131.65413,https://drive.google.com/file/d/1WdTPbm0KWijoNROcAYU3Bd3smFjMCZfu/view?usp=drive_link,map_43.webp,2157,1598
R191,141k320,34.64054,131.65429,https://drive.google.com/file/d/1WdTPbm0KWijoNROcAYU3Bd3smFjMCZfu/view?usp=drive_link,map_43.webp,,
R191,141k340,34.64066,131.65446,https://drive.google.com/file/d/1WdTPbm0KWijoNROcAYU3Bd3smFjMCZfu/view?usp=drive_link,map_43.webp,,
R191,141k360,34.64078,131.65462,https://drive.google.com/file/d/1WdTPbm0KWijoNROcAYU3Bd3smFjMCZfu/view?usp=drive_link,map_43.webp,,
R191,141k380,34.6409,131.65479,https://drive.google.com/file/d/1WdTPbm0KWijoNROcAYU3Bd3smFjMCZfu/view?usp=drive_link,map_43.webp,,
R191,141k400,34.64101,131.65495,https://drive.google.com/file/d/1WdTPbm0KWijoNROcAYU3Bd3smFjMCZfu/view?usp=drive_link,map_43.webp,,
R191,141k420,34.64113,131.65512,https://drive.google.com/file/d/1WdTPbm0KWijoNROcAYU3Bd3smFjMCZfu/view?usp=drive_link,map_43.webp,,
R191,141k440,34.64125,131.65528,https://drive.google.com/file/d/1WdTPbm0KWijoNROcAYU3Bd3smFjMCZfu/view?usp=drive_link,map_43.webp,,
R191,141k460,34.64136,131.65545,https://drive.google.com/file/d/1WdTPbm0KWijoNROcAYU3Bd3smFjMCZfu/view?usp=drive_link,map_43.webp,,
R191,141k480,34.64147,131.65563,https://drive.google.com/file/d/1WdTPbm0KWijoNROcAYU3Bd3smFjMCZfu/view?usp=drive_link,map_43.webp,,
R191,141k500,34.64156,131.65581,https://drive.google.com/file/d/1WdTPbm0KWijoNROcAYU3Bd3smFjMCZfu/view?usp=drive_link,map_43.webp,,
R191,141k520,34.64165,131.65601,https://drive.google.com/file/d/1WdTPbm0KWijoNROcAYU3Bd3smFjMCZfu/view?usp=drive_link,map_43.webp,,
R191,141k540,34.64172,131.6562,https://drive.google.com/file/d/1WdTPbm0KWijoNROcAYU3Bd3smFjMCZfu/view?usp=drive_link,map_43.webp,,
R191,141k560,34.64179,131.65641,https://drive.google.com/file/d/1WdTPbm0KWijoNROcAYU3Bd3smFjMCZfu/view?usp=drive_link,map_43.webp,,
R191,141k580,34.64185,131.65661,https://drive.google.com/file/d/1WdTPbm0KWijoNROcAYU3Bd3smFjMCZfu/view?usp=drive_link,map_43.webp,,
R191,141k600,34.64191,131.65682,https://drive.google.com/file/d/1WdTPbm0KWijoNROcAYU3Bd3smFjMCZfu/view?usp=drive_link,map_43.webp,,
R191,141k620,34.64196,131.65702,https://drive.google.com/file/d/1WdTPbm0KWijoNROcAYU3Bd3smFjMCZfu/view?usp=drive_link,map_43.webp,,
R191,141k640,34.64202,131.65723,https://drive.google.com/file/d/1WdTPbm0KWijoNROcAYU3Bd3smFjMCZfu/view?usp=drive_link,map_43.webp,,
R191,141k660,34.64208,131.65743,https://drive.google.com/file/d/1WdTPbm0KWijoNROcAYU3Bd3smFjMCZfu/view?usp=drive_link,map_43.webp,,
R191,141k680,34.64214,131.65764,https://drive.google.com/file/d/1WdTPbm0KWijoNROcAYU3Bd3smFjMCZfu/view?usp=drive_link,map_43.webp,,
R191,141k700,34.6422,131.65784,https://drive.google.com/file/d/1WdTPbm0KWijoNROcAYU3Bd3smFjMCZfu/view?usp=drive_link,map_43.webp,,
R191,141k720,34.64226,131.65805,https://drive.google.com/file/d/1WdTPbm0KWijoNROcAYU3Bd3smFjMCZfu/view?usp=drive_link,map_43.webp,,
R191,141k740,34.64231,131.65825,https://drive.google.com/file/d/1WdTPbm0KWijoNROcAYU3Bd3smFjMCZfu/view?usp=drive_link,map_43.webp,,
R191,141k760,34.64237,131.65846,https://drive.google.com/file/d/1WdTPbm0KWijoNROcAYU3Bd3smFjMCZfu/view?usp=drive_link,map_43.webp,,
R191,141k780,34.64244,131.65866,https://drive.google.com/file/d/1WdTPbm0KWijoNROcAYU3Bd3smFjMCZfu/view?usp=drive_link,map_43.webp,,
R191,141k800,34.6425,131.65886,https://drive.google.com/file/d/1WdTPbm0KWijoNROcAYU3Bd3smFjMCZfu/view?usp=drive_link,map_43.webp,,
R191,141k820,34.64258,131.65906,https://drive.google.com/file/d/1WdTPbm0KWijoNROcAYU3Bd3smFjMCZfu/view?usp=drive_link,map_43.webp,,
R191,141k840,34.64267,131.65925,https://drive.google.com/file/d/1WdTPbm0KWijoNROcAYU3Bd3smFjMCZfu/view?usp=drive_link,map_43.webp,,
R191,141k860,34.64277,131.65943,https://drive.google.com/file/d/1WdTPbm0KWijoNROcAYU3Bd3smFjMCZfu/view?usp=drive_link,map_43.webp,,
R191,141k880,34.64288,131.65961,https://drive.google.com/file/d/1WdTPbm0KWijoNROcAYU3Bd3smFjMCZfu/view?usp=drive_link,map_43.webp,,
R191,141k900,34.64299,131.65977,https://drive.google.com/file/d/1WdTPbm0KWijoNROcAYU3Bd3smFjMCZfu/view?usp=drive_link,map_43.webp,,
R191,141k920,34.64313,131.65995,https://drive.google.com/file/d/1WdTPbm0KWijoNROcAYU3Bd3smFjMCZfu/view?usp=drive_link,map_43.webp,,
R191,141k940,34.64325,131.66011,https://drive.google.com/file/d/1WdTPbm0KWijoNROcAYU3Bd3smFjMCZfu/view?usp=drive_link,map_43.webp,,
R191,141k960,34.64338,131.66025,https://drive.google.com/file/d/1WdTPbm0KWijoNROcAYU3Bd3smFjMCZfu/view?usp=drive_link,map_43.webp,,
R191,141k980,34.64351,131.6604,https://drive.google.com/file/d/1WdTPbm0KWijoNROcAYU3Bd3smFjMCZfu/view?usp=drive_link,map_43.webp,,
R191,142k000,34.64365,131.66054,https://drive.google.com/file/d/1WdTPbm0KWijoNROcAYU3Bd3smFjMCZfu/view?usp=drive_link,map_43.webp,6470,1109
R191,142k020,34.64379,131.66063,https://drive.google.com/file/d/1WdTPbm0KWijoNROcAYU3Bd3smFjMCZfu/view?usp=drive_link,map_43.webp,,
R191,142k040,34.64394,131.66074,https://drive.google.com/file/d/1WdTPbm0KWijoNROcAYU3Bd3smFjMCZfu/view?usp=drive_link,map_43.webp,,
R191,142k060,34.64411,131.66082,https://drive.google.com/file/d/1WdTPbm0KWijoNROcAYU3Bd3smFjMCZfu/view?usp=drive_link,map_43.webp,,
R191,142k080,34.64428,131.66089,https://drive.google.com/file/d/1WdTPbm0KWijoNROcAYU3Bd3smFjMCZfu/view?usp=drive_link,map_43.webp,,
R191,142k100,34.64445,131.66096,https://drive.google.com/file/d/1WdTPbm0KWijoNROcAYU3Bd3smFjMCZfu/view?usp=drive_link,map_43.webp,,
R191,142k120,34.64463,131.66102,https://drive.google.com/file/d/1WdTPbm0KWijoNROcAYU3Bd3smFjMCZfu/view?usp=drive_link,map_43.webp,,
R191,142k140,34.64479,131.6611,https://drive.google.com/file/d/1WdTPbm0KWijoNROcAYU3Bd3smFjMCZfu/view?usp=drive_link,map_43.webp,,
R191,142k160,34.64495,131.6612,https://drive.google.com/file/d/1WdTPbm0KWijoNROcAYU3Bd3smFjMCZfu/view?usp=drive_link,map_43.webp,,
R191,142k180,34.6451,131.66131,https://drive.google.com/file/d/1WdTPbm0KWijoNROcAYU3Bd3smFjMCZfu/view?usp=drive_link,map_43.webp,,
R191,142k200,34.64524,131.66145,https://drive.google.com/file/d/1WdTPbm0KWijoNROcAYU3Bd3smFjMCZfu/view?usp=drive_link,map_43.webp,,
R191,142k220,34.64537,131.6616,https://drive.google.com/file/d/1RqupfLvc21LdXlGJ7EUAD7ir8Rdy0oD7/view?usp=drive_link,map_44.webp,,
R191,142k240,34.64549,131.66177,https://drive.google.com/file/d/1RqupfLvc21LdXlGJ7EUAD7ir8Rdy0oD7/view?usp=drive_link,map_44.webp,,
R191,142k260,34.64561,131.66194,https://drive.google.com/file/d/1RqupfLvc21LdXlGJ7EUAD7ir8Rdy0oD7/view?usp=drive_link,map_44.webp,,
R191,142k280,34.64572,131.66211,https://drive.google.com/file/d/1RqupfLvc21LdXlGJ7EUAD7ir8Rdy0oD7/view?usp=drive_link,map_44.webp,,
R191,142k300,34.64583,131.66228,https://drive.google.com/file/d/1RqupfLvc21LdXlGJ7EUAD7ir8Rdy0oD7/view?usp=drive_link,map_44.webp,880,1793
R191,142k320,34.64594,131.66245,https://drive.google.com/file/d/1RqupfLvc21LdXlGJ7EUAD7ir8Rdy0oD7/view?usp=drive_link,map_44.webp,,
R191,142k340,34.64606,131.66262,https://drive.google.com/file/d/1RqupfLvc21LdXlGJ7EUAD7ir8Rdy0oD7/view?usp=drive_link,map_44.webp,,
R191,142k360,34.64616,131.6628,https://drive.google.com/file/d/1RqupfLvc21LdXlGJ7EUAD7ir8Rdy0oD7/view?usp=drive_link,map_44.webp,,
R191,142k380,34.64626,131.66298,https://drive.google.com/file/d/1RqupfLvc21LdXlGJ7EUAD7ir8Rdy0oD7/view?usp=drive_link,map_44.webp,,
R191,142k400,34.64635,131.66317,https://drive.google.com/file/d/1RqupfLvc21LdXlGJ7EUAD7ir8Rdy0oD7/view?usp=drive_link,map_44.webp,,
R191,142k420,34.64643,131.66337,https://drive.google.com/file/d/1RqupfLvc21LdXlGJ7EUAD7ir8Rdy0oD7/view?usp=drive_link,map_44.webp,,
R191,142k440,34.64651,131.66356,https://drive.google.com/file/d/1RqupfLvc21LdXlGJ7EUAD7ir8Rdy0oD7/view?usp=drive_link,map_44.webp,,
R191,142k460,34.64659,131.66376,https://drive.google.com/file/d/1RqupfLvc21LdXlGJ7EUAD7ir8Rdy0oD7/view?usp=drive_link,map_44.webp,,
R191,142k480,34.64667,131.66395,https://drive.google.com/file/d/1RqupfLvc21LdXlGJ7EUAD7ir8Rdy0oD7/view?usp=drive_link,map_44.webp,,
R191,142k500,34.64675,131.66415,https://drive.google.com/file/d/1RqupfLvc21LdXlGJ7EUAD7ir8Rdy0oD7/view?usp=drive_link,map_44.webp,,
R191,142k520,34.64683,131.66434,https://drive.google.com/file/d/1RqupfLvc21LdXlGJ7EUAD7ir8Rdy0oD7/view?usp=drive_link,map_44.webp,,
R191,142k540,34.64692,131.66453,https://drive.google.com/file/d/1RqupfLvc21LdXlGJ7EUAD7ir8Rdy0oD7/view?usp=drive_link,map_44.webp,,
R191,142k560,34.64702,131.66472,https://drive.google.com/file/d/1RqupfLvc21LdXlGJ7EUAD7ir8Rdy0oD7/view?usp=drive_link,map_44.webp,,
R191,142k580,34.64713,131.66489,https://drive.google.com/file/d/1RqupfLvc21LdXlGJ7EUAD7ir8Rdy0oD7/view?usp=drive_link,map_44.webp,,
R191,142k600,34.64726,131.66505,https://drive.google.com/file/d/1RqupfLvc21LdXlGJ7EUAD7ir8Rdy0oD7/view?usp=drive_link,map_44.webp,,
R191,142k620,34.6474,131.66519,https://drive.google.com/file/d/1RqupfLvc21LdXlGJ7EUAD7ir8Rdy0oD7/view?usp=drive_link,map_44.webp,,
R191,142k640,34.64754,131.66531,https://drive.google.com/file/d/1RqupfLvc21LdXlGJ7EUAD7ir8Rdy0oD7/view?usp=drive_link,map_44.webp,,
R191,142k660,34.6477,131.66542,https://drive.google.com/file/d/1RqupfLvc21LdXlGJ7EUAD7ir8Rdy0oD7/view?usp=drive_link,map_44.webp,,
R191,142k680,34.64787,131.66551,https://drive.google.com/file/d/1RqupfLvc21LdXlGJ7EUAD7ir8Rdy0oD7/view?usp=drive_link,map_44.webp,,
R191,142k700,34.64804,131.66559,https://drive.google.com/file/d/1RqupfLvc21LdXlGJ7EUAD7ir8Rdy0oD7/view?usp=drive_link,map_44.webp,,
R191,142k720,34.6482,131.66567,https://drive.google.com/file/d/1RqupfLvc21LdXlGJ7EUAD7ir8Rdy0oD7/view?usp=drive_link,map_44.webp,,
R191,142k740,34.64837,131.66575,https://drive.google.com/file/d/1RqupfLvc21LdXlGJ7EUAD7ir8Rdy0oD7/view?usp=drive_link,map_44.webp,,
R191,142k760,34.64854,131.66582,https://drive.google.com/file/d/1RqupfLvc21LdXlGJ7EUAD7ir8Rdy0oD7/view?usp=drive_link,map_44.webp,,
R191,142k780,34.64871,131.6659,https://drive.google.com/file/d/1RqupfLvc21LdXlGJ7EUAD7ir8Rdy0oD7/view?usp=drive_link,map_44.webp,,
R191,142k800,34.64885,131.66597,https://drive.google.com/file/d/1RqupfLvc21LdXlGJ7EUAD7ir8Rdy0oD7/view?usp=drive_link,map_44.webp,4583,1241
R191,142k820,34.64901,131.66605,https://drive.google.com/file/d/1RqupfLvc21LdXlGJ7EUAD7ir8Rdy0oD7/view?usp=drive_link,map_44.webp,,
R191,142k840,34.64918,131.66614,https://drive.google.com/file/d/1RqupfLvc21LdXlGJ7EUAD7ir8Rdy0oD7/view?usp=drive_link,map_44.webp,,
R191,142k860,34.64934,131.66623,https://drive.google.com/file/d/1RqupfLvc21LdXlGJ7EUAD7ir8Rdy0oD7/view?usp=drive_link,map_44.webp,,
R191,142k880,34.6495,131.66633,https://drive.google.com/file/d/1RqupfLvc21LdXlGJ7EUAD7ir8Rdy0oD7/view?usp=drive_link,map_44.webp,,
R191,142k900,34.64972,131.66647,https://drive.google.com/file/d/1RqupfLvc21LdXlGJ7EUAD7ir8Rdy0oD7/view?usp=drive_link,map_44.webp,,
R191,142k920,34.64988,131.66658,https://drive.google.com/file/d/1RqupfLvc21LdXlGJ7EUAD7ir8Rdy0oD7/view?usp=drive_link,map_44.webp,,
R191,142k940,34.65003,131.66669,https://drive.google.com/file/d/1RqupfLvc21LdXlGJ7EUAD7ir8Rdy0oD7/view?usp=drive_link,map_44.webp,,
R191,142k960,34.65018,131.66681,https://drive.google.com/file/d/1RqupfLvc21LdXlGJ7EUAD7ir8Rdy0oD7/view?usp=drive_link,map_44.webp,,
R191,142k980,34.65033,131.66693,https://drive.google.com/file/d/1RqupfLvc21LdXlGJ7EUAD7ir8Rdy0oD7/view?usp=drive_link,map_44.webp,,
R191,143k000,34.65047,131.66704,https://drive.google.com/file/d/1RqupfLvc21LdXlGJ7EUAD7ir8Rdy0oD7/view?usp=drive_link,map_44.webp,6040,563
R191,143k020,34.65062,131.66717,https://drive.google.com/file/d/1RqupfLvc21LdXlGJ7EUAD7ir8Rdy0oD7/view?usp=drive_link,map_44.webp,,
R191,143k040,34.65077,131.66729,https://drive.google.com/file/d/1RqupfLvc21LdXlGJ7EUAD7ir8Rdy0oD7/view?usp=drive_link,map_44.webp,,
R191,143k060,34.65092,131.66741,https://drive.google.com/file/d/1RqupfLvc21LdXlGJ7EUAD7ir8Rdy0oD7/view?usp=drive_link,map_44.webp,,
R191,143k080,34.65107,131.66753,https://drive.google.com/file/d/1RqupfLvc21LdXlGJ7EUAD7ir8Rdy0oD7/view?usp=drive_link,map_44.webp,,
R191,143k100,34.65121,131.66765,https://drive.google.com/file/d/1RqupfLvc21LdXlGJ7EUAD7ir8Rdy0oD7/view?usp=drive_link,map_44.webp,,
R191,143k120,34.65137,131.66778,https://drive.google.com/file/d/1YsPsOhpwsAab6HCijN8YOgaxFwtng4MU/view?usp=drive_link,map_45.webp,,
R191,143k140,34.65152,131.6679,https://drive.google.com/file/d/1YsPsOhpwsAab6HCijN8YOgaxFwtng4MU/view?usp=drive_link,map_45.webp,,
R191,143k160,34.65166,131.66802,https://drive.google.com/file/d/1YsPsOhpwsAab6HCijN8YOgaxFwtng4MU/view?usp=drive_link,map_45.webp,,
R191,143k180,34.65181,131.66815,https://drive.google.com/file/d/1YsPsOhpwsAab6HCijN8YOgaxFwtng4MU/view?usp=drive_link,map_45.webp,,
R191,143k200,34.65196,131.66828,https://drive.google.com/file/d/1YsPsOhpwsAab6HCijN8YOgaxFwtng4MU/view?usp=drive_link,map_45.webp,,
R191,143k220,34.65211,131.6684,https://drive.google.com/file/d/1YsPsOhpwsAab6HCijN8YOgaxFwtng4MU/view?usp=drive_link,map_45.webp,,
R191,143k240,34.65225,131.66853,https://drive.google.com/file/d/1YsPsOhpwsAab6HCijN8YOgaxFwtng4MU/view?usp=drive_link,map_45.webp,,
R191,143k260,34.6524,131.66866,https://drive.google.com/file/d/1YsPsOhpwsAab6HCijN8YOgaxFwtng4MU/view?usp=drive_link,map_45.webp,,
R191,143k280,34.65254,131.66879,https://drive.google.com/file/d/1YsPsOhpwsAab6HCijN8YOgaxFwtng4MU/view?usp=drive_link,map_45.webp,,
R191,143k300,34.65269,131.66892,https://drive.google.com/file/d/1YsPsOhpwsAab6HCijN8YOgaxFwtng4MU/view?usp=drive_link,map_45.webp,1443,467
R191,143k320,34.65283,131.66905,https://drive.google.com/file/d/1YsPsOhpwsAab6HCijN8YOgaxFwtng4MU/view?usp=drive_link,map_45.webp,,
R191,143k340,34.65298,131.66917,https://drive.google.com/file/d/1YsPsOhpwsAab6HCijN8YOgaxFwtng4MU/view?usp=drive_link,map_45.webp,,
R191,143k360,34.65312,131.6693,https://drive.google.com/file/d/1YsPsOhpwsAab6HCijN8YOgaxFwtng4MU/view?usp=drive_link,map_45.webp,,
R191,143k380,34.65327,131.66943,https://drive.google.com/file/d/1YsPsOhpwsAab6HCijN8YOgaxFwtng4MU/view?usp=drive_link,map_45.webp,,
R191,143k400,34.65341,131.66956,https://drive.google.com/file/d/1YsPsOhpwsAab6HCijN8YOgaxFwtng4MU/view?usp=drive_link,map_45.webp,,
R191,143k420,34.65355,131.66969,https://drive.google.com/file/d/1YsPsOhpwsAab6HCijN8YOgaxFwtng4MU/view?usp=drive_link,map_45.webp,,
R191,143k440,34.65369,131.66982,https://drive.google.com/file/d/1YsPsOhpwsAab6HCijN8YOgaxFwtng4MU/view?usp=drive_link,map_45.webp,,
R191,143k460,34.65383,131.66997,https://drive.google.com/file/d/1YsPsOhpwsAab6HCijN8YOgaxFwtng4MU/view?usp=drive_link,map_45.webp,,
R191,143k480,34.65396,131.67012,https://drive.google.com/file/d/1YsPsOhpwsAab6HCijN8YOgaxFwtng4MU/view?usp=drive_link,map_45.webp,,
R191,143k500,34.65407,131.67029,https://drive.google.com/file/d/1YsPsOhpwsAab6HCijN8YOgaxFwtng4MU/view?usp=drive_link,map_45.webp,,
R191,143k520,34.65417,131.67047,https://drive.google.com/file/d/1YsPsOhpwsAab6HCijN8YOgaxFwtng4MU/view?usp=drive_link,map_45.webp,,
R191,143k540,34.65426,131.67066,https://drive.google.com/file/d/1YsPsOhpwsAab6HCijN8YOgaxFwtng4MU/view?usp=drive_link,map_45.webp,,
R191,143k560,34.65433,131.67086,https://drive.google.com/file/d/1YsPsOhpwsAab6HCijN8YOgaxFwtng4MU/view?usp=drive_link,map_45.webp,,
R191,143k580,34.65441,131.67106,https://drive.google.com/file/d/1YsPsOhpwsAab6HCijN8YOgaxFwtng4MU/view?usp=drive_link,map_45.webp,,
R191,143k600,34.65448,131.67126,https://drive.google.com/file/d/1YsPsOhpwsAab6HCijN8YOgaxFwtng4MU/view?usp=drive_link,map_45.webp,,
R191,143k620,34.65455,131.67146,https://drive.google.com/file/d/1YsPsOhpwsAab6HCijN8YOgaxFwtng4MU/view?usp=drive_link,map_45.webp,,
R191,143k640,34.65462,131.67166,https://drive.google.com/file/d/1YsPsOhpwsAab6HCijN8YOgaxFwtng4MU/view?usp=drive_link,map_45.webp,,
R191,143k660,34.65469,131.67186,https://drive.google.com/file/d/1YsPsOhpwsAab6HCijN8YOgaxFwtng4MU/view?usp=drive_link,map_45.webp,,
R191,143k680,34.65477,131.67206,https://drive.google.com/file/d/1YsPsOhpwsAab6HCijN8YOgaxFwtng4MU/view?usp=drive_link,map_45.webp,,
R191,143k700,34.65485,131.67225,https://drive.google.com/file/d/1YsPsOhpwsAab6HCijN8YOgaxFwtng4MU/view?usp=drive_link,map_45.webp,4026,1231
R191,143k720,34.65493,131.67245,https://drive.google.com/file/d/1YsPsOhpwsAab6HCijN8YOgaxFwtng4MU/view?usp=drive_link,map_45.webp,,
R191,143k740,34.655,131.67265,https://drive.google.com/file/d/1YsPsOhpwsAab6HCijN8YOgaxFwtng4MU/view?usp=drive_link,map_45.webp,,
R191,143k760,34.65508,131.67285,https://drive.google.com/file/d/1YsPsOhpwsAab6HCijN8YOgaxFwtng4MU/view?usp=drive_link,map_45.webp,,
R191,143k780,34.65515,131.67305,https://drive.google.com/file/d/1YsPsOhpwsAab6HCijN8YOgaxFwtng4MU/view?usp=drive_link,map_45.webp,,
R191,143k800,34.65522,131.67325,https://drive.google.com/file/d/1YsPsOhpwsAab6HCijN8YOgaxFwtng4MU/view?usp=drive_link,map_45.webp,,
R191,143k820,34.6553,131.67345,https://drive.google.com/file/d/1YsPsOhpwsAab6HCijN8YOgaxFwtng4MU/view?usp=drive_link,map_45.webp,,
R191,143k840,34.65537,131.67364,https://drive.google.com/file/d/1YsPsOhpwsAab6HCijN8YOgaxFwtng4MU/view?usp=drive_link,map_45.webp,,
R191,143k860,34.65545,131.67384,https://drive.google.com/file/d/1YsPsOhpwsAab6HCijN8YOgaxFwtng4MU/view?usp=drive_link,map_45.webp,,
R191,143k880,34.65552,131.67404,https://drive.google.com/file/d/1YsPsOhpwsAab6HCijN8YOgaxFwtng4MU/view?usp=drive_link,map_45.webp,,
R191,143k900,34.6556,131.67424,https://drive.google.com/file/d/1YsPsOhpwsAab6HCijN8YOgaxFwtng4MU/view?usp=drive_link,map_45.webp,,
R191,143k920,34.65567,131.67444,https://drive.google.com/file/d/1YsPsOhpwsAab6HCijN8YOgaxFwtng4MU/view?usp=drive_link,map_45.webp,,
R191,143k940,34.65574,131.67464,https://drive.google.com/file/d/1YsPsOhpwsAab6HCijN8YOgaxFwtng4MU/view?usp=drive_link,map_45.webp,,
R191,143k960,34.65582,131.67484,https://drive.google.com/file/d/1YsPsOhpwsAab6HCijN8YOgaxFwtng4MU/view?usp=drive_link,map_45.webp,,
R191,143k980,34.65589,131.67504,https://drive.google.com/file/d/1YsPsOhpwsAab6HCijN8YOgaxFwtng4MU/view?usp=drive_link,map_45.webp,,
R191,144k000,34.65597,131.67521,https://drive.google.com/file/d/1YsPsOhpwsAab6HCijN8YOgaxFwtng4MU/view?usp=drive_link,map_45.webp,,
R191,144k020,34.65606,131.6754,https://drive.google.com/file/d/1YsPsOhpwsAab6HCijN8YOgaxFwtng4MU/view?usp=drive_link,map_45.webp,,
R191,144k040,34.65617,131.67557,https://drive.google.com/file/d/1YsPsOhpwsAab6HCijN8YOgaxFwtng4MU/view?usp=drive_link,map_45.webp,,
R191,144k060,34.65628,131.67574,https://drive.google.com/file/d/1YsPsOhpwsAab6HCijN8YOgaxFwtng4MU/view?usp=drive_link,map_45.webp,,
R191,144k080,34.6564,131.67591,https://drive.google.com/file/d/1YsPsOhpwsAab6HCijN8YOgaxFwtng4MU/view?usp=drive_link,map_45.webp,,
R191,144k100,34.65653,131.67606,https://drive.google.com/file/d/1YsPsOhpwsAab6HCijN8YOgaxFwtng4MU/view?usp=drive_link,map_45.webp,,
R191,144k120,34.65666,131.6762,https://drive.google.com/file/d/1YsPsOhpwsAab6HCijN8YOgaxFwtng4MU/view?usp=drive_link,map_45.webp,,
R191,144k140,34.65681,131.67633,https://drive.google.com/file/d/1YsPsOhpwsAab6HCijN8YOgaxFwtng4MU/view?usp=drive_link,map_45.webp,,
R191,144k160,34.65696,131.67645,https://drive.google.com/file/d/1YsPsOhpwsAab6HCijN8YOgaxFwtng4MU/view?usp=drive_link,map_45.webp,,
R191,144k180,34.65712,131.67656,https://drive.google.com/file/d/1YsPsOhpwsAab6HCijN8YOgaxFwtng4MU/view?usp=drive_link,map_45.webp,,
R191,144k200,34.65728,131.67665,https://drive.google.com/file/d/1YsPsOhpwsAab6HCijN8YOgaxFwtng4MU/view?usp=drive_link,map_45.webp,7169,2435
R191,144k220,34.65745,131.67674,https://drive.google.com/file/d/1YsPsOhpwsAab6HCijN8YOgaxFwtng4MU/view?usp=drive_link,map_45.webp,,
R191,144k240,34.65762,131.67681,https://drive.google.com/file/d/1YsPsOhpwsAab6HCijN8YOgaxFwtng4MU/view?usp=drive_link,map_45.webp,,
R191,144k260,34.65779,131.67689,https://drive.google.com/file/d/1YsPsOhpwsAab6HCijN8YOgaxFwtng4MU/view?usp=drive_link,map_45.webp,,
R191,144k280,34.65796,131.67695,https://drive.google.com/file/d/1YsPsOhpwsAab6HCijN8YOgaxFwtng4MU/view?usp=drive_link,map_45.webp,,
R191,144k300,34.65815,131.67701,https://drive.google.com/file/d/1YsPsOhpwsAab6HCijN8YOgaxFwtng4MU/view?usp=drive_link,map_45.webp,,
R191,144k320,34.65832,131.67707,https://drive.google.com/file/d/1GHyY8K6EAvHDutrK8eItr9Aa-mOmBJsp/view?usp=drive_link,map_46.webp,,
R191,144k340,34.65849,131.67713,https://drive.google.com/file/d/1GHyY8K6EAvHDutrK8eItr9Aa-mOmBJsp/view?usp=drive_link,map_46.webp,,
R191,144k360,34.65867,131.6772,https://drive.google.com/file/d/1GHyY8K6EAvHDutrK8eItr9Aa-mOmBJsp/view?usp=drive_link,map_46.webp,,
R191,144k380,34.65884,131.67726,https://drive.google.com/file/d/1GHyY8K6EAvHDutrK8eItr9Aa-mOmBJsp/view?usp=drive_link,map_46.webp,,
R191,144k400,34.65901,131.67732,https://drive.google.com/file/d/1GHyY8K6EAvHDutrK8eItr9Aa-mOmBJsp/view?usp=drive_link,map_46.webp,689,513
R191,144k420,34.65918,131.67738,https://drive.google.com/file/d/1GHyY8K6EAvHDutrK8eItr9Aa-mOmBJsp/view?usp=drive_link,map_46.webp,,
R191,144k440,34.65936,131.67744,https://drive.google.com/file/d/1GHyY8K6EAvHDutrK8eItr9Aa-mOmBJsp/view?usp=drive_link,map_46.webp,,
R191,144k460,34.65953,131.67751,https://drive.google.com/file/d/1GHyY8K6EAvHDutrK8eItr9Aa-mOmBJsp/view?usp=drive_link,map_46.webp,,
R191,144k480,34.6597,131.67758,https://drive.google.com/file/d/1GHyY8K6EAvHDutrK8eItr9Aa-mOmBJsp/view?usp=drive_link,map_46.webp,,
R191,144k500,34.65986,131.67767,https://drive.google.com/file/d/1GHyY8K6EAvHDutrK8eItr9Aa-mOmBJsp/view?usp=drive_link,map_46.webp,,
R191,144k520,34.66003,131.67776,https://drive.google.com/file/d/1GHyY8K6EAvHDutrK8eItr9Aa-mOmBJsp/view?usp=drive_link,map_46.webp,,
R191,144k540,34.66018,131.67787,https://drive.google.com/file/d/1GHyY8K6EAvHDutrK8eItr9Aa-mOmBJsp/view?usp=drive_link,map_46.webp,,
R191,144k560,34.66034,131.67799,https://drive.google.com/file/d/1GHyY8K6EAvHDutrK8eItr9Aa-mOmBJsp/view?usp=drive_link,map_46.webp,,
R191,144k580,34.66048,131.67813,https://drive.google.com/file/d/1GHyY8K6EAvHDutrK8eItr9Aa-mOmBJsp/view?usp=drive_link,map_46.webp,,
R191,144k600,34.66061,131.67826,https://drive.google.com/file/d/1GHyY8K6EAvHDutrK8eItr9Aa-mOmBJsp/view?usp=drive_link,map_46.webp,,
R191,144k620,34.66073,131.67842,https://drive.google.com/file/d/1GHyY8K6EAvHDutrK8eItr9Aa-mOmBJsp/view?usp=drive_link,map_46.webp,,
R191,144k640,34.66085,131.67858,https://drive.google.com/file/d/1GHyY8K6EAvHDutrK8eItr9Aa-mOmBJsp/view?usp=drive_link,map_46.webp,,
R191,144k660,34.66097,131.67875,https://drive.google.com/file/d/1GHyY8K6EAvHDutrK8eItr9Aa-mOmBJsp/view?usp=drive_link,map_46.webp,,
R191,144k680,34.66109,131.67892,https://drive.google.com/file/d/1GHyY8K6EAvHDutrK8eItr9Aa-mOmBJsp/view?usp=drive_link,map_46.webp,,
R191,144k700,34.6612,131.67908,https://drive.google.com/file/d/1GHyY8K6EAvHDutrK8eItr9Aa-mOmBJsp/view?usp=drive_link,map_46.webp,,
R191,144k720,34.66132,131.67925,https://drive.google.com/file/d/1GHyY8K6EAvHDutrK8eItr9Aa-mOmBJsp/view?usp=drive_link,map_46.webp,,
R191,144k740,34.66144,131.67942,https://drive.google.com/file/d/1GHyY8K6EAvHDutrK8eItr9Aa-mOmBJsp/view?usp=drive_link,map_46.webp,,
R191,144k760,34.66155,131.67958,https://drive.google.com/file/d/1GHyY8K6EAvHDutrK8eItr9Aa-mOmBJsp/view?usp=drive_link,map_46.webp,,
R191,144k780,34.66167,131.67975,https://drive.google.com/file/d/1GHyY8K6EAvHDutrK8eItr9Aa-mOmBJsp/view?usp=drive_link,map_46.webp,,
R191,144k800,34.66179,131.67992,https://drive.google.com/file/d/1GHyY8K6EAvHDutrK8eItr9Aa-mOmBJsp/view?usp=drive_link,map_46.webp,,
R191,144k820,34.66191,131.68008,https://drive.google.com/file/d/1GHyY8K6EAvHDutrK8eItr9Aa-mOmBJsp/view?usp=drive_link,map_46.webp,,
R191,144k840,34.66203,131.68025,https://drive.google.com/file/d/1GHyY8K6EAvHDutrK8eItr9Aa-mOmBJsp/view?usp=drive_link,map_46.webp,,
R191,144k860,34.66214,131.68041,https://drive.google.com/file/d/1GHyY8K6EAvHDutrK8eItr9Aa-mOmBJsp/view?usp=drive_link,map_46.webp,,
R191,144k880,34.66227,131.68057,https://drive.google.com/file/d/1GHyY8K6EAvHDutrK8eItr9Aa-mOmBJsp/view?usp=drive_link,map_46.webp,,
R191,144k900,34.66239,131.68073,https://drive.google.com/file/d/1GHyY8K6EAvHDutrK8eItr9Aa-mOmBJsp/view?usp=drive_link,map_46.webp,3671,1237
R191,144k920,34.66252,131.68088,https://drive.google.com/file/d/1GHyY8K6EAvHDutrK8eItr9Aa-mOmBJsp/view?usp=drive_link,map_46.webp,,
R191,144k940,34.66266,131.68101,https://drive.google.com/file/d/1GHyY8K6EAvHDutrK8eItr9Aa-mOmBJsp/view?usp=drive_link,map_46.webp,,
R191,144k960,34.66281,131.68114,https://drive.google.com/file/d/1GHyY8K6EAvHDutrK8eItr9Aa-mOmBJsp/view?usp=drive_link,map_46.webp,,
R191,144k980,34.66296,131.68127,https://drive.google.com/file/d/1GHyY8K6EAvHDutrK8eItr9Aa-mOmBJsp/view?usp=drive_link,map_46.webp,,
R191,145k000,34.6631,131.6814,https://drive.google.com/file/d/1GHyY8K6EAvHDutrK8eItr9Aa-mOmBJsp/view?usp=drive_link,map_46.webp,,
R191,145k020,34.66324,131.68154,https://drive.google.com/file/d/1GHyY8K6EAvHDutrK8eItr9Aa-mOmBJsp/view?usp=drive_link,map_46.webp,,
R191,145k040,34.66336,131.6817,https://drive.google.com/file/d/1GHyY8K6EAvHDutrK8eItr9Aa-mOmBJsp/view?usp=drive_link,map_46.webp,,
R191,145k060,34.66347,131.68187,https://drive.google.com/file/d/1GHyY8K6EAvHDutrK8eItr9Aa-mOmBJsp/view?usp=drive_link,map_46.webp,,
R191,145k080,34.66357,131.68205,https://drive.google.com/file/d/1GHyY8K6EAvHDutrK8eItr9Aa-mOmBJsp/view?usp=drive_link,map_46.webp,,
R191,145k100,34.66365,131.68225,https://drive.google.com/file/d/1GHyY8K6EAvHDutrK8eItr9Aa-mOmBJsp/view?usp=drive_link,map_46.webp,,
R191,145k120,34.66372,131.68245,https://drive.google.com/file/d/1GHyY8K6EAvHDutrK8eItr9Aa-mOmBJsp/view?usp=drive_link,map_46.webp,,
R191,145k140,34.66378,131.68266,https://drive.google.com/file/d/1GHyY8K6EAvHDutrK8eItr9Aa-mOmBJsp/view?usp=drive_link,map_46.webp,,
R191,145k160,34.66384,131.68286,https://drive.google.com/file/d/1GHyY8K6EAvHDutrK8eItr9Aa-mOmBJsp/view?usp=drive_link,map_46.webp,,
R191,145k180,34.66391,131.68307,https://drive.google.com/file/d/1GHyY8K6EAvHDutrK8eItr9Aa-mOmBJsp/view?usp=drive_link,map_46.webp,,
R191,145k200,34.66397,131.68329,https://drive.google.com/file/d/1GHyY8K6EAvHDutrK8eItr9Aa-mOmBJsp/view?usp=drive_link,map_46.webp,5317,2071
R191,145k220,34.66403,131.68349,https://drive.google.com/file/d/1GHyY8K6EAvHDutrK8eItr9Aa-mOmBJsp/view?usp=drive_link,map_46.webp,,
R191,145k240,34.66409,131.68369,https://drive.google.com/file/d/1GHyY8K6EAvHDutrK8eItr9Aa-mOmBJsp/view?usp=drive_link,map_46.webp,,
R191,145k260,34.66415,131.6839,https://drive.google.com/file/d/1GHyY8K6EAvHDutrK8eItr9Aa-mOmBJsp/view?usp=drive_link,map_46.webp,,
R191,145k280,34.6642,131.6841,https://drive.google.com/file/d/1GHyY8K6EAvHDutrK8eItr9Aa-mOmBJsp/view?usp=drive_link,map_46.webp,,
R191,145k300,34.66425,131.68425,https://drive.google.com/file/d/1GHyY8K6EAvHDutrK8eItr9Aa-mOmBJsp/view?usp=drive_link,map_46.webp,,
R191,0k000,33.951285,130.922545,,,,
R191,0k100,33.951952,130.921983,,,,
R191,0k200,33.95257,130.92143,,,,
R191,0k300,33.95339,130.92071,,,,
R191,0k400,33.95407,130.9202,,,,
R191,0k500,33.95499,130.92022,,,,
R191,0k600,33.95591,130.920318,,,,
R191,0k700,33.95671,130.920715,,,,
R191,0k800,33.957357,130.921192,,,,
R191,0k900,33.958215,130.921015,,,,
R191,1k000,33.95893,130.920368,,,,
R191,1k100,33.959665,130.919738,,,,
R191,1k200,33.96031,130.91902,,,,
R191,1k300,33.96115,130.918385,,,,
R191,1k400,33.962045,130.91823,,,,
R191,1k500,33.96294,130.9181,,,,
R191,1k600,33.963848,130.91815,,,,
R191,1k700,33.964752,130.918187,,,,
R191,1k800,33.965615,130.91846,,,,
R191,1k900,33.96644,130.918772,,,,
R191,2k000,33.967305,130.91909,,,,
R191,2k100,33.968162,130.91942,,,,
R191,2k200,33.969025,130.919692,,,,
R191,2k300,33.969918,130.91985,,,,
R191,2k400,33.970818,130.91994,,,,
R191,2k500,33.97156,130.919865,,,,
R191,2k600,33.97254,130.919432,,,,
R191,2k700,33.97335,130.91898,,,,
R191,2k800,33.97414,130.918403,,,,
R191,2k900,33.97481,130.917763,,,,
R191,3k000,33.97558,130.917245,,,,
R191,3k100,33.976482,130.917065,,,,
R191,3k200,33.97738,130.917272,,,,
R191,3k300,33.978235,130.917638,,,,
R191,3k400,33.979095,130.917995,,,,
R191,3k500,33.97995,130.918348,,,,
R191,3k600,33.980925,130.918765,,,,
R191,3k700,33.981768,130.91912,,,,
R191,3k800,33.98262,130.919435,,,,
R191,3k900,33.9835,130.919675,,,,
R191,4k000,33.984398,130.91981,,,,
R191,4k100,33.98531,130.91983,,,,
R191,4k200,33.986075,130.919765,,,,
R191,4k300,33.986985,130.919572,,,,
R191,4k400,33.98785,130.91923,,,,
R191,4k500,33.98865,130.91875,,,,
R191,4k600,33.98936,130.91818,,,,
R191,4k700,33.990102,130.917608,,,,
R191,4k800,33.990912,130.91714,,,,
R191,4k900,33.9918,130.91684,,,,
R191,5k000,33.992708,130.91672,,,,
R191,5k100,33.993608,130.91677,,,,
R191,5k200,33.994505,130.916885,,,,
R191,5k300,33.995395,130.916985,,,,
R191,5k400,33.996295,130.91704,,,,
R191,5k500,33.997192,130.917,,,,
R191,5k600,33.998095,130.916865,,,,
R191,5k700,33.998982,130.916608,,,,
R191,5k800,33.99983,130.916262,,,,
R191,5k900,34.00066,130.915855,,,,
R191,6k000,34.001475,130.915443,,,,
R191,6k100,34.00233,130.91511,,,,
R191,6k200,34.00323,130.91493,,,,
R191,6k300,34.00412,130.914945,,,,
R191,6k400,34.00501,130.915132,,,,
R191,6k500,34.005875,130.915417,,,,
R191,6k600,34.006738,130.915703,,,,
R191,6k700,34.007605,130.915985,,,,
R191,6k800,34.008485,130.916227,,,,
R191,6k900,34.009368,130.916438,,,,
R191,7k000,34.01026,130.91661,,,,
R191,7k100,34.01117,130.916742,,,,
R191,7k200,34.012068,130.91684,,,,
R191,7k300,34.01297,130.91691,,,,
R191,7k400,34.01387,130.91696,,,,
R191,7k500,34.014772,130.917015,,,,
R191,7k600,34.01567,130.91707,,,,
R191,7k700,34.016572,130.91713,,,,
R191,7k800,34.017475,130.91719,,,,
R191,7k900,34.018375,130.91724,,,,
R191,8k000,34.019275,130.9173,,,,
R191,8k100,34.020175,130.91731,,,,
R191,8k200,34.021072,130.917233,,,,
R191,8k300,34.021922,130.916905,,,,
R191,8k400,34.022717,130.916391,,,,
R191,8k500,34.023505,130.915867,,,,
R191,8k600,34.024294,130.91535,,,,
R191,9k100,34.024888,130.914957,,,,
R191,9k200,34.025573,130.914506,,,,
R191,9k300,34.026414,130.913961,,,,
R191,9k400,34.027243,130.913302,,,,
R191,9k500,34.027887,130.91278,,,,
R191,9k600,34.028688,130.91214,,,,
R191,9k700,34.029443,130.911521,,,,
R191,9k800,34.030245,130.911682,,,,
R191,9k900,34.031003,130.911979,,,,
R191,10k000,34.032164,130.912398,,,,
R191,10k100,34.032882,130.91266,,,,
R191,10k200,34.033761,130.912973,,,,
R191,10k300,34.034582,130.91324,,,,
R191,10k400,34.035521,130.913449,,,,
R191,10k500,34.036324,130.913593,,,,
R191,10k600,34.037329,130.913768,,,,
R191,10k700,34.038229,130.913919,,,,
R191,10k800,34.039105,130.914082,,,,
R191,10k900,34.039905,130.914221,,,,
R191,11k000,34.040827,130.914381,,,,
R191,11k100,34.041738,130.914544,,,,
R191,11k200,34.04259,130.914693,,,,
R191,11k300,34.043474,130.914832,,,,
R191,11k400,34.044429,130.914921,,,,
R191,11k500,34.045322,130.91499,,,,
R191,11k600,34.046223,130.915049,,,,
R191,11k700,34.047131,130.914933,,,,
R191,11k800,34.048079,130.914716,,,,
R191,11k900,34.048895,130.914535,,,,
R191,12k000,34.04975,130.914347,,,,
R191,12k100,34.050642,130.914091,,,,
R191,12k200,34.051449,130.913834,,,,
R191,12k300,34.052387,130.913539,,,,
R191,12k400,34.053169,130.91329,,,,
R191,12k500,34.05402,130.912721,,,,
R191,12k600,34.054845,130.912348,,,,
R191,12k700,34.055701,130.91199,,,,
R191,12k800,34.056599,130.912014,,,,
R191,12k900,34.057466,130.912346,,,,
R191,13k000,34.058347,130.912306,,,,
R191,13k100,34.059226,130.912231,,,,
R191,13k200,34.060113,130.912082,,,,
R191,13k300,34.060944,130.911643,,,,
R191,13k400,34.0617,130.911086,,,,
R191,13k500,34.062024,130.910079,,,,
R191,13k600,34.062667,130.909345,,,,
R191,13k700,34.063343,130.908626,,,,
R191,13k800,34.063975,130.907977,,,,
R191,13k900,34.064768,130.907331,,,,
R191,14k000,34.065452,130.906563,,,,
R191,14k100,34.06611,130.905754,,,,
R191,14k200,34.066777,130.905126,,,,
R191,14k300,34.067638,130.904547,,,,
R191,14k400,34.068349,130.904085,,,,
R191,14k500,34.069207,130.903468,,,,
R191,14k600,34.06986,130.902801,,,,
R191,14k700,34.070385,130.901866,,,,
R191,14k800,34.070879,130.900929,,,,
R191,14k900,34.07126,130.900206,,,,
R191,15k000,34.071823,130.899132,,,,
R191,15k100,34.072312,130.898192,,,,
R191,15k200,34.072851,130.897551,,,,
R191,15k300,34.073791,130.897265,,,,
R191,15k400,34.074665,130.897124,,,,
R191,15k500,34.075475,130.89679,,,,
R191,15k600,34.076367,130.896417,,,,
R191,15k700,34.077211,130.896068,,,,
R191,15k800,34.078035,130.895767,,,,
R191,15k900,34.078935,130.895469,,,,
R191,16k000,34.079776,130.895196,,,,
R191,16k100,34.080657,130.894942,,,,
R191,16k200,34.081517,130.894733,,,,
R191,16k300,34.082415,130.894626,,,,
R191,16k400,34.083364,130.894554,,,,
R191,16k500,34.084205,130.894483,,,,
R191,16k600,34.085112,130.89442,,,,
R191,16k700,34.08601,130.894348,,,,
R191,16k800,34.086903,130.894299,,,,
R191,16k900,34.087829,130.894333,,,,
R191,17k000,34.088731,130.894411,,,,
R191,17k100,34.08963,130.894481,,,,
R191,17k200,34.090531,130.894555,,,,
R191,17k300,34.091416,130.894668,,,,
R191,17k400,34.092166,130.89502,,,,
R191,17k500,34.093199,130.89558,,,,
R191,17k600,34.09385,130.896042,,,,
R191,17k700,34.094146,130.897029,,,,
R191,17k800,34.09428,130.89808,,,,
R191,17k900,34.094715,130.899029,,,,
R191,18k000,34.095745,130.89952,,,,
R191,18k100,34.096414,130.899789,,,,
R191,18k200,34.097269,130.900126,,,,
R191,18k300,34.09813,130.900457,,,,
R191,18k400,34.098996,130.900741,,,,
R191,18k500,34.099897,130.900724,,,,
R191,18k600,34.100953,130.900566,,,,
R191,18k700,34.101847,130.900409,,,,
R191,18k800,34.102666,130.900818,,,,
R191,18k900,34.103291,130.90159,,,,
R191,19k000,34.103906,130.902051,,,,
R191,19k100,34.104769,130.902348,,,,
R191,19k200,34.105615,130.902628,,,,
R191,19k300,34.106522,130.902881,,,,
R191,19k400,34.107408,130.903036,,,,
R191,19k500,34.108304,130.903166,,,,
R191,19k600,34.109201,130.903299,,,,
R191,19k700,34.110091,130.903422,,,,
R191,19k800,34.110989,130.903549,,,,
R191,19k900,34.111881,130.903699,,,,
R191,20k000,34.112787,130.903914,,,,
R191,20k100,34.113564,130.904434,,,,
R191,20k200,34.114153,130.905255,,,,
R191,20k300,34.114733,130.906083,,,,
R191,20k400,34.115313,130.906907,,,,
R191,20k500,34.115917,130.907716,,,,
R191,20k600,34.116614,130.9084,,,,
R191,20k700,34.117349,130.90903,,,,
R191,20k800,34.118099,130.909621,,,,
R191,20k900,34.118956,130.909955,,,,
R191,21k000,34.119821,130.910191,,,,
R191,21k100,34.120697,130.910432,,,,
R191,21k200,34.121535,130.910812,,,,
R191,21k300,34.122287,130.9114,,,,
R191,21k400,34.123113,130.912036,,,,
R191,21k500,34.123787,130.912567,,,,
R191,21k600,34.124592,130.913143,,,,
R191,21k700,34.125457,130.91328,,,,
R191,21k800,34.126457,130.913088,,,,
R191,21k900,34.127396,130.913021,,,,
R191,22k000,34.128213,130.913319,,,,
R191,22k100,34.129082,130.913594,,,,
R191,22k200,34.129987,130.91363,,,,
R191,22k300,34.130892,130.913596,,,,
R191,22k400,34.131791,130.913557,,,,
R191,22k500,34.132691,130.913517,,,,
R191,22k600,34.133592,130.91348,,,,
R191,22k700,34.134419,130.913584,,,,
R191,22k800,34.135328,130.913976,,,,
R191,22k900,34.13609,130.91455,,,,
R191,23k000,34.136663,130.915177,,,,
R191,23k100,34.137282,130.915967,,,,
R191,23k200,34.137855,130.916803,,,,
R191,23k300,34.1385,130.91756,,,,
R191,23k400,34.139187,130.918065,,,,
R191,23k500,34.140073,130.918617,,,,
R191,23k600,34.140876,130.91911,,,,
R191,23k700,34.141681,130.919604,,,,
R191,23k800,34.142476,130.920104,,,,
R191,23k900,34.143282,130.920596,,,,
R191,24k000,34.144024,130.921051,,,,
R191,24k100,34.144831,130.921547,,,,
R191,24k200,34.145735,130.922103,,,,
R191,24k300,34.14649,130.922688,,,,
R191,24k400,34.147134,130.923243,,,,
R191,24k500,34.148086,130.92407,,,,
R191,24k600,34.148595,130.92451,,,,
R191,24k700,34.149403,130.924977,,,,
R191,24k800,34.150206,130.925213,,,,
R191,24k900,34.151094,130.925402,,,,
R191,25k000,34.151986,130.925583,,,,
R191,25k100,34.152875,130.925768,,,,
R191,25k200,34.15373,130.926093,,,,
R191,25k300,34.154567,130.926489,,,,
R191,25k400,34.155453,130.926688,,,,
R191,25k500,34.156341,130.926872,,,,
R191,25k600,34.157229,130.927064,,,,
R191,25k700,34.158117,130.927253,,,,
R191,25k800,34.159005,130.927435,,,,
R191,25k900,34.159902,130.927463,,,,
R191,26k000,34.16079,130.927294,,,,
R191,26k100,34.161816,130.927089,,,,
R191,26k200,34.162571,130.926963,,,,
R191,26k300,34.163472,130.926948,,,,
R191,26k400,34.164375,130.926958,,,,
R191,26k500,34.165413,130.926901,,,,
R191,26k600,34.166172,130.926781,,,,
R191,26k700,34.167158,130.926929,,,,
R191,26k800,34.168155,130.927511,,,,
R191,26k900,34.168759,130.9279,,,,
R191,27k000,34.169777,130.928564,,,,
R191,27k100,34.170312,130.928779,,,,
R191,27k200,34.171291,130.929074,,,,
R191,27k300,34.172172,130.929441,,,,
R191,27k400,34.172972,130.929838,,,,
R191,27k500,34.173788,130.930339,,,,
R191,27k600,34.17453,130.93095,,,,
R191,27k700,34.175239,130.931625,,,,
R191,27k800,34.17594,130.932289,,,,
R191,27k900,34.176729,130.932833,,,,
R191,28k000,34.177626,130.933081,,,,
R191,28k100,34.178522,130.933195,,,,
R191,28k200,34.179417,130.933304,,,,
R191,28k300,34.180345,130.933414,,,,
R191,28k400,34.181235,130.933524,,,,
R191,28k500,34.182098,130.933635,,,,
R191,28k600,34.182997,130.933743,,,,
R191,28k700,34.183894,130.933849,,,,
R191,28k800,34.184795,130.933919,,,,
R191,28k900,34.185693,130.933994,,,,
R191,29k000,34.186596,130.934067,,,,
R191,29k100,34.187592,130.934123,,,,
R191,29k200,34.188384,130.934156,,,,
R191,29k300,34.189275,130.933956,,,,
R191,29k400,34.190127,130.933609,,,,
R191,29k500,34.190981,130.933271,,,,
R191,29k600,34.191863,130.933045,,,,
R191,29k700,34.19274,130.93283,,,,
R191,29k800,34.193627,130.932725,,,,
R191,29k900,34.194512,130.932892,,,,
R191,30k000,34.195414,130.932958,,,,
R191,30k100,34.196302,130.932741,,,,
R191,30k200,34.197192,130.932622,,,,
R191,30k300,34.19809,130.932742,,,,
R191,30k400,34.198987,130.932786,,,,
R191,30k500,34.199844,130.932471,,,,
R191,30k600,34.200704,130.932135,,,,
R191,30k700,34.201583,130.931978,,,,
R191,30k800,34.202481,130.931856,,,,
R191,30k900,34.20337,130.931762,,,,
R191,31k000,34.204263,130.931857,,,,
R191,31k100,34.205147,130.932052,,,,
R191,31k200,34.206027,130.932253,,,,
R191,31k300,34.206904,130.93249,,,,
R191,31k400,34.207811,130.932741,,,,
R191,31k500,34.208698,130.932906,,,,
R191,31k600,34.209613,130.932901,,,,
R191,31k700,34.210482,130.932675,,,,
R191,31k800,34.211338,130.932331,,,,
R191,31k900,34.212176,130.931923,,,,
R191,32k000,34.213005,130.931486,,,,
R191,32k100,34.213831,130.931059,,,,
R191,32k200,34.214674,130.930696,,,,
R191,32k300,34.215527,130.930355,,,,
R191,32k400,34.216384,130.930018,,,,
R191,32k500,34.217258,130.929846,,,,
R191,32k600,34.218152,130.929908,,,,
R191,32k700,34.21902,130.930184,,,,
R191,32k800,34.219867,130.930508,,,,
R191,32k900,34.220724,130.930838,,,,
R191,33k000,34.221646,130.931034,,,,
R191,33k100,34.222529,130.930793,,,,
R191,33k200,34.223371,130.930422,,,,
R191,33k300,34.224219,130.930071,,,,
R191,33k400,34.225062,130.929808,,,,
R191,33k500,34.225973,130.929534,,,,
R191,33k600,34.226762,130.929029,,,,
R191,33k700,34.227469,130.928375,,,,
R191,33k800,34.22818,130.927695,,,,
R191,33k900,34.22893,130.927052,,,,
R191,34k000,34.229769,130.926621,,,,
R191,34k100,34.230623,130.926251,,,,
R191,34k200,34.231453,130.92589,,,,
R191,34k300,34.23234,130.925722,,,,
R191,34k400,34.233222,130.92546,,,,
R191,34k500,34.233919,130.924763,,,,
R191,34k600,34.234696,130.924233,,,,
R191,34k700,34.235385,130.923597,,,,
R191,34k800,34.235952,130.922883,,,,
R191,34k900,34.236808,130.922703,,,,
R191,35k000,34.237784,130.922446,,,,
R191,35k100,34.238651,130.922157,,,,
R191,35k200,34.239521,130.921888,,,,
R191,35k300,34.240309,130.921358,,,,
R191,35k400,34.240983,130.920634,,,,
R191,35k500,34.241642,130.919896,,,,
R191,35k600,34.242164,130.919006,,,,
R191,35k700,34.242487,130.917992,,,,
R191,73k800,34.370095,131.129297,,,,
R191,73k900,34.370394,131.130273,,,,
R191,74k000,34.370993,131.130994,,,,
R191,74k100,34.371661,131.131798,,,,
R191,74k200,34.37198,131.132806,,,,
R191,74k300,34.372053,131.133889,,,,
R191,74k400,34.372198,131.134952,,,,
R191,74k500,34.372404,131.136006,,,,
R191,74k600,34.372656,131.13705,,,,
R191,74k700,34.373054,131.138028,,,,
R191,74k800,34.37346,131.139004,,,,
R191,74k900,34.373751,131.140059,,,,
R191,75k000,34.374165,131.140992,,,,
R191,75k100,34.374767,131.141755,,,,
R191,75k200,34.374947,131.142815,,,,
R191,75k300,34.375085,131.143879,,,,
R191,75k400,34.375173,131.144968,,,,
R191,75k500,34.375294,131.146048,,,,
R191,75k600,34.375417,131.147121,,,,
R191,75k700,34.375163,131.148169,,,,
R191,75k800,34.374803,131.149016,,,,
R191,75k900,34.374369,131.150092,,,,
R191,76k000,34.373944,131.151061,,,,
R191,76k100,34.373537,131.152033,,,,
R191,76k200,34.373127,131.153004,,,,
R191,76k300,34.372744,131.153988,,,,
R191,76k400,34.372404,131.154993,,,,
R191,76k500,34.372158,131.156243,,,,
R191,76k600,34.372054,131.157124,,,,
R191,76k700,34.372008,131.158221,,,,
R191,76k800,34.372054,131.159282,,,,
R191,76k900,34.371865,131.160302,,,,
R191,77k000,34.371514,131.161255,,,,
R191,77k100,34.371451,131.162344,,,,
R191,77k200,34.37139,131.163425,,,,
R191,77k300,34.37135,131.16451,,,,
R191,77k400,34.371449,131.165596,,,,
R191,77k500,34.371577,131.166745,,,,
R191,77k600,34.371688,131.167748,,,,
R191,77k700,34.371802,131.168809,,,,
R191,77k800,34.371921,131.169887,,,,
R191,77k900,34.371889,131.170965,,,,
R191,78k000,34.371442,131.171908,,,,
R191,78k100,34.37092,131.172806,,,,
R191,78k200,34.370413,131.173707,,,,
R191,78k300,34.369911,131.174609,,,,
R191,78k400,34.369468,131.175591,,,,
R191,78k500,34.369284,131.176626,,,,
R191,78k600,34.36913,131.177696,,,,
R191,78k700,34.368975,131.178768,,,,
R191,78k800,34.368823,131.179839,,,,
R191,78k900,34.368682,131.180913,,,,
R191,79k000,34.368742,131.181884,,,,
R191,79k100,34.369199,131.182946,,,,
R191,79k200,34.369837,131.183739,,,,
R191,79k300,34.370527,131.184571,,,,
R191,79k400,34.371064,131.185221,,,,
R191,79k500,34.371735,131.186031,,,,
R191,79k600,34.372369,131.186796,,,,
R191,79k700,34.372999,131.187559,,,,
R191,79k800,34.373637,131.188327,,,,
R191,79k900,34.374227,131.189074,,,,
R191,80k000,34.374661,131.189969,,,,
R191,80k100,34.374897,131.19113,,,,
R191,80k200,34.375061,131.192123,,,,
R191,80k300,34.375224,131.19319,,,,
R191,80k400,34.37539,131.194223,,,,
R191,80k500,34.375578,131.195406,,,,
R191,80k600,34.375745,131.196459,,,,
R191,80k700,34.375861,131.197551,,,,
R191,80k800,34.376027,131.19861,,,,
R191,80k900,34.376135,131.199535,,,,
R191,81k000,34.376204,131.200757,,,,
R191,81k100,34.376003,131.201816,,,,
R191,81k200,34.37558,131.20275,,,,
R191,81k300,34.374989,131.203552,,,,
R191,81k400,34.3743,131.204204,,,,
R191,81k500,34.373613,131.204923,,,,
R191,81k600,34.373106,131.205826,,,,
R191,81k700,34.372527,131.20665,,,,
R191,81k800,34.371875,131.207328,,,,
R191,81k900,34.371163,131.208067,,,,
R191,82k000,34.37051,131.208822,,,,
R191,82k100,34.369988,131.209705,,,,
R191,82k200,34.369561,131.210668,,,,
R191,82k300,34.369144,131.21163,,,,
R191,82k400,34.368726,131.212589,,,,
R191,82k500,34.368309,131.213552,,,,
R191,82k600,34.367838,131.21464,,,,
R191,82k700,34.367474,131.215477,,,,
R191,82k800,34.367035,131.21643,,,,
R191,82k900,34.366571,131.217364,,,,
R191,83k000,34.366089,131.218281,,,,
R191,83k100,34.365604,131.219199,,,,
R191,83k200,34.365118,131.220114,,,,
R191,83k300,34.364637,131.221035,,,,
R191,83k400,34.364209,131.22206,,,,
R191,83k500,34.363984,131.223042,,,,
R191,83k600,34.363915,131.224126,,,,
R191,83k700,34.36397,131.225211,,,,
R191,83k800,34.364041,131.226295,,,,
R191,83k900,34.364102,131.227379,,,,
R191,84k000,34.364125,131.228458,,,,
R191,84k100,34.364101,131.229549,,,,
R191,84k200,34.364034,131.230638,,,,
R191,84k300,34.363958,131.231725,,,,
R191,84k400,34.363883,131.232808,,,,
R191,84k500,34.363802,131.233939,,,,
R191,84k600,34.363718,131.234987,,,,
R191,84k700,34.363657,131.236039,,,,
R191,84k800,34.363577,131.237145,,,,
R191,84k900,34.36349,131.238286,,,,
R191,85k000,34.363403,131.239304,,,,
R191,85k100,34.363303,131.240384,,,,
R191,85k200,34.363191,131.241465,,,,
R191,85k300,34.363074,131.242545,,,,
R191,85k400,34.362957,131.243621,,,,
R191,85k500,34.362879,131.244705,,,,
R191,85k600,34.362882,131.245788,,,,
R191,85k700,34.362944,131.246873,,,,
R191,85k800,34.362983,131.247948,,,,
R191,85k900,34.362907,131.249034,,,,
R191,86k000,34.362772,131.250112,,,,
R191,86k100,34.362723,131.251197,,,,
R191,86k200,34.362814,131.252277,,,,
R191,86k300,34.362978,131.253311,,,,
R191,86k400,34.363024,131.254424,,,,
R191,86k500,34.362908,131.255513,,,,
R191,86k600,34.362928,131.256643,,,,
R191,86k700,34.363017,131.257622,,,,
R191,86k800,34.363116,131.258767,,,,
R191,86k900,34.363213,131.259851,,,,
R191,87k000,34.363309,131.26092,,,,
R191,87k100,34.36338,131.262006,,,,
R191,87k200,34.363049,131.262993,,,,
R191,87k300,34.362458,131.263791,,,,
R191,87k400,34.361885,131.264645,,,,
R191,87k500,34.361357,131.265518,,,,
R191,87k600,34.36082,131.266383,,,,
R191,87k700,34.360423,131.26736,,,,
R191,87k800,34.360063,131.268356,,,,
R191,87k900,34.359706,131.269367,,,,
R191,88k000,34.359355,131.270368,,,,
R191,88k100,34.359006,131.271362,,,,
R191,88k200,34.358656,131.272352,,,,
R191,88k300,34.358327,131.273342,,,,
R191,88k400,34.358294,131.274435,,,,
R191,88k500,34.35827,131.275376,,,,
R191,88k600,34.357916,131.276535,,,,
R191,88k700,34.357594,131.277524,,,,
R191,88k800,34.357245,131.278524,,,,
R191,88k900,34.356724,131.279685,,,,
R191,89k000,34.356455,131.28047,,,,
R191,89k100,34.356199,131.281513,,,,
R191,89k200,34.356069,131.282588,,,,
R191,89k300,34.356029,131.28368,,,,
R191,89k400,34.356206,131.284745,,,,
R191,89k500,34.356132,131.285808,,,,
R191,89k600,34.355651,131.286706,,,,
R191,89k700,34.354952,131.287404,,,,
R191,89k800,34.354369,131.288248,,,,
R191,89k900,34.354149,131.289284,,,,
R191,90k000,34.354049,131.290368,,,,
R191,90k100,34.353903,131.291387,,,,
R191,90k200,34.353567,131.292467,,,,
R191,90k300,34.353166,131.293403,,,,
R191,90k400,34.352746,131.294383,,,,
R191,90k500,34.352334,131.295336,,,,
R191,90k600,34.35192,131.296304,,,,
R191,90k700,34.351533,131.297287,,,,
R191,90k800,34.35114,131.298301,,,,
R191,90k900,34.350792,131.299267,,,,
R191,91k000,34.350515,131.300296,,,,
R191,91k100,34.350256,131.30135,,,,
R191,91k200,34.350138,131.30241,,,,
R191,91k300,34.350385,131.303455,,,,
R191,91k400,34.350749,131.304451,,,,
R191,91k500,34.351127,131.305437,,,,
R191,91k600,34.351579,131.306368,,,,
R191,91k700,34.352188,131.306875,,,,
R191,91k800,34.35313,131.307456,,,,
R191,91k900,34.35382,131.308156,,,,
R191,92k000,34.354206,131.30913,,,,
R191,92k100,34.354515,131.310143,,,,
R191,92k200,34.355145,131.310913,,,,
R191,92k300,34.355588,131.311855,,,,
R191,92k400,34.356156,131.312679,,,,
R191,92k500,34.35651,131.313659,,,,
R191,92k600,34.356986,131.314588,,,,
R191,92k700,34.357369,131.315552,,,,
R191,92k800,34.356782,131.316228,,,,
R191,92k900,34.355894,131.316347,,,,
R191,93k000,34.354997,131.316463,,,,
R191,93k100,34.3541,131.31664,,,,
R191,93k200,34.353375,131.317283,,,,
R191,93k300,34.352725,131.318055,,,,
R191,93k400,34.35228,131.318975,,,,
R191,93k500,34.352075,131.320024,,,,
R191,93k600,34.351934,131.321059,,,,
R191,93k700,34.351162,131.321608,,,,
R191,93k800,34.351056,131.322622,,,,
R191,93k900,34.351761,131.32329,,,,
R191,94k000,34.352521,131.323852,,,,
R191,94k100,34.35329,131.324411,,,,
R191,94k200,34.354158,131.324718,,,,
R191,94k300,34.355041,131.324628,,,,
R191,94k400,34.355918,131.324393,,,,
R191,94k500,34.35676,131.324032,,,,
R191,94k600,34.357536,131.323505,,,,
R191,94k700,34.358246,131.322901,,,,
R191,94k800,34.358771,131.322048,,,,
R191,94k900,34.359609,131.32171,,,,
R191,95k000,34.360313,131.322185,,,,
R191,95k100,34.361134,131.322843,,,,
R191,95k200,34.361642,131.323745,,,,
R191,95k300,34.362195,131.324595,,,,
R191,95k400,34.362972,131.325108,,,,
R191,95k500,34.363685,131.325696,,,,
R191,95k600,34.364151,131.326632,,,,
R191,95k700,34.364815,131.327307,,,,
R191,95k800,34.365492,131.327972,,,,
R191,95k900,34.365607,131.329044,,,,
R191,96k000,34.365844,131.330079,,,,
R191,96k100,34.366131,131.33111,,,,
R191,96k200,34.365765,131.332087,,,,
R191,96k300,34.366273,131.332885,,,,
R191,96k400,34.366678,131.333799,,,,
R191,96k500,34.367044,131.334767,,,,
R191,96k600,34.367779,131.33541,,,,
R191,96k700,34.368506,131.336027,,,,
R191,96k800,34.369234,131.336646,,,,
R191,96k900,34.369894,131.337392,,,,
R191,97k000,34.370419,131.33828,,,,
R191,97k100,34.370998,131.339095,,,,
R191,97k200,34.371862,131.339191,,,,
R191,97k300,34.372434,131.340036,,,,
R191,97k400,34.373132,131.340711,,,,
R191,97k500,34.373877,131.34132,,,,
R191,97k600,34.374459,131.34214,,,,
R191,97k700,34.375294,131.342429,,,,
R191,97k800,34.376138,131.342106,,,,
R191,97k900,34.376976,131.342411,,,,
R191,98k000,34.377609,131.343077,,,,
R191,98k100,34.378306,131.343825,,,,
R191,98k200,34.378834,131.344771,,,,
R191,98k300,34.378761,131.345829,,,,
R191,98k400,34.378355,131.346666,,,,
R191,98k500,34.379038,131.347147,,,,
R191,98k600,34.379932,131.347089,,,,
R191,98k700,34.380616,131.347729,,,,
R191,98k800,34.381037,131.348687,,,,
R191,98k900,34.381511,131.349603,,,,
R191,99k000,34.382107,131.350487,,,,
R191,99k100,34.382666,131.351341,,,,
R191,99k200,34.383122,131.352268,,,,
R191,99k300,34.383572,131.353212,,,,
R191,99k400,34.384019,131.354168,,,,
R191,99k500,34.384343,131.355172,,,,
R191,99k600,34.38482,131.356059,,,,
R191,99k700,34.385685,131.35625,,,,
R191,99k800,34.386456,131.356783,,,,
R191,99k900,34.387193,131.357559,,,,
R191,100k000,34.387804,131.358204,,,,
R191,100k100,34.388503,131.359046,,,,
R191,100k200,34.388899,131.359897,,,,
R191,100k300,34.389213,131.360913,,,,
R191,100k400,34.38952,131.361934,,,,
R191,100k500,34.389833,131.362958,,,,
R191,100k600,34.3901,131.363986,,,,
R191,100k700,34.389787,131.364975,,,,
R191,100k800,34.389311,131.365897,,,,
R191,100k900,34.389179,131.366844,,,,
R191,101k000,34.389084,131.368026,,,,
R191,101k100,34.388563,131.368914,,,,
R191,101k200,34.388284,131.369949,,,,
R191,101k300,34.388115,131.371001,,,,
R191,101k400,34.388288,131.372037,,,,
R191,101k500,34.389037,131.372526,,,,
R191,101k600,34.389928,131.372317,,,,
R191,101k700,34.390805,131.372091,,,,
R191,101k800,34.391659,131.372033,,,,
R191,101k900,34.392587,131.372182,,,,
R191,145k400,34.664559,131.685297,,,,
R191,145k500,34.66486,131.68633,,,,
R191,145k600,34.665163,131.687359,,,,
R191,145k700,34.66548,131.688364,,,,
R191,145k800,34.665931,131.689307,,,,
R191,145k900,34.666464,131.690211,,,,
R191,146k000,34.666954,131.691102,,,,
R191,146k100,34.667048,131.69217,,,,
R191,146k200,34.666908,131.693248,,,,
R191,146k300,34.666908,131.694065,,,,
R191,146k400,34.667142,131.695118,,,,
R191,146k500,34.66749,131.696395,,,,
R191,146k600,34.667408,131.697438,,,,
R191,146k700,34.66695,131.698398,,,,
R191,146k800,34.666965,131.69944,,,,
R191,146k900,34.66748,131.70037,,,,
R191,147k000,34.66759,131.701578,,,,
R191,147k100,34.667035,131.70245,,,,
R191,147k200,34.666498,131.703275,,,,
R191,147k300,34.666365,131.70432,,,,
R191,147k400,34.666653,131.705207,,,,
R191,147k500,34.667046,131.706191,,,,
R191,147k600,34.667439,131.707175,,,,
R191,147k700,34.667829,131.708157,,,,
R191,147k800,34.668229,131.709135,,,,
R191,147k900,34.668622,131.710117,,,,
R191,148k000,34.669016,131.711096,,,,
R191,148k100,34.669404,131.71208,,,,
R191,148k200,34.669793,131.713065,,,,
R191,148k300,34.670181,131.71405,,,,
R191,148k400,34.670577,131.71503,,,,
R191,148k500,34.671203,131.715798,,,,
R191,148k600,34.671989,131.716332,,,,
R191,148k700,34.672775,131.716859,,,,
R191,148k800,34.673524,131.717488,,,,
R191,148k900,34.674126,131.718306,,,,
R191,149k000,34.67451,131.719266,,,,
R191,149k100,34.674522,131.720535,,,,
R191,149k200,34.674278,131.721567,,,,
R191,149k300,34.673755,131.72249,,,,
R191,149k400,34.673158,131.723375,,,,
R191,149k500,34.672755,131.724355,,,,
R191,149k600,34.672555,131.7254,,,,
R191,149k700,34.6727,131.72645,,,,
R191,149k800,34.672755,131.72751,,,,
R191,149k900,34.672382,131.7285,,,,
R191,150k000,34.67169,131.7293,,,,
R191,150k100,34.67105,131.730155,,,,
R191,150k200,34.67072,131.73116,,,,
R191,150k300,34.670665,131.732225,,,,
R191,150k400,34.6709,131.73326,,,,
R191,150k500,34.67124,131.734267,,,,
R191,150k600,34.671585,131.735278,,,,
R191,150k700,34.67186,131.736305,,,,
R191,150k800,34.67188,131.73737,,,,
R191,150k900,34.671725,131.738425,,,,
R191,151k000,34.671485,131.73946,,,,
R191,151k100,34.67125,131.7405,,,,
R191,151k200,34.67109,131.741553,,,,
R191,151k300,34.67105,131.742615,,,,
R191,151k400,34.67103,131.743685,,,,
R191,151k500,34.671,131.744745,,,,
R191,151k600,34.67096,131.74581,,,,
R191,151k700,34.67097,131.746878,,,,
R191,151k800,34.67094,131.747665,,,,
R191,151k900,34.67091,131.748755,,,,
R191,152k000,34.67093,131.749845,,,,
R191,152k100,34.67125,131.750912,,,,
R191,152k200,34.671975,131.751715,,,,
R191,152k300,34.672795,131.752378,,,,
R191,152k400,34.673688,131.752935,,,,
R191,152k500,34.674618,131.75344,,,,
R191,152k600,34.675515,131.753998,,,,
R191,152k700,34.676248,131.75475,,,,
R191,152k800,34.67677,131.755665,,,,
R191,152k900,34.677075,131.756675,,,,
R191,153k000,34.677292,131.75771,,,,
R191,153k100,34.67749,131.75875,,,,
R191,153k200,34.677705,131.75978,,,,
R191,153k300,34.67795,131.760808,,,,
R191,153k400,34.678265,131.761818,,,,
R191,153k500,34.67862,131.76281,,,,
R191,153k600,34.67898,131.763805,,,,
R191,153k700,34.67934,131.7648,,,,
R191,153k800,34.679698,131.76579,,,,
R191,153k900,34.680055,131.766787,,,,
R191,154k000,34.680415,131.76778,,,,
R191,154k100,34.680775,131.768773,,,,
R191,154k200,34.681098,131.769775,,,,
R191,154k300,34.681335,131.77081,,,,
R191,154k400,34.68155,131.77184,,,,
R191,154k500,34.681765,131.77288,,,,
R191,154k600,34.681972,131.77391,,,,
R191,154k700,34.682185,131.774948,,,,
R191,154k800,34.682448,131.77597,,,,
R191,154k900,34.682735,131.776985,,,,
R191,155k000,34.682925,131.778025,,,,
R191,155k100,34.68315,131.779055,,,,
R191,155k200,34.68346,131.780065,,,,
R191,155k300,34.683798,131.781065,,,,
R191,155k400,34.68425,131.78202,,,,
R191,155k500,34.684732,131.78296,,,,
R191,155k600,34.685112,131.783945,,,,
R191,155k700,34.68534,131.784975,,,,
R191,155k800,34.685555,131.78601,,,,
R191,155k900,34.68577,131.787045,,,,
R191,156k000,34.68595,131.788082,,,,
R191,156k100,34.68606,131.789135,,,,
R191,156k200,34.686165,131.790188,,,,
R191,156k300,34.68627,131.791238,,,,
R191,156k400,34.68637,131.79229,,,,
R191,156k500,34.686515,131.793335,,,,
R191,156k600,34.686725,131.79439,,,,
R191,156k700,34.686945,131.79547,,,,
R191,156k800,34.68716,131.79653,,,,
R191,156k900,34.68738,131.797598,,,,
R191,157k000,34.68748,131.79867,,,,
R191,157k100,34.687505,131.799753,,,,
R191,157k200,34.68765,131.800825,,,,
R191,157k300,34.687858,131.801887,,,,
R191,157k400,34.688065,131.80295,,,,
R191,157k500,34.688302,131.804005,,,,
R191,157k600,34.68861,131.805068,,,,
R191,157k700,34.688968,131.806072,,,,
R191,157k800,34.6893,131.807085,,,,
R191,157k900,34.689635,131.808069,,,,
R191,158k000,34.68997,131.809084,,,,
R191,158k100,34.690188,131.81014,,,,
R191,158k200,34.690137,131.811224,,,,
R191,158k300,34.690048,131.812308,,,,
R191,158k400,34.689948,131.81339,,,,
R191,158k500,34.68986,131.81448,,,,
R191,158k600,34.68976,131.815565,,,,
R191,158k700,34.68966,131.816647,,,,
R191,158k800,34.68955,131.817753,,,,
R191,158k900,34.68946,131.818835,,,,
R191,159k000,34.68936,131.819925,,,,
R191,159k100,34.68927,131.820988,,,,
R191,159k200,34.689128,131.822082,,,,
R191,159k300,34.688835,131.82311,,,,
R191,159k400,34.68841,131.82403,,,,
R191,159k500,34.68783,131.824815,,,,
R191,159k600,34.687092,131.825472,,,,
R191,159k700,34.686585,131.826412,,,,
R191,159k800,34.686295,131.82744,,,,
R191,159k900,34.686015,131.82847,,,,
R191,160k000,34.685735,131.8295,,,,
R191,160k100,34.685455,131.83053,,,,
R191,160k200,34.685175,131.83156,,,,
R191,160k300,34.684885,131.832605,,,,
R191,160k400,34.684605,131.8336,,,,
R191,160k500,34.684072,131.834485,,,,
R191,160k600,34.683422,131.835285,,,,
R191萩三隅道路,86k600,34.36213,131.25658,,,,
R191萩三隅道路,86k700,34.36207,131.25761,,,,
R191萩三隅道路,86k800,34.36244,131.25858,,,,
R191萩三隅道路,86k900,34.36298,131.25947,,,,
R191萩三隅道路,87k000,34.36359,131.26032,,,,
R191萩三隅道路,87k100,34.364215,131.261155,,,,
R191萩三隅道路,87k200,34.36488,131.26195,,,,
R191萩三隅道路,87k300,34.365565,131.26274,,,,
R191萩三隅道路,87k400,34.366245,131.26353,,,,
R191萩三隅道路,87k500,34.36693,131.264315,,,,
R191萩三隅道路,87k600,34.367615,131.2651,,,,
R191萩三隅道路,87k700,34.368305,131.265885,,,,
R191萩三隅道路,87k800,34.36899,131.26667,,,,
R191萩三隅道路,87k900,34.369675,131.267455,,,,
R191萩三隅道路,88k000,34.37036,131.26824,,,,
R191萩三隅道路,88k100,34.371045,131.269025,,,,
R191萩三隅道路,88k200,34.37173,131.269815,,,,
R191萩三隅道路,88k300,34.37239,131.27062,,,,
R191萩三隅道路,88k400,34.37303,131.27144,,,,
R191萩三隅道路,88k500,34.37364,131.272285,,,,
R191萩三隅道路,88k600,34.37418,131.27318,,,,
R191萩三隅道路,88k700,34.374675,131.274095,,,,
R191萩三隅道路,88k800,34.37512,131.275035,,,,
R191萩三隅道路,88k900,34.3755,131.276005,,,,
R191萩三隅道路,89k000,34.375825,131.277,,,,
R191萩三隅道路,89k100,34.376085,131.27801,,,,
R191萩三隅道路,89k200,34.376305,131.279025,,,,
R191萩三隅道路,89k300,34.37648,131.280055,,,,
R191萩三隅道路,89k400,34.37657,131.28109,,,,
R191萩三隅道路,89k500,34.37662,131.28213,,,,
R191萩三隅道路,89k600,34.37662,131.283175,,,,
R191萩三隅道路,89k700,34.3766,131.284215,,,,
R191萩三隅道路,89k800,34.37655,131.28526,,,,
R191萩三隅道路,89k900,34.3765,131.2863,,,,
R191萩三隅道路,90k000,34.37645,131.28734,,,,
R191萩三隅道路,90k100,34.3764,131.288385,,,,
R191萩三隅道路,90k200,34.37635,131.289425,,,,
R191萩三隅道路,90k300,34.3763,131.290465,,,,
R191萩三隅道路,90k400,34.37625,131.291505,,,,
R191萩三隅道路,90k500,34.37621,131.29255,,,,
R191萩三隅道路,90k600,34.37618,131.29359,,,,
R191萩三隅道路,90k700,34.37619,131.294635,,,,
R191萩三隅道路,90k800,34.3762,131.29529,,,,
R191萩三隅道路,90k900,34.37626,131.296335,,,,
R191萩三隅道路,91k000,34.376365,131.29737,,,,
R191萩三隅道路,91k100,34.3765,131.29841,,,,
R191萩三隅道路,91k200,34.376685,131.29944,,,,
R191萩三隅道路,91k300,34.376935,131.300455,,,,
R191萩三隅道路,91k400,34.377205,131.301465,,,,
R191萩三隅道路,91k500,34.377505,131.30247,,,,
R191萩三隅道路,91k600,34.37786,131.303455,,,,
R191萩三隅道路,91k700,34.378245,131.30442,,,,
R191萩三隅道路,91k800,34.37868,131.30537,,,,
R191萩三隅道路,91k900,34.379155,131.3063,,,,
R191萩三隅道路,92k000,34.37966,131.307225,,,,
R191萩三隅道路,92k100,34.380185,131.308125,,,,
R191萩三隅道路,92k200,34.380725,131.30902,,,,
R191萩三隅道路,92k300,34.38127,131.30991,,,,
R191萩三隅道路,92k400,34.381815,131.3108,,,,
R191萩三隅道路,92k500,34.382365,131.31169,,,,
R191萩三隅道路,92k600,34.382915,131.31258,,,,
R191萩三隅道路,92k700,34.383465,131.31347,,,,
R191萩三隅道路,92k800,34.384015,131.31436,,,,
R191萩三隅道路,92k900,34.384565,131.31525,,,,
R191萩三隅道路,93k000,34.38511,131.316145,,,,
R191萩三隅道路,93k100,34.385635,131.31705,,,,
R191萩三隅道路,93k200,34.386135,131.317965,,,,
R191萩三隅道路,93k300,34.386595,131.318905,,,,
R191萩三隅道路,93k400,34.38704,131.31985,,,,
R191萩三隅道路,93k500,34.38749,131.320855,,,,
R191萩三隅道路,93k600,34.387905,131.321885,,,,
R191萩三隅道路,93k700,34.38822,131.322905,,,,
R191萩三隅道路,93k800,34.38852,131.32383,,,,
R191萩三隅道路,93k900,34.38864,131.324725,,,,
R191萩三隅道路,94k000,34.38882,131.325795,,,,
R191萩三隅道路,94k100,34.38893,131.32687,,,,
R191萩三隅道路,94k200,34.38903,131.327965,,,,
R191萩三隅道路,94k300,34.38906,131.329045,,,,
R191萩三隅道路,94k400,34.38906,131.330125,,,,
R191萩三隅道路,94k500,34.389,131.331205,,,,
R191萩三隅道路,94k600,34.388905,131.33228,,,,
R191萩三隅道路,94k700,34.388775,131.333355,,,,
R191萩三隅道路,94k800,34.38861,131.33442,,,,
R191萩三隅道路,94k900,34.388405,131.33548,,,,
R191萩三隅道路,95k000,34.388205,131.33654,,,,
R191萩三隅道路,95k100,34.387985,131.3376,,,,
R191萩三隅道路,95k200,34.387765,131.33866,,,,
R191萩三隅道路,95k300,34.387545,131.33972,,,,
R191萩三隅道路,95k400,34.387325,131.340775,,,,
R191萩三隅道路,95k500,34.387105,131.34183,,,,
R191萩三隅道路,95k600,34.386885,131.34289,,,,
R191萩三隅道路,95k700,34.38666,131.343945,,,,
R191萩三隅道路,95k800,34.386425,131.345,,,,
R191萩三隅道路,95k900,34.3862,131.34611,,,,
R191萩三隅道路,96k000,34.386,131.34724,,,,
R191萩三隅道路,96k100,34.38585,131.34831,,,,
R191萩三隅道路,96k200,34.3858,131.349395,,,,
R191萩三隅道路,96k300,34.38583,131.350495,,,,
R191萩三隅道路,96k400,34.385945,131.351575,,,,
R191萩三隅道路,96k500,34.386135,131.35266,,,,
R191萩三隅道路,96k600,34.3864,131.35369,,,,
R191萩三隅道路,96k700,34.38676,131.35468,,,,
R191萩三隅道路,96k800,34.387185,131.355655,,,,
R191萩三隅道路,96k900,34.387695,131.356585,,,,
R191萩三隅道路,97k000,34.38828,131.35747,,,,
R191萩三隅道路,97k100,34.38891,131.35832,,,,
R191萩三隅道路,97k200,34.38954,131.359175,,,,
R191萩三隅道路,97k300,34.39008,131.36009,,,,
R191萩三隅道路,97k400,34.3905,131.36106,,,,
R191萩三隅道路,97k500,34.3908,131.362075,,,,
R191萩三隅道路,97k600,34.39098,131.363125,,,,
R191萩三隅道路,97k700,34.39103,131.36418,,,,
R191萩三隅道路,97k800,34.39097,131.36524,,,,
R191萩三隅道路,97k900,34.39082,131.36629,,,,
R191萩三隅道路,98k000,34.390645,131.367335,,,,
R191萩三隅道路,98k100,34.39048,131.368385,,,,
R191萩三隅道路,98k200,34.390305,131.369435,,,,
R191萩三隅道路,98k300,34.39013,131.370475,,,,
R191萩三隅道路,98k400,34.389965,131.371525,,,,
R191萩三隅道路,98k500,34.389785,131.37254,,,,
R191萩三隅道路,98k600,34.38967,131.373575,,,,
R191萩三隅道路,98k700,34.38956,131.374655,,,,
R191萩三隅道路,98k800,34.38946,131.37575,,,,
R191萩三隅道路,98k900,34.389385,131.37683,,,,
R191萩三隅道路,99k000,34.38933,131.377915,,,,
R191萩三隅道路,99k100,34.3893,131.379,,,,
R191萩三隅道路,99k200,34.3893,131.38009,,,,
R191萩三隅道路,99k300,34.38932,131.381175,,,,
R191萩三隅道路,99k400,34.38934,131.382265,,,,
R191萩三隅道路,99k500,34.38935,131.38335,,,,
R191萩三隅道路,99k600,34.38937,131.384435,,,,
R191萩三隅道路,99k700,34.38939,131.38552,,,,
R191萩三隅道路,99k800,34.38941,131.38661,,,,
R191萩三隅道路,99k900,34.38943,131.387695,,,,
R191萩三隅道路,100k000,34.38945,131.38878,,,,
R191萩三隅道路,100k100,34.38947,131.38987,,,,
R191萩三隅道路,100k200,34.38948,131.39096,,,,
R191萩三隅道路,100k300,34.38948,131.39204,,,,
R191萩三隅道路,100k400,34.38947,131.39313,,,,
R191萩三隅道路,100k500,34.38942,131.39421,,,,
R191萩三隅道路,100k600,34.38935,131.3953,,,,
R191萩三隅道路,100k700,34.38926,131.396385,,,,
R191萩三隅道路,100k800,34.389155,131.397465,,,,
R191萩三隅道路,100k900,34.38905,131.398545,,,,
R191萩三隅道路,101k000,34.38897,131.399635,,,,
R191萩三隅道路,101k100,34.38886,131.4007,,,,
R191萩三隅道路,101k200,34.38879,131.40178,,,,
R191萩三隅道路,101k300,34.388665,131.40285,,,,
R9,535k200,34.435869,131.767945,,,,
R9,535k900,34.434342,131.768198,,,,
R9,536k000,34.433598,131.767606,,,,
R9,536k100,34.432851,131.766982,,,,
R9,536k200,34.432154,131.766301,,,,
R9,536k300,34.43143,131.765648,,,,
R9,536k400,34.430726,131.764969,,,,
R9,536k500,34.430077,131.764276,,,,
R9,536k600,34.429371,131.763521,,,,
R9,536k700,34.428686,131.762818,,,,
R9,536k800,34.428121,131.761975,,,,
R9,536k900,34.427571,131.7611,,,,
R9,537k000,34.426992,131.760256,,,,
R9,537k100,34.42649,131.759374,,,,
R9,537k200,34.425945,131.758503,,,,
R9,537k300,34.425368,131.757661,,,,
R9,537k400,34.424864,131.756802,,,,
R9,537k500,34.424261,131.75601,,,,
R9,537k600,34.423552,131.755273,,,,
R9,537k700,34.422834,131.754617,,,,
R9,537k800,34.422054,131.754071,,,,
R9,537k900,34.421223,131.753645,,,,
R9,538k000,34.420419,131.753145,,,,
R9,538k100,34.419599,131.752685,,,,
R9,538k200,34.418799,131.752302,,,,
R9,538k300,34.418002,131.751789,,,,
R9,538k400,34.417149,131.751309,,,,
R9,538k500,34.416324,131.750866,,,,
R9,538k600,34.415571,131.750283,,,,
R9,538k700,34.414845,131.74963,,,,
R9,538k800,34.41416,131.748941,,,,
R9,538k900,34.413565,131.748107,,,,
R9,539k000,34.412966,131.747303,,,,
R9,539k100,34.412359,131.746494,,,,
R9,539k200,34.411731,131.74565,,,,
R9,539k300,34.411155,131.74488,,,,
R9,539k400,34.410551,131.744072,,,,
R9,539k500,34.409944,131.743262,,,,
R9,539k600,34.409306,131.742405,,,,
R9,539k700,34.408698,131.741692,,,,
R9,539k800,34.408152,131.740825,,,,
R9,539k900,34.407588,131.739955,,,,
R9,540k000,34.407058,131.739087,,,,
R9,540k100,34.406532,131.738211,,,,
R9,540k200,34.405998,131.737325,,,,
R9,540k300,34.405472,131.736452,,,,
R9,540k400,34.404941,131.735573,,,,
R9,540k500,34.404412,131.734692,,,,
R9,540k600,34.403881,131.733811,,,,
R9,540k700,34.403363,131.732949,,,,
R9,540k800,34.402827,131.732059,,,,
R9,540k900,34.402254,131.731207,,,,
R9,541k000,34.401764,131.730296,,,,
R9,541k100,34.401234,131.729417,,,,
R9,541k200,34.400705,131.728534,,,,
R9,541k300,34.400187,131.72767,,,,
R9,541k400,34.399645,131.726772,,,,
R9,541k500,34.399098,131.725926,,,,
R9,541k600,34.398563,131.724983,,,,
R9,541k700,34.398072,131.724167,,,,
R9,541k800,34.397423,131.723272,,,,
R9,541k900,34.396881,131.722539,,,,
R9,542k000,34.396257,131.721748,,,,
R9,542k100,34.39552,131.72081,,,,
R9,542k200,34.395015,131.720174,,,,
R9,542k300,34.394399,131.719395,,,,
R9,542k400,34.393757,131.718621,,,,
R9,542k500,34.393199,131.717826,,,,
R9,542k600,34.392566,131.716953,,,,
R9,542k700,34.391931,131.716079,,,,
R9,542k800,34.391378,131.715314,,,,
R9,542k900,34.390806,131.714526,,,,
R9,543k000,34.390156,131.71363,,,,
R9,543k100,34.389591,131.712858,,,,
R9,543k200,34.388984,131.712054,,,,
R9,543k300,34.388373,131.711271,,,,
R9,543k400,34.387767,131.710504,,,,
R9,543k500,34.387147,131.709717,,,,
R9,543k600,34.386497,131.708956,,,,
R9,543k700,34.38585,131.708155,,,,
R9,543k800,34.385263,131.707325,,,,
R9,543k900,34.384557,131.706498,,,,
R9,544k000,34.384021,131.705747,,,,
R9,544k100,34.383398,131.704957,,,,
R9,544k200,34.382724,131.70417,,,,
R9,544k300,34.382174,131.703362,,,,
R9,544k400,34.381651,131.70252,,,,
R9,544k500,34.381118,131.701638,,,,
R9,544k600,34.380691,131.700862,,,,
R9,544k700,34.380017,131.699886,,,,
R9,544k800,34.379311,131.699214,,,,
R9,544k900,34.378555,131.698616,,,,
R9,545k000,34.377782,131.698054,,,,
R9,545k100,34.376985,131.697543,,,,
R9,545k200,34.376248,131.696929,,,,
R9,545k300,34.375528,131.696283,,,,
R9,545k400,34.374979,131.695414,,,,
R9,545k500,34.37479,131.694375,,,,
R9,545k600,34.374657,131.693307,,,,
R9,545k700,34.374493,131.692199,,,,
R9,545k800,34.374383,131.691126,,,,
R9,545k900,34.374248,131.690043,,,,
R9,546k000,34.374065,131.688986,,,,
R9,546k100,34.373746,131.687989,,,,
R9,546k200,34.373191,131.68713,,,,
R9,546k300,34.372447,131.686556,,,,
R9,546k400,34.371748,131.685891,,,,
R9,546k500,34.371015,131.685269,,,,
R9,546k600,34.370233,131.684674,,,,
R9,546k700,34.369523,131.684002,,,,
R9,546k800,34.36879,131.68338,,,,
R9,546k900,34.368038,131.682744,,,,
R9,547k000,34.367301,131.682122,,,,
R9,547k100,34.366525,131.681574,,,,
R9,547k200,34.365642,131.681344,,,,
R9,547k300,34.364787,131.681049,,,,
R9,547k400,34.363926,131.680832,,,,
R9,547k500,34.363014,131.680644,,,,
R9,547k600,34.362145,131.680385,,,,
R9,547k700,34.361266,131.680114,,,,
R9,547k800,34.360549,131.679459,,,,
R9,547k900,34.360258,131.678661,,,,
R9,548k000,34.359926,131.677427,,,,
R9,548k100,34.35932,131.676639,,,,
R9,548k200,34.358507,131.676177,,,,
R9,548k300,34.357684,131.675737,,,,
R9,548k400,34.35689,131.675314,,,,
R9,548k500,34.356057,131.67487,,,,
R9,548k600,34.355274,131.674375,,,,
R9,548k700,34.35452,131.673753,,,,
R9,548k800,34.353935,131.672901,,,,
R9,548k900,34.353457,131.671964,,,,
R9,549k000,34.353048,131.671006,,,,
R9,549k100,34.352703,131.669986,,,,
R9,549k200,34.352326,131.669001,,,,
R9,549k300,34.351929,131.668046,,,,
R9,549k400,34.351603,131.666947,,,,
R9,549k500,34.351545,131.665927,,,,
R9,549k600,34.351518,131.664841,,,,
R9,549k700,34.351492,131.663753,,,,
R9,549k800,34.351465,131.662661,,,,
R9,549k900,34.351437,131.66159,,,,
R9,550k000,34.351386,131.660493,,,,
R9,550k100,34.351165,131.659465,,,,
R9,550k200,34.35085,131.658421,,,,
R9,550k300,34.350622,131.657394,,,,
R9,550k400,34.350344,131.65634,,,,
R9,550k500,34.350013,131.655325,,,,
R9,550k600,34.349798,131.654265,,,,
R9,550k700,34.349523,131.653228,,,,
R9,550k800,34.349202,131.65221,,,,
R9,550k900,34.348976,131.651158,,,,
R9,551k000,34.348702,131.650123,,,,
R9,551k100,34.348389,131.649101,,,,
R9,551k200,34.348156,131.648049,,,,
R9,551k300,34.34788,131.647009,,,,
R9,551k400,34.347564,131.645992,,,,
R9,551k500,34.347333,131.64494,,,,
R9,551k600,34.347061,131.643906,,,,
R9,551k700,34.346767,131.642868,,,,
R9,551k800,34.346512,131.641834,,,,
R9,551k900,34.346324,131.640773,,,,
R9,552k000,34.346325,131.639682,,,,
R9,552k100,34.346447,131.638605,,,,
R9,552k200,34.346521,131.63752,,,,
R9,552k300,34.346566,131.636447,,,,
R9,552k400,34.346513,131.635333,,,,
R9,552k500,34.346267,131.63431,,,,
R9,552k600,34.345819,131.633378,,,,
R9,552k700,34.345283,131.632501,,,,
R9,552k800,34.344685,131.631699,,,,
R9,552k900,34.344067,131.630915,,,,
R9,553k000,34.34348,131.630082,,,,
R9,553k100,34.342879,131.629274,,,,
R9,553k200,34.342229,131.628473,,,,
R9,553k300,34.341664,131.62764,,,,
R9,553k400,34.341093,131.626875,,,,
R9,553k500,34.34047,131.626071,,,,
R9,553k600,34.339873,131.625233,,,,
R9,553k700,34.33927,131.624424,,,,
R9,553k800,34.338633,131.623649,,,,
R9,553k900,34.338096,131.622771,,,,
R9,554k000,34.337554,131.621905,,,,
R9,554k100,34.336973,131.621053,,,,
R9,554k200,34.336473,131.620174,,,,
R9,554k300,34.335932,131.619308,,,,
R9,554k400,34.335334,131.618484,,,,
R9,554k500,34.334731,131.617679,,,,
R9,554k600,34.334039,131.616984,,,,
R9,554k700,34.333305,131.616359,,,,
R9,554k800,34.332616,131.615658,,,,
R9,554k900,34.331897,131.614993,,,,
R9,555k000,34.331158,131.614369,,,,
R9,555k100,34.330466,131.613669,,,,
R9,555k200,34.329755,131.613012,,,,
R9,555k300,34.329008,131.612387,,,,
R9,555k400,34.328318,131.611688,,,,
R9,555k500,34.327582,131.611068,,,,
R9,555k600,34.326751,131.610641,,,,
R9,555k700,34.325907,131.610286,,,,
R9,555k800,34.325051,131.609951,,,,
R9,555k900,34.324229,131.609505,,,,
R9,556k000,34.323573,131.608745,,,,
R9,556k100,34.322945,131.607979,,,,
R9,556k200,34.322277,131.607241,,,,
R9,556k300,34.321675,131.606426,,,,
R9,556k400,34.321043,131.605651,,,,
R9,556k500,34.320375,131.604921,,,,
R9,556k600,34.319739,131.604054,,,,
R9,556k700,34.319157,131.603333,,,,
R9,556k800,34.318571,131.602438,,,,
R9,556k900,34.318208,131.601496,,,,
R9,557k000,34.317921,131.600466,,,,
R9,557k100,34.317868,131.59927,,,,
R9,557k200,34.317875,131.59828,,,,
R9,557k300,34.317832,131.597193,,,,
R9,557k400,34.317355,131.59629,,,,
R9,557k500,34.316759,131.595476,,,,
R9,557k600,34.316163,131.594661,,,,
R9,557k700,34.315539,131.593821,,,,
R9,557k800,34.315028,131.592957,,,,
R9,557k900,34.314481,131.592117,,,,
R9,558k000,34.313939,131.591249,,,,
R9,558k100,34.313471,131.590332,,,,
R9,558k200,34.313029,131.589411,,,,
R9,558k300,34.312587,131.588487,,,,
R9,558k400,34.312012,131.587604,,,,
R9,558k500,34.31142,131.586773,,,,
R9,558k600,34.310798,131.585971,,,,
R9,558k700,34.310245,131.58513,,,,
R9,558k800,34.309657,131.584306,,,,
R9,558k900,34.309053,131.583492,,,,
R9,559k000,34.308462,131.582739,,,,
R9,559k100,34.3079,131.581822,,,,
R9,559k200,34.307316,131.580999,,,,
R9,559k300,34.306767,131.58014,,,,
R9,559k400,34.30614,131.579353,,,,
R9,559k500,34.305454,131.578774,,,,
R9,559k600,34.304722,131.578029,,,,
R9,559k700,34.304009,131.57736,,,,
R9,559k800,34.303279,131.576718,,,,
R9,559k900,34.30259,131.576025,,,,
R9,560k000,34.301819,131.575434,,,,
R9,560k100,34.300968,131.575096,,,,
R9,560k200,34.300075,131.574892,,,,
R9,560k300,34.299231,131.574531,,,,
R9,560k400,34.29849,131.573944,,,,
R9,560k500,34.297892,131.573159,,,,
R9,560k600,34.29741,131.572226,,,,
R9,560k700,34.296949,131.571293,,,,
R9,560k800,34.29644,131.570398,,,,
R9,560k900,34.295773,131.569677,,,,
R9,561k000,34.294959,131.569231,,,,
R9,561k100,34.294115,131.568857,,,,
R9,561k200,34.293249,131.568551,,,,
R9,561k300,34.292383,131.568245,,,,
R9,561k400,34.291543,131.567863,,,,
R9,561k500,34.290809,131.567226,,,,
R9,561k600,34.290152,131.566474,,,,
R9,561k700,34.289499,131.565725,,,,
R9,561k800,34.288864,131.564966,,,,
R9,561k900,34.28837,131.564057,,,,
R9,562k000,34.287998,131.563069,,,,
R9,562k100,34.287626,131.562078,,,,
R9,562k200,34.287259,131.561099,,,,
R9,562k300,34.286874,131.560116,,,,
R9,562k400,34.286334,131.559251,,,,
R9,562k500,34.285661,131.558533,,,,
R9,562k600,34.284975,131.557827,,,,
R9,562k700,34.284295,131.557127,,,,
R9,562k800,34.283608,131.556421,,,,
R9,562k900,34.282922,131.555715,,,,
R9,563k000,34.282165,131.555135,,,,
R9,563k100,34.281327,131.554739,,,,
R9,563k200,34.280485,131.554358,,,,
R9,563k300,34.279667,131.553912,,,,
R9,563k400,34.278941,131.553261,,,,
R9,563k500,34.278241,131.552582,,,,
R9,563k600,34.277537,131.5519,,,,
R9,563k700,34.276834,131.551219,,,,
R9,563k800,34.276133,131.550539,,,,
R9,563k900,34.275432,131.54986,,,,
R9,564k000,34.274722,131.549171,,,,
R9,564k100,34.274023,131.548492,,,,
R9,564k200,34.273387,131.547728,,,,
R9,564k300,34.27291,131.54681,,,,
R9,564k400,34.272406,131.545907,,,,
R9,564k500,34.271978,131.545337,,,,
R9,564k600,34.271261,131.54428,,,,
R9,564k700,34.270591,131.543555,,,,
R9,564k800,34.26992,131.54283,,,,
R9,564k900,34.269246,131.5421,,,,
R9,565k000,34.26858,131.541383,,,,
R9,565k100,34.267896,131.540677,,,,
R9,565k200,34.267166,131.54003,,,,
R9,565k300,34.266439,131.539394,,,,
R9,565k400,34.265711,131.538756,,,,
R9,565k500,34.264982,131.538118,,,,
R9,565k600,34.264248,131.537476,,,,
R9,565k700,34.26352,131.536838,,,,
R9,565k800,34.262789,131.536198,,,,
R9,565k900,34.262063,131.535566,,,,
R9,566k000,34.261333,131.534929,,,,
R9,566k100,34.260602,131.53429,,,,
R9,566k200,34.259877,131.533658,,,,
R9,566k300,34.259092,131.53314,,,,
R9,566k400,34.258194,131.533028,,,,
R9,566k500,34.257299,131.532927,,,,
R9,566k600,34.256423,131.533101,,,,
R9,566k700,34.255563,131.533436,,,,
R9,566k800,34.254697,131.533738,,,,
R9,566k900,34.253813,131.533666,,,,
R9,567k000,34.253077,131.533077,,,,
R9,567k100,34.252784,131.532059,,,,
R9,567k200,34.252545,131.531011,,,,
R9,567k300,34.252306,131.529966,,,,
R9,567k400,34.252067,131.528919,,,,
R9,567k500,34.251829,131.527871,,,,
R9,567k600,34.25159,131.526823,,,,
R9,567k700,34.251351,131.525775,,,,
R9,567k800,34.251112,131.524727,,,,
R9,567k900,34.250837,131.523519,,,,
R9,568k000,34.250494,131.522719,,,,
R9,568k100,34.249635,131.522451,,,,
R9,568k200,34.248747,131.522385,,,,
R9,568k300,34.247855,131.522457,,,,
R9,568k400,34.246956,131.522533,,,,
R9,568k500,34.24608,131.522797,,,,
R9,568k600,34.245207,131.523081,,,,
R9,568k700,34.244349,131.522851,,,,
R9,568k800,34.243594,131.522261,,,,
R9,568k900,34.2429,131.52158,,,,
R9,569k000,34.242195,131.520909,,,,
R9,569k100,34.241353,131.520497,,,,
R9,569k200,34.240777,131.519768,,,,
R9,569k300,34.24016,131.518981,,,,
R9,569k400,34.239628,131.518117,,,,
R9,569k500,34.238774,131.517872,,,,
R9,569k600,34.237972,131.517619,,,,
R9,569k700,34.237177,131.517045,,,,
R9,569k800,34.236359,131.517411,,,,
R9,569k900,34.235516,131.517596,,,,
R9,570k000,34.234628,131.517387,,,,
R9,570k100,34.233813,131.516959,,,,
R9,570k200,34.233011,131.516481,,,,
R9,570k300,34.232495,131.515622,,,,
R9,570k400,34.231854,131.514875,,,,
R9,570k500,34.230969,131.514815,,,,
R9,570k600,34.230069,131.514916,,,,
R9,570k700,34.229174,131.515042,,,,
R9,570k800,34.228307,131.515344,,,,
R9,570k900,34.227438,131.515654,,,,
R9,571k000,34.226558,131.515803,,,,
R9,571k100,34.225731,131.515392,,,,
R9,571k200,34.224938,131.514891,,,,
R9,571k300,34.224262,131.514178,,,,
R9,571k400,34.223475,131.513723,,,,
R9,571k500,34.22275,131.514217,,,,
R9,571k600,34.222355,131.515246,,,,
R9,571k700,34.221879,131.516151,,,,
R9,571k800,34.221057,131.51656,,,,
R9,571k900,34.220189,131.516795,,,,
R9,572k000,34.219531,131.516307,,,,
R9,572k100,34.218635,131.516055,,,,
R9,572k200,34.217866,131.516605,,,,
R9,572k300,34.216996,131.5169,,,,
R9,572k400,34.216112,131.517107,,,,
R9,572k500,34.215432,131.51779,,,,
R9,572k600,34.21483,131.51859,,,,
R9,572k700,34.213964,131.518607,,,,
R9,572k800,34.213298,131.517865,,,,
R9,572k900,34.212653,131.517121,,,,
R9,573k000,34.211952,131.516464,,,,
R9,573k100,34.211118,131.516065,,,,
R9,573k200,34.210266,131.515702,,,,
R9,573k300,34.20942,131.515343,,,,
R9,573k400,34.208502,131.515115,,,,
R9,573k500,34.207508,131.515069,,,,
R9,573k600,34.206849,131.514601,,,,
R9,573k700,34.206294,131.513759,,,,
R9,573k800,34.205865,131.512636,,,,
R9,573k900,34.205295,131.511799,,,,
R9,574k000,34.204831,131.511,,,,
R9,574k100,34.20419,131.510214,,,,
R9,574k200,34.203613,131.50951,,,,
R9,574k300,34.202939,131.508686,,,,
R9,574k400,34.20233,131.507943,,,,
R9,574k500,34.201717,131.507185,,,,
R9,574k600,34.201062,131.506192,,,,
R9,574k700,34.200618,131.505369,,,,
R9,574k800,34.200149,131.504489,,,,
R9,574k900,34.19966,131.503572,,,,
R9,575k000,34.199174,131.502659,,,,
R9,575k100,34.198687,131.501746,,,,
R9,575k200,34.198199,131.500832,,,,
R9,575k300,34.197713,131.49992,,,,
R9,575k400,34.197227,131.499006,,,,
R9,575k500,34.19674,131.498094,,,,
R9,575k600,34.196254,131.497182,,,,
R9,575k700,34.195763,131.496256,,,,
R9,575k800,34.195279,131.495351,,,,
R9,575k900,34.194792,131.49444,,,,
R9,576k000,34.194308,131.493529,,,,
R9,576k100,34.193822,131.492617,,,,
R9,576k200,34.193338,131.491707,,,,
R9,576k300,34.192857,131.490767,,,,
R9,576k400,34.192446,131.489812,,,,
R9,576k500,34.192086,131.48882,,,,
R9,576k600,34.191781,131.487802,,,,
R9,576k700,34.191517,131.486813,,,,
R9,576k800,34.191239,131.485724,,,,
R9,576k900,34.190954,131.48468,,,,
R9,577k000,34.19062,131.483676,,,,
R9,577k100,34.190214,131.482703,,,,
R9,577k200,34.189744,131.481775,,,,
R9,577k300,34.189219,131.480897,,,,
R9,577k400,34.188678,131.480033,,,,
R9,577k500,34.188146,131.479182,,,,
R9,577k600,34.187607,131.478318,,,,
R9,577k700,34.187056,131.477444,,,,
R9,577k800,34.186512,131.476584,,,,
R9,577k900,34.185973,131.47573,,,,
R9,578k000,34.185432,131.474866,,,,
R9,578k100,34.184912,131.474039,,,,
R9,578k200,34.184339,131.473132,,,,
R9,578k300,34.183762,131.472292,,,,
R9,578k400,34.183125,131.471521,,,,
R9,578k500,34.182373,131.47078,,,,
R9,578k600,34.181706,131.470136,,,,
R9,578k700,34.181075,131.469416,,,,
R9,578k800,34.180494,131.468589,,,,
R9,578k900,34.179985,131.467692,,,,
R9,579k000,34.179498,131.466776,,,,
R9,579k100,34.179014,131.465867,,,,
R9,579k200,34.178528,131.464951,,,,
R9,579k300,34.178042,131.464038,,,,
R9,579k400,34.177557,131.463127,,,,
R9,579k500,34.177057,131.462226,,,,
R9,579k600,34.176508,131.461323,,,,
R9,579k700,34.175955,131.460508,,,,
R9,579k800,34.175362,131.459689,,,,
R9,579k900,34.174768,131.458871,,,,
R9,580k000,34.174179,131.458051,,,,
R9,580k100,34.173589,131.457229,,,,
R9,580k200,34.173015,131.456434,,,,
R9,580k300,34.17237,131.455545,,,,
R9,580k400,34.171812,131.454772,,,,
R9,580k500,34.171242,131.453972,,,,
R9,580k600,34.17063,131.453129,,,,
R9,580k700,34.170041,131.452312,,,,
R9,580k800,34.169453,131.451495,,,,
R9,580k900,34.168856,131.450666,,,,
R9,581k000,34.168259,131.449845,,,,
R9,581k100,34.167678,131.449039,,,,
R9,581k200,34.167092,131.44822,,,,
R9,581k300,34.166534,131.447441,,,,
R9,581k400,34.165969,131.446659,,,,
R9,581k500,34.165316,131.445755,,,,
R9,581k600,34.164738,131.444957,,,,
R9,581k700,34.164136,131.444123,,,,
R9,581k800,34.163545,131.443305,,,,
R9,581k900,34.162955,131.442481,,,,
R9,582k000,34.162365,131.441661,,,,
R9,582k100,34.161774,131.440846,,,,
R9,582k200,34.161185,131.440024,,,,
R9,582k300,34.160588,131.439203,,,,
R9,582k400,34.159994,131.438393,,,,
R9,582k500,34.1594,131.437574,,,,
R9,582k600,34.158816,131.436743,,,,
R9,582k700,34.158227,131.435922,,,,
R9,582k800,34.157635,131.435104,,,,
R9,582k900,34.157012,131.434286,,,,
R9,583k000,34.156366,131.43356,,,,
R9,583k100,34.155654,131.432904,,,,
R9,583k200,34.154887,131.432328,,,,
R9,583k300,34.154073,131.43185,,,,
R9,583k400,34.153229,131.431452,,,,
R9,583k500,34.152383,131.43108,,,,
R9,583k600,34.151537,131.430709,,,,
R9,583k700,34.150687,131.430336,,,,
R9,583k800,34.149844,131.429967,,,,
R9,583k900,34.148994,131.429594,,,,
R9,584k000,34.148147,131.429221,,,,
R9,584k100,34.147301,131.428848,,,,
R9,584k200,34.146466,131.428484,,,,
R9,584k300,34.145614,131.428125,,,,
R9,584k400,34.143074,131.427027,,,,
R9,584k500,34.142841,131.426914,,,,
R9,584k600,34.141929,131.426496,,,,
R9,584k700,34.141122,131.426141,,,,
R9,584k800,34.14027,131.425768,,,,
R9,584k900,34.139412,131.425391,,,,
R9,585k000,34.138658,131.425061,,,,
R9,585k100,34.137767,131.424668,,,,
R9,585k200,34.136952,131.424226,,,,
R9,585k300,34.136212,131.423634,,,,
R9,585k400,34.13551,131.423002,,,,
R9,585k500,34.134775,131.422333,,,,
R9,585k600,34.134061,131.421672,,,,
R9,585k700,34.133428,131.420937,,,,
R9,585k800,34.13284,131.420139,,,,
R9,585k900,34.132248,131.419291,,,,
R9,586k000,34.131666,131.418463,,,,
R9,586k100,34.131091,131.417624,,,,
R9,586k200,34.130495,131.416769,,,,
R9,586k300,34.12991,131.415951,,,,
R9,586k400,34.129311,131.415131,,,,
R9,586k500,34.12871,131.414337,,,,
R9,586k600,34.128104,131.413537,,,,
R9,586k700,34.127496,131.412748,,,,
R9,586k800,34.126864,131.41192,,,,
R9,586k900,34.12627,131.411133,,,,
R9,587k000,34.125662,131.410245,,,,
R9,587k100,34.125115,131.409394,,,,
R9,587k200,34.124567,131.408509,,,,
R9,587k300,34.124027,131.407654,,,,
R9,587k400,34.123451,131.406819,,,,
R9,587k500,34.122774,131.406102,,,,
R9,587k600,34.122058,131.405454,,,,
R9,587k700,34.121334,131.404816,,,,
R9,587k800,34.120602,131.404166,,,,
R9,587k900,34.119881,131.403528,,,,
R9,588k000,34.119177,131.402907,,,,
R9,588k100,34.118403,131.402328,,,,
R9,588k200,34.117549,131.401859,,,,
R9,588k300,34.116685,131.401528,,,,
R9,588k400,34.115799,131.401322,,,,
R9,588k500,34.114912,131.401239,,,,
R9,588k600,34.114015,131.401288,,,,
R9,588k700,34.113113,131.401368,,,,
R9,588k800,34.11221,131.401344,,,,
R9,588k900,34.11148,131.40116,,,,
R9,589k000,34.110641,131.400729,,,,
R9,589k100,34.109906,131.400105,,,,
R9,589k200,34.109642,131.399799,,,,
R9,589k300,34.109054,131.398975,,,,
R9,589k400,34.108494,131.398167,,,,
R9,589k500,34.107887,131.397324,,,,
R9,589k600,34.10723,131.396583,,,,
R9,589k700,34.106492,131.395962,,,,
R9,589k800,34.105688,131.395474,,,,
R9,589k900,34.104907,131.395119,,,,
R9,590k000,34.103981,131.394778,,,,
R9,590k100,34.10312,131.394451,,,,
R9,590k200,34.102263,131.39412,,,,
R9,590k300,34.101404,131.393791,,,,
R9,590k400,34.100544,131.39346,,,,
R9,590k500,34.099686,131.393133,,,,
R9,590k600,34.098827,131.392804,,,,
R9,590k700,34.097967,131.392475,,,,
R9,590k800,34.097109,131.392147,,,,
R9,590k900,34.09625,131.391818,,,,
R9,591k000,34.09539,131.391488,,,,
R9,591k100,34.094532,131.39116,,,,
R9,591k200,34.093691,131.390841,,,,
R9,591k300,34.092793,131.390603,,,,
R9,591k400,34.091895,131.390657,,,,
R9,591k500,34.091047,131.391012,,,,
R9,591k600,34.090315,131.391639,,,,
R9,591k700,34.089688,131.392417,,,,
R9,591k800,34.089073,131.39321,,,,
R9,591k900,34.088451,131.393994,,,,
R9,592k000,34.087771,131.394703,,,,
R9,592k100,34.08692,131.395324,,,,
R9,592k200,34.086177,131.395701,,,,
R9,592k300,34.08534,131.396075,,,,
R9,592k400,34.084494,131.396449,,,,
R9,592k500,34.083691,131.396807,,,,
R2,278k100,34.39368956,132.94285044,,,,
R2,278k120,34.39358455,132.94267346,,,,
R2,278k140,34.39347983,132.94249637,,,,
R2,278k160,34.39337495,132.94231942,,,,
R2,278k180,34.39327008,132.94214246,,,,
R2,278k200,34.39316544,132.94196572,,,,
R2,278k220,34.39306050,132.94178846,,,,
R2,278k240,34.39295564,132.94161154,,,,
R2,278k260,34.39285078,132.94143463,,,,
R2,278k280,34.39274593,132.94125771,,,,
R2,278k300,34.39264131,132.94108101,,,,
R2,278k320,34.39253628,132.94090361,,,,
R2,278k340,34.39243134,132.94072656,,,,
R2,278k360,34.39232690,132.94054915,,,,
R2,278k380,34.39222540,132.94036961,,,,
R2,278k400,34.39212730,132.94018776,,,,
R2,278k420,34.39203772,132.94001375,,,,
R2,278k440,34.39195112,132.93983751,,,,
R2,278k460,34.39186756,132.93965923,,,,
R2,278k480,34.39177195,132.93944990,,,,
R2,278k500,34.39167826,132.93924508,,,,
R2,278k520,34.39158946,132.93905102,,,,
R2,278k540,34.39150272,132.93886125,,,,
R2,278k560,34.39141587,132.93867155,,,,
R2,278k580,34.39132850,132.93848254,,,,
R2,278k600,34.39122960,132.93830265,,,,
R2,278k620,34.39111534,132.93813477,,,,
R2,278k640,34.39098747,132.93798210,,,,
R2,278k660,34.39084755,132.93784518,,,,
R2,278k680,34.39070397,132.93771304,,,,
R2,278k700,34.39056045,132.93758086,,,,
R2,279k300,34.39126750,132.93237868,,,,
R2,279k320,34.39138215,132.93220969,,,,
R2,279k340,34.39149713,132.93204084,,,,
R2,279k360,34.39161214,132.93187200,,,,
R2,279k380,34.39172717,132.93170318,,,,
R2,279k400,34.39183954,132.93153816,,,,
R2,279k420,34.39196124,132.93135947,,,,
R2,279k440,34.39208024,132.93118452,,,,
R2,279k460,34.39219939,132.93100975,,,,
R2,279k480,34.39231599,132.93083853,,,,
R2,279k500,34.39241574,132.93070185,,,,
R2,279k520,34.39254439,132.93055000,,,,
R2,279k540,34.39268317,132.93041133,,,,
R2,279k560,34.39283110,132.93028642,,,,
R2,279k580,34.39298656,132.93017673,,,,
R2,279k600,34.39314918,132.93008258,,,,
R2,279k900,34.39559136,132.92889920,,,,
R2,279k920,34.39569036,132.92871604,,,,
R2,279k940,34.39577788,132.92852393,,,,
R2,279k960,34.39586516,132.92833162,,,,
R2,279k980,34.39595223,132.92813918,,,,
R2,280k000,34.39603621,132.92795402,,,,
R2,280k020,34.39612568,132.92775627,,,,
R2,280k040,34.39621191,132.92756597,,,,
R2,280k060,34.39629822,132.92737571,,,,
R2,280k080,34.39638445,132.92718540,,,,
R2,280k100,34.39646856,132.92699972,,,,
R2,280k120,34.39655665,132.92680508,,,,
R2,280k140,34.39664272,132.92661514,,,,
R2,280k160,34.39672886,132.92642524,,,,
R2,280k180,34.39681493,132.92623530,,,,
R2,280k200,34.39690090,132.92604542,,,,
R2,280k220,34.39698792,132.92585353,,,,
R2,280k240,34.39707477,132.92566170,,,,
R2,280k260,34.39716158,132.92546985,,,,
R2,280k280,34.39724830,132.92527793,,,,
R2,280k300,34.39733296,132.92509082,,,,
R2,280k320,34.39742153,132.92489518,,,,
R2,280k340,34.39750783,132.92470419,,,,
R2,280k360,34.39759417,132.92451324,,,,
R2,280k380,34.39768060,132.92432234,,,,
R2,280k400,34.39776487,132.92413605,,,,
R2,280k420,34.39785282,132.92394138,,,,
R2,280k440,34.39793889,132.92375150,,,,
R2,280k460,34.39802473,132.92356147,,,,
R2,280k480,34.39811063,132.92337149,,,,
R2,280k500,34.39819665,132.92318132,,,,
R2,280k800,34.39856531,132.92002708,,,,
R2,280k820,34.39850604,132.91982082,,,,
R2,280k840,34.39843516,132.91962088,,,,
R2,280k860,34.39835277,132.91942707,,,,
R2,280k880,34.39825927,132.91924060,,,,
R2,280k900,34.39815553,132.91906317,,,,
R2,280k920,34.39804404,132.91888735,,,,
R2,280k940,34.39793373,132.91871352,,,,
R2,280k960,34.39782354,132.91853957,,,,
R2,280k980,34.39771328,132.91836569,,,,
R2,281k000,34.39760712,132.91819844,,,,
R2,281k020,34.39749402,132.91802004,,,,
R2,281k040,34.39738489,132.91784807,,,,
R2,281k060,34.39727785,132.91767509,,,,
R2,281k080,34.39717661,132.91749737,,,,
R2,281k100,34.39708109,132.91731454,,,,
R2,281k120,34.39699392,132.91712622,,,,
R2,281k140,34.39691015,132.91693342,,,,
R2,281k160,34.39683297,132.91673681,,,,
R2,281k180,34.39676267,132.91653700,,,,
R2,281k200,34.39669896,132.91633397,,,,
R2,281k220,34.39664223,132.91612799,,,,
R2,281k240,34.39659231,132.91591890,,,,
R2,281k260,34.39654928,132.91570746,,,,
R2,281k280,34.39651354,132.91549458,,,,
R2,281k300,34.39648487,132.91527990,,,,
R2,281k320,34.39646355,132.91506509,,,,
R2,281k340,34.39644758,132.91484854,,,,
R2,281k360,34.39643198,132.91463172,,,,
R2,281k380,34.39641641,132.91441488,,,,
R2,281k400,34.39640080,132.91419769,,,,
R2,281k700,34.39569438,132.91110492,,,,
R2,281k720,34.39559294,132.91092389,,,,
R2,281k740,34.39549145,132.91074292,,,,
R2,281k760,34.39539003,132.91056189,,,,
R2,281k780,34.39528864,132.91038083,,,,
R2,281k800,34.39518944,132.91020386,,,,
R2,281k820,34.39508620,132.91001975,,,,
R2,281k840,34.39498850,132.90983784,,,,
R2,281k860,34.39490254,132.90964720,,,,
R2,281k880,34.39482981,132.90944905,,,,
R2,281k900,34.39476446,132.90924933,,,,
R2,281k920,34.39469964,132.90905122,,,,
R2,281k940,34.39463638,132.90885834,,,,
R2,281k960,34.39457329,132.90866540,,,,
R2,284k200,34.39281817,132.89145131,,,,
R2,284k220,34.39298338,132.89136476,,,,
R2,284k240,34.39313737,132.89125399,,,,
R2,284k260,34.39328069,132.89112229,,,,
R2,284k280,34.39341374,132.89097052,,,,
R2,284k300,34.39352972,132.89080423,,,,
R2,284k320,34.39363264,132.89062590,,,,
R2,284k340,34.39373790,132.89044709,,,,
R2,284k360,34.39384554,132.89027557,,,,
R2,284k380,34.39395392,132.89010299,,,,
R2,284k400,34.39406175,132.88993121,,,,
R2,284k420,34.39416978,132.88975611,,,,
R2,284k440,34.39427821,132.88958151,,,,
R2,284k460,34.39438898,132.88940821,,,,
R2,284k480,34.39449992,132.88923646,,,,
R2,284k500,34.39461289,132.88906677,,,,
R2,284k520,34.39472672,132.88889614,,,,
R2,284k540,34.39484037,132.88872375,,,,
R2,284k560,34.39495260,132.88855330,,,,
R2,284k580,34.39506219,132.88837786,,,,
R2,284k600,34.39515341,132.88818508,,,,
R2,284k620,34.39522294,132.88798539,,,,
R2,284k640,34.39527354,132.88777745,,,,
R2,284k660,34.39530498,132.88756128,,,,
R2,284k680,34.39533199,132.88734398,,,,
R2,284k700,34.39535825,132.88712844,,,,
R2,284k720,34.39538533,132.88691092,,,,
R2,284k740,34.39541319,132.88669548,,,,
R2,284k760,34.39544114,132.88647873,,,,
R2,284k780,34.39546880,132.88626393,,,,
R2,284k800,34.39549528,132.88604908,,,,
R2,284k820,34.39552296,132.88583242,,,,
R2,284k840,34.39554949,132.88561651,,,,
R2,284k860,34.39557670,132.88539884,,,,
R2,284k880,34.39560337,132.88518342,,,,
R2,284k900,34.39563040,132.88496561,,,,
R2,284k920,34.39565742,132.88474966,,,,
R2,284k940,34.39568412,132.88453308,,,,
R2,284k960,34.39571008,132.88431627,,,,
R2,284k980,34.39573715,132.88409893,,,,
R2,285k000,34.39576177,132.88391603,,,,
R2,285k020,34.39578890,132.88370177,,,,
R2,285k040,34.39581623,132.88348656,,,,
R2,285k060,34.39584403,132.88327143,,,,
R2,285k080,34.39587336,132.88304157,,,,
R2,285k100,34.39589892,132.88284152,,,,
R2,285k120,34.39592625,132.88262713,,,,
R2,285k140,34.39595370,132.88241171,,,,
R2,285k160,34.39598081,132.88219671,,,,
R2,285k180,34.39600768,132.88198213,,,,
R2,285k200,34.39603534,132.88176651,,,,
R2,285k220,34.39606224,132.88155170,,,,
R2,285k240,34.39608965,132.88133651,,,,
R2,285k260,34.39611726,132.88112135,,,,
R2,285k280,34.39614454,132.88090660,,,,
R2,285k300,34.39617459,132.88069844,,,,
R2,285k320,34.39620183,132.88048304,,,,
R2,285k340,34.39622852,132.88026661,,,,
R2,285k360,34.39625513,132.88005319,,,,
R2,285k380,34.39628224,132.87983730,,,,
R2,285k400,34.39630990,132.87962081,,,,
R2,285k420,34.39633754,132.87940455,,,,
R2,285k440,34.39636492,132.87918953,,,,
R2,285k460,34.39639206,132.87897341,,,,
R2,285k480,34.39641953,132.87875770,,,,
R2,285k500,34.39644773,132.87854154,,,,
R2,285k520,34.39647495,132.87832626,,,,
R2,285k540,34.39650213,132.87811050,,,,
R2,285k560,34.39652972,132.87789458,,,,
R2,285k580,34.39655645,132.87767943,,,,
R2,285k600,34.39658382,132.87746371,,,,
R2,285k620,34.39661292,132.87725564,,,,
R2,285k640,34.39663735,132.87703914,,,,
R2,285k660,34.39665640,132.87682076,,,,
R2,285k680,34.39667001,132.87659933,,,,
R2,285k700,34.39667726,132.87638531,,,,
R2,285k720,34.39668368,132.87616479,,,,
R2,285k740,34.39669008,132.87594484,,,,
R2,285k760,34.39669634,132.87572604,,,,
R2,285k780,34.39670278,132.87550230,,,,
R2,285k800,34.39670904,132.87528626,,,,
R2,285k820,34.39671551,132.87506148,,,,
R2,285k840,34.39672175,132.87484625,,,,
R2,285k860,34.39672816,132.87462331,,,,
R2,285k880,34.39673448,132.87440555,,,,
R2,285k900,34.39674072,132.87418837,,,,
R2,285k920,34.39674662,132.87397189,,,,
R2,285k940,34.39675251,132.87375716,,,,
R2,285k960,34.39675841,132.87354335,,,,
R2,285k980,34.39676424,132.87333453,,,,
R2,286k000,34.39677009,132.87311932,,,,
R2,286k020,34.39677600,132.87290447,,,,
R2,286k040,34.39678194,132.87268928,,,,
R2,286k060,34.39678745,132.87247367,,,,
R2,286k080,34.39681286,132.87225816,,,,
R2,286k100,34.39686131,132.87204766,,,,
R2,286k120,34.39692033,132.87183904,,,,
R2,286k140,34.39697657,132.87163834,,,,
R2,286k160,34.39703443,132.87143245,,,,
R2,286k180,34.39709220,132.87122642,,,,
R2,286k680,34.39887651,132.86626390,,,,
R2,286k700,34.39896901,132.86607802,,,,
R2,286k720,34.39906163,132.86589208,,,,
R2,286k740,34.39915543,132.86570351,,,,
R2,286k760,34.39924889,132.86551564,,,,
R2,286k780,34.39934090,132.86533074,,,,
R2,286k820,34.39953404,132.86494577,,,,
R2,286k840,34.39961691,132.86477761,,,,
R2,286k860,34.39971570,132.86457729,,,,
R2,286k880,34.39980679,132.86439500,,,,
R2,286k900,34.39989886,132.86421120,,,,
R2,286k920,34.39999177,132.86402531,,,,
R2,286k940,34.40007780,132.86384394,,,,
R2,286k960,34.40015199,132.86364217,,,,
R2,286k980,34.40020991,132.86343837,,,,
R2,287k000,34.40025077,132.86323012,,,,
R2,287k020,34.40027332,132.86301820,,,,
R2,287k040,34.40028682,132.86280296,,,,
R2,287k060,34.40030031,132.86258611,,,,
R2,287k080,34.40031336,132.86237693,,,,
R2,287k100,34.40032715,132.86215580,,,,
R2,287k400,34.40099243,132.85904403,,,,
R2,287k420,34.40107364,132.85885430,,,,
R2,287k440,34.40115418,132.85866494,,,,
R2,287k460,34.40123742,132.85846898,,,,
R2,287k480,34.40131418,132.85828867,,,,
R2,287k500,34.40139673,132.85809447,,,,
R2,287k520,34.40147583,132.85790850,,,,
R2,287k540,34.40155693,132.85771742,,,,
R2,287k560,34.40163775,132.85752708,,,,
R2,287k580,34.40171844,132.85733679,,,,
R2,287k600,34.40180012,132.85714452,,,,
R2,287k620,34.40188058,132.85695372,,,,
R2,287k640,34.40196078,132.85676199,,,,
R2,287k660,34.40204126,132.85656980,,,,
R2,287k680,34.40212068,132.85638031,,,,
R2,287k700,34.40220240,132.85618500,,,,
R2,287k720,34.40228470,132.85599322,,,,
R2,287k740,34.40236542,132.85580539,,,,
R2,287k760,34.40244804,132.85561452,,,,
R2,287k780,34.40253475,132.85542725,,,,
R2,287k800,34.40263546,132.85524785,,,,
R2,287k820,34.40274265,132.85507524,,,,
R2,287k840,34.40285969,132.85490927,,,,
R2,287k860,34.40298727,132.85475322,,,,
R2,287k880,34.40311890,132.85460600,,,,
R2,287k900,34.40325316,132.85445559,,,,
R2,287k920,34.40338345,132.85430972,,,,
R2,287k940,34.40351506,132.85416218,,,,
R2,287k960,34.40364698,132.85401436,,,,
R2,287k980,34.40377929,132.85386618,,,,
R2東広島BP,322k800,34.37075678,132.54670390,,,,
R2東広島BP,322k820,34.37066662,132.54651557,,,,
R2東広島BP,322k840,34.37057646,132.54632723,,,,
R2東広島BP,322k860,34.37048630,132.54613889,,,,
R2東広島BP,322k880,34.37039618,132.54595065,,,,
R2東広島BP,322k900,34.37030602,132.54576232,,,,
R2東広島BP,322k920,34.37021586,132.54557398,,,,
R2東広島BP,322k940,34.37012570,132.54538565,,,,
R2東広島BP,322k960,34.37003553,132.54519731,,,,
R2東広島BP,322k980,34.36994537,132.54500898,,,,
R2東広島BP,323k000,34.36985525,132.54482074,,,,
R2東広島BP,323k020,34.36976509,132.54463241,,,,
R2東広島BP,323k040,34.36967493,132.54444408,,,,
R2東広島BP,323k060,34.36958476,132.54425574,,,,
R2東広島BP,323k080,34.36949460,132.54406741,,,,
R2東広島BP,323k100,34.36940449,132.54387908,,,,
R2東広島BP,323k120,34.36931432,132.54369074,,,,
R2東広島BP,323k140,34.36922421,132.54350251,,,,
R2東広島BP,323k160,34.36913405,132.54331417,,,,
R2東広島BP,323k180,34.36904388,132.54312583,,,,
R2東広島BP,323k200,34.36895372,132.54293750,,,,
R2東広島BP,323k220,34.36886356,132.54274917,,,,
R2東広島BP,323k240,34.36877339,132.54256083,,,,
R2東広島BP,323k260,34.36868323,132.54237250,,,,
R2東広島BP,323k280,34.36859311,132.54218427,,,,
R2東広島BP,323k300,34.36850294,132.54199593,,,,
R2東広島BP,323k320,34.36841278,132.54180760,,,,
R2東広島BP,323k340,34.36832261,132.54161927,,,,
R2東広島BP,323k360,34.36823245,132.54143094,,,,
R2東広島BP,323k380,34.36814228,132.54124261,,,,
R2東広島BP,323k400,34.36805214,132.54105432,,,,
R2東広島BP,323k420,34.36796197,132.54086599,,,,
R2東広島BP,323k440,34.36787185,132.54067777,,,,
R2東広島BP,323k460,34.36778169,132.54048944,,,,
R2東広島BP,323k480,34.36769152,132.54030112,,,,
R2東広島BP,323k500,34.36760135,132.54011279,,,,
R2東広島BP,323k520,34.36751118,132.53992447,,,,
R2東広島BP,323k540,34.36742102,132.53973615,,,,
R2東広島BP,323k560,34.36733085,132.53954783,,,,
R2東広島BP,323k580,34.36724073,132.53935960,,,,
R2東広島BP,323k600,34.36715056,132.53917128,,,,
R2東広島BP,323k620,34.36706039,132.53898296,,,,
R2東広島BP,323k640,34.36697022,132.53879464,,,,
R2東広島BP,323k660,34.36688005,132.53860632,,,,
R2東広島BP,323k680,34.36678988,132.53841800,,,,
R2東広島BP,323k700,34.36669976,132.53822978,,,,
R2,282k100,34.39375725,132.90755758,,,,
R2,282k120,34.39362710,132.90740482,,,,
R2,282k140,34.39349369,132.90725899,,,,
R2,282k160,34.39335698,132.90711642,,,,
R2,282k180,34.39321858,132.90697695,,,,
R2,282k200,34.39307607,132.90684490,,,,
R2,282k220,34.39293189,132.90671220,,,,
R2,282k240,34.39278500,132.90657730,,,,
R2,282k260,34.39264118,132.90644391,,,,
R2,282k280,34.39249672,132.90631213,,,,
R2,282k300,34.39235115,132.90617891,,,,
R2,282k320,34.39220789,132.90604171,,,,
R2,282k340,34.39206723,132.90589871,,,,
R2,282k360,34.39193145,132.90574985,,,,
R2,282k380,34.39179675,132.90559786,,,,
R2,287k120,34.40033909,132.86194133,,,,
R2,287k140,34.40035116,132.86172710,,,,
R2,287k160,34.40036416,132.86150576,,,,
R2,287k180,34.40037711,132.86129373,,,,
R2,287k200,34.40039052,132.86107361,,,,
R2,287k220,34.40040368,132.86085806,,,,
R2,287k240,34.40042273,132.86064101,,,,
R2,287k260,34.40045610,132.86042883,,,,
R2,287k280,34.40050408,132.86023368,,,,
R2,287k300,34.40057619,132.86001610,,,,
R2,287k320,34.40065628,132.85982600,,,,
R2,287k340,34.40073925,132.85963196,,,,
R2,287k360,34.40082615,132.85943064,,,,
R2,287k380,34.40090814,132.85924045,,,,
R2,288k000,34.40394194,132.85368762,,,,
R2,288k020,34.40407197,132.85354486,,,,
R2,288k040,34.40420512,132.85339870,,,,
R2,288k060,34.40433800,132.85325286,,,,
R2,288k080,34.40447149,132.85310629,,,,
R2,288k100,34.40460518,132.85295964,,,,
R2,288k120,34.40473785,132.85281388,,,,
R2,288k140,34.40487250,132.85266463,,,,
R2,288k160,34.40501258,132.85250434,,,,
R2,288k180,34.40513994,132.85235423,,,,
R2,288k200,34.40526774,132.85219663,,,,
R2,288k220,34.40539032,132.85204512,,,,
R2,288k240,34.40551594,132.85188995,,,,
R2,288k260,34.40565994,132.85171202,,,,
R2,288k280,34.40576680,132.85157717,,,,
R2,288k300,34.40588738,132.85141642,,,,
R2,288k320,34.40600189,132.85124841,,,,
R2,288k340,34.40611093,132.85107094,,,,
R2,288k360,34.40621402,132.85088751,,,,
R2,288k380,34.40630891,132.85070615,,,,
R2,288k400,34.40640054,132.85052103,,,,
R2,288k420,34.40649393,132.85033207,,,,
R2,288k440,34.40658510,132.85014768,,,,
R2,288k460,34.40667757,132.84996060,,,,
R2,288k480,34.40677002,132.84977379,,,,
R2,288k500,34.40686394,132.84958374,,,,
R2,288k520,34.40695457,132.84940044,,,,
R2,288k540,34.40704742,132.84921257,,,,
R2,288k560,34.40713891,132.84902386,,,,
R2,288k580,34.40723183,132.84883564,,,,
R2,288k600,34.40732069,132.84866860,,,,
R2,288k620,34.40740822,132.84847743,,,,
R2,288k640,34.40749005,132.84828320,,,,
R2,288k660,34.40755313,132.84808297,,,,
R2,288k680,34.40760225,132.84787440,,,,
R2,288k700,34.40763147,132.84766189,,,,
R2,288k720,34.40764379,132.84745032,,,,
R2,288k740,34.40763633,132.84723090,,,,
R2,288k760,34.40761242,132.84701519,,,,
R2,288k780,34.40758198,132.84680470,,,,
R2,288k800,34.40755419,132.84662901,,,,
R2,288k820,34.40752079,132.84641847,,,,
R2,288k840,34.40748712,132.84620598,,,,
R2,288k860,34.40745327,132.84599234,,,,
R2,288k880,34.40742005,132.84578273,,,,
R2,289k500,34.40800022,132.83928994,,,,
R2,289k520,34.40806565,132.83908647,,,,
R2,289k540,34.40813020,132.83888575,,,,
R2,289k560,34.40819334,132.83868284,,,,
R2,289k580,34.40824112,132.83847796,,,,
R2,289k600,34.40827447,132.83826042,,,,
R2,289k620,34.40828631,132.83804996,,,,
R2,289k640,34.40828189,132.83782900,,,,
R2,289k660,34.40825919,132.83761953,,,,
R2,289k680,34.40823346,132.83740474,,,,
R2,289k700,34.40820754,132.83718960,,,,
R2,289k720,34.40818190,132.83697608,,,,
R2,289k740,34.40815598,132.83676105,,,,
R2,289k760,34.40812997,132.83654465,,,,
R2,289k780,34.40810405,132.83632951,,,,
R2,290k200,34.40739038,132.83176712,,,,
R2,290k220,34.40734256,132.83158131,,,,
R2,290k240,34.40728534,132.83136762,,,,
R2,290k260,34.40724038,132.83118858,,,,
R2,290k280,34.40718944,132.83099273,,,,
R2,290k300,34.40713822,132.83079583,,,,
R2,290k320,34.40708686,132.83059846,,,,
R2,290k340,34.40702987,132.83037945,,,,
R2,290k360,34.40697610,132.83017256,,,,
R2,290k380,34.40692195,132.82996533,,,,
R2,290k400,34.40686712,132.82975534,,,,
R2,290k420,34.40681304,132.82954590,,,,
R2,290k440,34.40675623,132.82933891,,,,
R2,299k100,34.40396412,132.75155570,,,,
R2,299k120,34.40407578,132.75138431,,,,
R2,299k140,34.40418617,132.75121313,,,,
R2,299k160,34.40429701,132.75104165,,,,
R2,299k180,34.40440799,132.75087017,,,,
R2,299k200,34.40451941,132.75069928,,,,
R2,299k220,34.40463027,132.75052797,,,,
R2,299k240,34.40474077,132.75035645,,,,
R2,299k260,34.40485175,132.75018512,,,,
R2,299k280,34.40496264,132.75001340,,,,
R2,299k300,34.40507406,132.74984235,,,,
R2,299k320,34.40518474,132.74967146,,,,
R2,299k340,34.40529536,132.74950066,,,,
R2,299k360,34.40540673,132.74932912,,,,
R2,299k380,34.40551755,132.74915822,,,,
R2,299k400,34.40562881,132.74898702,,,,
R2,308k800,34.44480346,132.68371463,,,,
R2,308k820,34.44479190,132.68350168,,,,
R2,308k840,34.44478356,132.68328691,,,,
R2,308k860,34.44478123,132.68307241,,,,
R2,308k880,34.44478218,132.68285551,,,,
R2,308k900,34.44478565,132.68264158,,,,
R2,308k920,34.44479435,132.68242303,,,,
R2,308k940,34.44480600,132.68220479,,,,
R2,308k960,34.44482202,132.68198866,,,,
R2,308k980,34.44484147,132.68177166,,,,
R2,309k000,34.44486435,132.68155265,,,,
R2,309k020,34.44488797,132.68134101,,,,
R2,309k040,34.44491330,132.68112831,,,,
R2,309k060,34.44493737,132.68091453,,,,
R2,309k080,34.44496093,132.68070127,,,,
R2,309k600,34.44682907,132.67570694,,,,
R2,309k620,34.44692576,132.67552927,,,,
R2,309k640,34.44699620,132.67533408,,,,
R2,309k660,34.44707923,132.67509206,,,,
R2,309k680,34.44712198,132.67491382,,,,
R2,309k700,34.44715467,132.67470676,,,,
R2,309k720,34.44717231,132.67448759,,,,
R2,309k740,34.44717545,132.67427168,,,,
R2,309k760,34.44716971,132.67405766,,,,
R2,309k780,34.44716299,132.67384490,,,,
R2,309k800,34.44715706,132.67363189,,,,
R2,309k820,34.44715019,132.67341205,,,,
R2,309k840,34.44714133,132.67319195,,,,
R2,309k860,34.44713306,132.67297275,,,,
R2,309k880,34.44712404,132.67275333,,,,
R2,327k900,34.36767586,132.53224008,,,,
R2,327k920,34.36764522,132.53202729,,,,
R2,327k940,34.36763747,132.53181095,,,,
R2,327k960,34.36765149,132.53159659,,,,
R2,327k980,34.36769165,132.53138430,,,,
R2,328k560,34.36988652,132.52647541,,,,
R2,328k580,34.36981152,132.52627790,,,,
R2,328k600,34.36973651,132.52608037,,,,
R2,328k620,34.36966130,132.52588139,,,,
R2,328k640,34.36958610,132.52568237,,,,
R2,328k660,34.36951090,132.52548336,,,,
R2,328k680,34.36943538,132.52528428,,,,
R2,328k720,34.36928480,132.52488665,,,,
R2,328k740,34.36920972,132.52468900,,,,
R2,328k760,34.36913447,132.52449020,,,,
R2,328k780,34.36905864,132.52429058,,,,
R2,328k800,34.36898258,132.52408998,,,,
R2,328k820,34.36890792,132.52389215,,,,
R2,328k840,34.36883324,132.52369434,,,,
R2,328k860,34.36875856,132.52349655,,,,
R2,328k880,34.36868388,132.52329874,,,,
R2,328k900,34.36860920,132.52310091,,,,
R2,328k920,34.36853432,132.52290307,,,,
R2,328k940,34.36845943,132.52270521,,,,
R2,328k960,34.36838457,132.52250733,,,,
R2,328k980,34.36830965,132.52230945,,,,
R2,329k000,34.36823478,132.52211157,,,,
R2,329k020,34.36816103,132.52191371,,,,
R2,329k040,34.36808630,132.52171528,,,,
R2,329k060,34.36801158,132.52151708,,,,
R2,329k080,34.36794438,132.52133889,,,,
R2,329k100,34.36786227,132.52111970,,,,
R2,331k600,34.37389800,132.49813688,,,,
R2,331k620,34.37407750,132.49810776,,,,
R2,331k640,34.37425745,132.49807845,,,,
R2,331k660,34.37443426,132.49804362,,,,
R2,331k680,34.37461278,132.49799677,,,,
R2,331k700,34.37478872,132.49793555,,,,
R2,331k720,34.37495673,132.49786205,,,,
R2,331k740,34.37512322,132.49777426,,,,
R2,331k760,34.37528401,132.49767356,,,,
R2,331k780,34.37543879,132.49756198,,,,
R2,331k800,34.37558989,132.49743530,,,,
R2,331k820,34.37573086,132.49729980,,,,
R2,331k840,34.37586562,132.49715160,,,,
R2,331k860,34.37599168,132.49699188,,,,
R2,331k880,34.37611029,132.49682723,,,,
R2,331k900,34.37622379,132.49665615,,,,
R2,333k700,34.37750528,132.47855762,,,,
R2,333k720,34.37750674,132.47833656,,,,
R2,333k740,34.37751928,132.47811764,,,,
R2,333k760,34.37754320,132.47789854,,,,
R2,333k780,34.37757923,132.47768261,,,,
R2,333k800,34.37762698,132.47747027,,,,
R2,333k820,34.37768572,132.47726327,,,,
R2,333k840,34.37774976,132.47705930,,,,
R2,333k860,34.37781334,132.47685340,,,,
R2,333k880,34.37787764,132.47664795,,,,
R2,333k900,34.37794260,132.47644202,,,,
R2,333k920,34.37800526,132.47623697,,,,
R2,333k940,34.37806858,132.47602974,,,,
R2,333k960,34.37813204,132.47582357,,,,
R2,333k980,34.37819483,132.47561906,,,,
R2,334k000,34.37825857,132.47541727,,,,
R2,334k020,34.37832121,132.47521625,,,,
R2,334k040,34.37837808,132.47502919,,,,
R2,334k060,34.37844651,132.47481415,,,,
R2,334k080,34.37850914,132.47461312,,,,
R2,334k100,34.37857404,132.47440371,,,,
R2,334k120,34.37863673,132.47420282,,,,
R2,334k140,34.37869961,132.47400220,,,,
R2,334k160,34.37876232,132.47380015,,,,
R2,334k180,34.37882500,132.47359817,,,,
R2,334k200,34.37888643,132.47340048,,,,
R2,334k220,34.37894955,132.47319724,,,,
R2,336k500,34.38508339,132.44966382,,,,
R2,336k520,34.38510008,132.44944826,,,,
R2,336k540,34.38511678,132.44923267,,,,
R2,336k560,34.38513285,132.44901604,,,,
R2,336k580,34.38514977,132.44879909,,,,
R2,336k600,34.38516673,132.44858183,,,,
R2,336k620,34.38518337,132.44836492,,,,
R2,336k640,34.38519998,132.44814867,,,,
R2,336k660,34.38521548,132.44793180,,,,
R2,336k680,34.38523134,132.44771559,,,,
R2,336k700,34.38524878,132.44749900,,,,
R2,336k720,34.38526610,132.44728340,,,,
R2,336k740,34.38528435,132.44706620,,,,
R2,336k760,34.38530182,132.44685410,,,,
R2,339k880,34.38738751,132.43137023,,,,
R2,339k900,34.38746848,132.43115976,,,,
R2,339k920,34.38755110,132.43096523,,,,
R2,339k940,34.38763315,132.43077209,,,,
R2,339k960,34.38771583,132.43057859,,,,
R2,339k980,34.38779774,132.43038902,,,,
R2,340k000,34.38788473,132.43019794,,,,
R2,340k020,34.38797143,132.43000764,,,,
R2,340k040,34.38805800,132.42981567,,,,
R2,340k060,34.38814408,132.42962474,,,,
R2,340k080,34.38822959,132.42943694,,,,
R2,340k100,34.38831246,132.42925494,,,,
R2,349k400,34.37506043,132.34376067,,,,
R2,353k800,34.34410050,132.31696255,,,,
R2,353k820,34.34392539,132.31692771,,,,
R2,353k840,34.34374986,132.31688800,,,,
R2,353k860,34.34357380,132.31684313,,,,
R2,353k880,34.34339948,132.31679375,,,,
R2,353k900,34.34322661,132.31674066,,,,
R2,353k920,34.34305419,132.31668354,,,,
R2,353k940,34.34288253,132.31662136,,,,
R2,353k960,34.34271265,132.31655474,,,,
R2,353k980,34.34254159,132.31648512,,,,
R2,354k000,34.34236960,132.31641148,,,,
R2,354k020,34.34220434,132.31633097,,,,
R2,354k040,34.34203812,132.31625243,,,,
R2,354k060,34.34187077,132.31617272,,,,
R2,354k080,34.34170428,132.31609354,,,,
R2,359k300,34.29010902,132.28188588,,,,
R2,359k320,34.28997321,132.28174241,,,,
R2,359k340,34.28984117,132.28159286,,,,
R2,359k360,34.28971361,132.28143840,,,,
R2,359k380,34.28959549,132.28127667,,,,
R2,359k400,34.28948049,132.28111027,,,,
R2,359k420,34.28937133,132.28093434,,,,
R2,359k440,34.28926862,132.28075578,,,,
R2,359k460,34.28917233,132.28057351,,,,
R2,359k480,34.28908163,132.28038566,,,,
R2,359k500,34.28899121,132.28019897,,,,
R2,359k520,34.28890173,132.28001162,,,,
R2,359k540,34.28881035,132.27982327,,,,
R2,359k560,34.28872050,132.27963706,,,,
R2,359k580,34.28862958,132.27945002,,,,
R2,360k800,34.28417571,132.26771095,,,,
R2,360k820,34.28404361,132.26756000,,,,
R2,360k840,34.28391341,132.26741013,,,,
R2,360k860,34.28378304,132.26726068,,,,
R2,360k880,34.28365190,132.26711062,,,,
R2,360k900,34.28352041,132.26696045,,,,
R2,360k920,34.28338673,132.26681410,,,,
R2,360k940,34.28324767,132.26667501,,,,
R2,360k960,34.28310329,132.26654264,,,,
R2,360k980,34.28295997,132.26641175,,,,
R2,361k300,34.28067242,132.26429065,,,,
R2,361k320,34.28054034,132.26413953,,,,
R2,361k340,34.28041046,132.26398986,,,,
R2,361k360,34.28027986,132.26384048,,,,
R2,361k380,34.28014931,132.26368990,,,,
R2,361k400,34.28001916,132.26353942,,,,
R2,361k420,34.27988823,132.26338953,,,,
R2,361k440,34.27975596,132.26324426,,,,
R2,361k460,34.27961456,132.26311127,,,,
R2,361k480,34.27946409,132.26299039,,,,
R2,361k500,34.27930844,132.26288234,,,,
R2,361k520,34.27914498,132.26278857,,,,
R2,361k540,34.27898219,132.26269623,,,,
R2,361k560,34.27881870,132.26260458,,,,
R2,361k580,34.27865518,132.26251208,,,,
R2,361k600,34.27849384,132.26242046,,,,
R2,361k620,34.27833092,132.26232770,,,,
R2,361k640,34.27816778,132.26223486,,,,
R2,361k660,34.27800636,132.26214311,,,,
R2,361k680,34.27784282,132.26205546,,,,
R2,361k700,34.27767729,132.26197201,,,,
R2,361k720,34.27750847,132.26189222,,,,
R2,361k740,34.27733903,132.26181733,,,,
R2,361k760,34.27716725,132.26174664,,,,
R2,361k780,34.27699552,132.26168113,,,,
R2,361k800,34.27682107,132.26161975,,,,
R2,361k820,34.27664682,132.26156349,,,,
R2,361k840,34.27647380,132.26150461,,,,
R2,361k860,34.27629883,132.26144508,,,,
R2,361k880,34.27612821,132.26138777,,,,
R2,361k900,34.27595432,132.26132913,,,,
R2,364k300,34.26275083,132.24177330,,,,
R2,364k320,34.26266895,132.24158024,,,,
R2,364k340,34.26258699,132.24138457,,,,
R2,364k360,34.26250484,132.24119041,,,,
R2,364k380,34.26242326,132.24099654,,,,
R2,364k400,34.26234067,132.24080239,,,,
R2,364k420,34.26225884,132.24060783,,,,
R2,364k440,34.26217689,132.24041233,,,,
R2,364k460,34.26209473,132.24021678,,,,
R2,364k480,34.26201325,132.24002307,,,,
R2,364k500,34.26193084,132.23982876,,,,
R2,364k520,34.26184800,132.23963092,,,,
R2,364k540,34.26176616,132.23943545,,,,
R2,364k560,34.26168397,132.23924120,,,,
R2,364k600,34.26154793,132.23891096,,,,
R2,364k620,34.26146756,132.23871775,,,,
R2,364k640,34.26138507,132.23852587,,,,
R2,364k660,34.26130126,132.23833483,,,,
R2,364k680,34.26121675,132.23814423,,,,
R2,364k700,34.26112336,132.23795977,,,,
R2,364k720,34.26102229,132.23777940,,,,
R2,364k740,34.26091392,132.23760532,,,,
R2,364k760,34.26080025,132.23743712,,,,
R2,364k780,34.26067787,132.23727235,,,,
R2,364k800,34.26055239,132.23711756,,,,
R2,364k820,34.26042463,132.23696698,,,,
R2,364k840,34.26029485,132.23681694,,,,
R2,364k860,34.26016627,132.23666288,,,,
R2,364k880,34.26004588,132.23650099,,,,
R2,364k920,34.25983353,132.23612905,,,,
R2,364k940,34.25975158,132.23594529,,,,
R2,364k960,34.25967039,132.23576110,,,,
R2,364k980,34.25958922,132.23557694,,,,
R2,365k000,34.25950815,132.23539266,,,,
R2,365k020,34.25942068,132.23519930,,,,
R2,365k040,34.25933392,132.23500684,,,,
R2,365k060,34.25924671,132.23481435,,,,
R2,365k080,34.25915156,132.23462834,,,,
R2,365k100,34.25904249,132.23445467,,,,
R2,365k120,34.25892202,132.23428994,,,,
R2,365k140,34.25879097,132.23413870,,,,
R2,365k160,34.25865168,132.23399742,,,,
R2,365k180,34.25850884,132.23385912,,,,
R2,365k200,34.25837363,132.23372690,,,,
R2,365k220,34.25823654,132.23358580,,,,
R2,365k240,34.25810519,132.23343798,,,,
R2,365k260,34.25797779,132.23328497,,,,
R2,365k280,34.25785468,132.23312431,,,,
R2,365k300,34.25773651,132.23295829,,,,
R2,365k320,34.25761922,132.23279303,,,,
R2,365k340,34.25750151,132.23262656,,,,
R2,365k360,34.25738215,132.23246267,,,,
R2,365k380,34.25726147,132.23229910,,,,
R2,365k400,34.25713939,132.23213662,,,,
R2,365k420,34.25701858,132.23197526,,,,
R2,365k440,34.25689734,132.23181392,,,,
R2,365k460,34.25677574,132.23165285,,,,
R2,365k480,34.25665187,132.23149284,,,,
R2,365k500,34.25652439,132.23133584,,,,
R2,365k520,34.25640202,132.23117487,,,,
R2,365k540,34.25627900,132.23101643,,,,
R2,365k560,34.25615529,132.23085726,,,,
R2,365k580,34.25602787,132.23070563,,,,
R2,365k600,34.25589231,132.23056054,,,,
R2,365k620,34.25575557,132.23041958,,,,
R2,365k640,34.25561776,132.23027941,,,,
R2,365k660,34.25547871,132.23014400,,,,
R2,365k680,34.25533380,132.23001331,,,,
R2,365k700,34.25519281,132.22988639,,,,
R2,365k720,34.25504935,132.22975490,,,,
R2,365k740,34.25490540,132.22962490,,,,
R2,365k760,34.25476145,132.22949387,,,,
R2,365k780,34.25461736,132.22936265,,,,
R2,365k800,34.25447784,132.22923485,,,,
R2,365k820,34.25433407,132.22910454,,,,
R2,365k840,34.25418931,132.22897701,,,,
R2,365k860,34.25404536,132.22885484,,,,
R2,365k880,34.25388975,132.22873002,,,,
R2,365k900,34.25373866,132.22861119,,,,
R2,365k920,34.25358662,132.22849543,,,,
R2,365k940,34.25343186,132.22838313,,,,
R2,365k960,34.25327572,132.22827350,,,,
R2,365k980,34.25311744,132.22816791,,,,
R2,366k000,34.25295704,132.22807058,,,,
R2,366k020,34.25279339,132.22797417,,,,
R2,366k040,34.25263137,132.22787908,,,,
R2,366k060,34.25247087,132.22778435,,,,
R2,366k080,34.25230845,132.22768845,,,,
R2,366k100,34.25214693,132.22759354,,,,
R2,366k120,34.25198424,132.22749803,,,,
R2,366k140,34.25182049,132.22740225,,,,
R2,366k160,34.25165706,132.22730893,,,,
R2,366k180,34.25149424,132.22721439,,,,
R2,366k200,34.25133260,132.22711698,,,,
R2,366k220,34.25117613,132.22700838,,,,
R2,366k240,34.25102640,132.22688788,,,,
R2,366k260,34.25088161,132.22675658,,,,
R2,366k280,34.25074380,132.22661662,,,,
R2,366k300,34.25061153,132.22646970,,,,
R2,366k320,34.25048008,132.22632128,,,,
R2,366k340,34.25034973,132.22617290,,,,
R2,366k360,34.25021785,132.22602270,,,,
R2,366k380,34.25008716,132.22587291,,,,
R2,366k420,34.24979396,132.22560172,,,,
R2,366k440,34.24964313,132.22548553,,,,
R2,366k460,34.24948845,132.22537713,,,,
R2,366k480,34.24932740,132.22527659,,,,
R2,366k500,34.24916690,132.22518044,,,,
R2,366k520,34.24900632,132.22508017,,,,
R2,366k540,34.24887196,132.22493302,,,,
R2,366k560,34.24871300,132.22483154,,,,
R2,366k580,34.24855543,132.22473166,,,,
R2,366k600,34.24839588,132.22463035,,,,
R2,366k620,34.24823670,132.22452858,,,,
R2,366k640,34.24807834,132.22442830,,,,
R2,366k660,34.24792025,132.22432831,,,,
R2,366k680,34.24776123,132.22422732,,,,
R2,366k700,34.24759238,132.22412360,,,,
R2,366k720,34.24743272,132.22402365,,,,
R2,366k740,34.24727120,132.22392230,,,,
R2,366k760,34.24711077,132.22382155,,,,
R2,366k780,34.24695060,132.22371922,,,,
R2,366k800,34.24679358,132.22361727,,,,
R2,366k820,34.24663678,132.22350831,,,,
R2,366k840,34.24650461,132.22341055,,,,
R2,366k860,34.24637451,132.22330889,,,,
R2,366k880,34.24624651,132.22320343,,,,
R2,366k900,34.24611575,132.22309133,,,,
R2,366k920,34.24599711,132.22298224,,,,
R2,366k940,34.24587600,132.22286638,,,,
R2,366k960,34.24575709,132.22274780,,,,
R2,366k980,34.24561894,132.22260517,,,,
R2,367k020,34.24520094,132.22219812,,,,
R2,367k040,34.24505485,132.22207927,,,,
R2,367k060,34.24490012,132.22196965,,,,
R2,367k080,34.24474092,132.22186893,,,,
R2,367k100,34.24457553,132.22177829,,,,
R2,367k120,34.24440861,132.22170116,,,,
R2,367k140,34.24423650,132.22163679,,,,
R2,367k160,34.24406037,132.22158988,,,,
R2,367k180,34.24387906,132.22155693,,,,
R2,367k200,34.24370076,132.22154060,,,,
R2,367k220,34.24351961,132.22153553,,,,
R2,367k240,34.24333831,132.22154213,,,,
R2,367k260,34.24315812,132.22155360,,,,
R2,367k280,34.24297893,132.22156743,,,,
R2,367k300,34.24281420,132.22159646,,,,
R2,367k320,34.24263355,132.22160582,,,,
R2,367k340,34.24245289,132.22161615,,,,
R2,367k360,34.24227247,132.22162538,,,,
R2,367k380,34.24208999,132.22163664,,,,
R2,367k400,34.24191007,132.22164668,,,,
R2,367k420,34.24172745,132.22165652,,,,
R2,367k440,34.24154664,132.22166526,,,,
R2,367k460,34.24136442,132.22166992,,,,
R2,367k480,34.24118656,132.22166453,,,,
R2,367k500,34.24100294,132.22164274,,,,
R2,367k520,34.24082442,132.22160449,,,,
R2,367k540,34.24064572,132.22155349,,,,
R2,367k560,34.24047351,132.22148619,,,,
R2,367k580,34.24030342,132.22140612,,,,
R2,367k600,34.24014590,132.22133490,,,,
R2,367k620,34.23998433,132.22125469,,,,
R2,367k640,34.23981766,132.22117015,,,,
R2,367k660,34.23965340,132.22109203,,,,
R2,367k680,34.23948276,132.22101641,,,,
R2,367k700,34.23931058,132.22094553,,,,
R2,367k720,34.23913838,132.22087788,,,,
R2,367k740,34.23896766,132.22081228,,,,
R2,367k760,34.23879574,132.22074680,,,,
R2,367k780,34.23861928,132.22068077,,,,
R2,367k800,34.23844697,132.22061685,,,,
R2,367k820,34.23827721,132.22055149,,,,
R2,367k840,34.23810549,132.22048575,,,,
R2,367k860,34.23793434,132.22042107,,,,
R2,367k880,34.23776235,132.22035619,,,,
R2,367k920,34.23741912,132.22022815,,,,
R2,367k940,34.23724555,132.22016253,,,,
R2,367k960,34.23707758,132.22009900,,,,
R2,367k980,34.23690823,132.22003518,,,,
R2,368k000,34.23673716,132.21996980,,,,
R2,368k020,34.23656616,132.21990370,,,,
R2,368k040,34.23639293,132.21983980,,,,
R2,368k060,34.23621959,132.21977453,,,,
R2,368k080,34.23604607,132.21971332,,,,
R2,368k100,34.23587181,132.21965876,,,,
R2,368k120,34.23569368,132.21961081,,,,
R2,368k140,34.23551725,132.21956923,,,,
R2,368k160,34.23533865,132.21953938,,,,
R2,368k180,34.23515871,132.21952078,,,,
R2,368k200,34.23497808,132.21950932,,,,
R2,368k220,34.23479742,132.21951345,,,,
R2,368k240,34.23461611,132.21952531,,,,
R2,368k260,34.23443809,132.21954484,,,,
R2,368k280,34.23425505,132.21956521,,,,
R2,368k300,34.23407420,132.21958990,,,,
R2,368k320,34.23390517,132.21962576,,,,
R2,368k340,34.23372781,132.21965917,,,,
R2,368k360,34.23354522,132.21969211,,,,
R2,368k380,34.23336374,132.21971921,,,,
R2,368k400,34.23318112,132.21974405,,,,
R2,368k420,34.23299476,132.21975727,,,,
R2,368k440,34.23281874,132.21976437,,,,
R2,368k460,34.23263869,132.21976784,,,,
R2,368k480,34.23245667,132.21977134,,,,
R2,368k500,34.23227858,132.21977429,,,,
R2,368k520,34.23209844,132.21977897,,,,
R2,368k540,34.23191879,132.21979226,,,,
R2,368k560,34.23173977,132.21981970,,,,
R2,368k580,34.23156152,132.21985747,,,,
R2,368k620,34.23115405,132.21994415,,,,
R2,368k640,34.23100152,132.21997761,,,,
R2,368k660,34.23085364,132.22001828,,,,
R2,368k680,34.23067904,132.22006615,,,,
R2,368k700,34.23050278,132.22011309,,,,
R2,368k720,34.23032776,132.22016026,,,,
R2,368k740,34.23015159,132.22020855,,,,
R2,368k760,34.22997770,132.22025572,,,,
R2,368k780,34.22980223,132.22030254,,,,
R2,368k800,34.22962611,132.22034738,,,,
R2,368k820,34.22944906,132.22039415,,,,
R2,368k840,34.22927438,132.22044025,,,,
R2,368k860,34.22909866,132.22048752,,,,
R2,368k880,34.22892449,132.22053444,,,,
R2,368k900,34.22875095,132.22058110,,,,
R2,368k920,34.22857036,132.22063278,,,,
R2,368k940,34.22839423,132.22068038,,,,
R2,368k960,34.22822013,132.22072834,,,,
R2,368k980,34.22804365,132.22077606,,,,
R2,369k000,34.22786742,132.22082317,,,,
R2,369k020,34.22769300,132.22087087,,,,
R2,369k040,34.22751516,132.22091894,,,,
R2,369k060,34.22734045,132.22096735,,,,
R2,369k080,34.22716290,132.22101501,,,,
R2,369k100,34.22698757,132.22106201,,,,
R2,369k120,34.22681113,132.22110999,,,,
R2,369k140,34.22663585,132.22115802,,,,
R2,369k160,34.22645658,132.22120303,,,,
R2,369k180,34.22628119,132.22124711,,,,
R2,369k200,34.22610548,132.22129084,,,,
R2,369k220,34.22593160,132.22133191,,,,
R2,369k240,34.22575822,132.22137914,,,,
R2,369k260,34.22558340,132.22143953,,,,
R2,369k280,34.22541094,132.22151080,,,,
R2,369k300,34.22524284,132.22159317,,,,
R2,369k320,34.22508279,132.22168503,,,,
R2,369k340,34.22492328,132.22178682,,,,
R2,369k360,34.22476707,132.22189878,,,,
R2,369k380,34.22461747,132.22201831,,,,
R2,369k400,34.22447326,132.22214865,,,,
R2,369k420,34.22433234,132.22228708,,,,
R2,369k440,34.22419484,132.22242860,,,,
R2,369k460,34.22405640,132.22257033,,,,
R2,369k480,34.22392030,132.22271032,,,,
R2,369k500,34.22378118,132.22285028,,,,
R2,369k520,34.22364761,132.22298825,,,,
R2,369k540,34.22351201,132.22312827,,,,
R2,369k560,34.22337518,132.22326944,,,,
R2,369k580,34.22323424,132.22340362,,,,
R2,369k600,34.22308755,132.22352926,,,,
R2,369k620,34.22293737,132.22364585,,,,
R2,369k640,34.22278054,132.22375378,,,,
R2,369k660,34.22261926,132.22385232,,,,
R2,369k680,34.22245409,132.22394266,,,,
R2,369k700,34.22228578,132.22402127,,,,
R2,369k720,34.22211535,132.22408858,,,,
R2,369k740,34.22194072,132.22414480,,,,
R2,369k760,34.22176267,132.22419155,,,,
R2,369k780,34.22158492,132.22423874,,,,
R2,369k800,34.22141464,132.22429044,,,,
R2,369k820,34.22123640,132.22433792,,,,
R2,369k840,34.22106215,132.22438417,,,,
R2,369k860,34.22088687,132.22443136,,,,
R2,369k880,34.22070994,132.22447827,,,,
R2,369k900,34.22053382,132.22452623,,,,
R2,369k920,34.22035799,132.22457343,,,,
R2,369k940,34.22018209,132.22462097,,,,
R2,369k960,34.22000601,132.22466858,,,,
R2,369k980,34.21982992,132.22471647,,,,
R2,370k000,34.21965321,132.22476470,,,,
R2,370k020,34.21947717,132.22481188,,,,
R2,370k040,34.21930184,132.22485931,,,,
R2,370k060,34.21912571,132.22490554,,,,
R2,370k080,34.21895036,132.22495247,,,,
R2,370k100,34.21877421,132.22499988,,,,
R2,370k400,34.21613593,132.22571354,,,,
R2,370k420,34.21596068,132.22575932,,,,
R2,370k440,34.21578456,132.22580674,,,,
R2,370k460,34.21560888,132.22585396,,,,
R2,370k480,34.21543224,132.22590080,,,,
R2,370k500,34.21525730,132.22594807,,,,
R2,370k520,34.21508091,132.22599581,,,,
R2,370k540,34.21490542,132.22604330,,,,
R2,370k560,34.21473049,132.22609016,,,,
R2,370k580,34.21455402,132.22613763,,,,
R2,370k600,34.21437691,132.22618491,,,,
R2,370k620,34.21420110,132.22623222,,,,
R2,370k640,34.21402518,132.22627838,,,,
R2,370k660,34.21384871,132.22632642,,,,
R2,370k680,34.21367291,132.22637405,,,,
R2,370k700,34.21349363,132.22642054,,,,
R2,370k720,34.21332177,132.22647016,,,,
R2,370k740,34.21314539,132.22651756,,,,
R2,370k760,34.21296888,132.22656356,,,,
R2,370k780,34.21279340,132.22661130,,,,
R2,370k800,34.21261771,132.22665796,,,,
R2,370k820,34.21244024,132.22670497,,,,
R2,370k840,34.21226450,132.22675237,,,,
R2,370k860,34.21208933,132.22679834,,,,
R2,370k880,34.21191201,132.22684566,,,,
R2,370k900,34.21173648,132.22689339,,,,
R2,370k920,34.21156042,132.22694077,,,,
R2,370k940,34.21138469,132.22698921,,,,
R2,370k960,34.21120811,132.22703728,,,,
R2,370k980,34.21103223,132.22708638,,,,
R2,371k020,34.21069788,132.22717634,,,,
R2,371k040,34.21052286,132.22722607,,,,
R2,371k060,34.21034864,132.22727489,,,,
R2,371k080,34.21017172,132.22732478,,,,
R2,371k100,34.20999495,132.22737288,,,,
R2,371k120,34.20982000,132.22742316,,,,
R2,371k140,34.20964475,132.22747481,,,,
R2,371k160,34.20946976,132.22752737,,,,
R2,371k180,34.20929548,132.22758021,,,,
R2,371k200,34.20912449,132.22763227,,,,
R2東広島BP,0k200,34.36953275,132.52906174,,,,
R2東広島BP,0k220,34.36939997,132.52920896,,,,
R2東広島BP,0k240,34.36926137,132.52934798,,,,
R2東広島BP,0k260,34.36911828,132.52948023,,,,
R2東広島BP,0k280,34.36897422,132.52961096,,,,
R2東広島BP,0k300,34.36883016,132.52974170,,,,
R2東広島BP,0k320,34.36868623,132.52987263,,,,
R2東広島BP,0k340,34.36854227,132.53000371,,,,
R2東広島BP,0k360,34.36839839,132.53013472,,,,
R2東広島BP,0k380,34.36825493,132.53026636,,,,
R2東広島BP,0k400,34.36811193,132.53039888,,,,
R2東広島BP,0k420,34.36796999,132.53053302,,,,
R2東広島BP,0k440,34.36782943,132.53066923,,,,
R2東広島BP,0k460,34.36769066,132.53080798,,,,
R2東広島BP,0k480,34.36755314,132.53094862,,,,
R2東広島BP,0k500,34.36741831,132.53109297,,,,
R2東広島BP,0k520,34.36728618,132.53124093,,,,
R2東広島BP,0k540,34.36715718,132.53139282,,,,
R2東広島BP,0k560,34.36703210,132.53154962,,,,
R2東広島BP,0k580,34.36690994,132.53170938,,,,
R2東広島BP,0k600,34.36679152,132.53187326,,,,
R2東広島BP,0k620,34.36667625,132.53204049,,,,
R2東広島BP,0k640,34.36656446,132.53221113,,,,
R2東広島BP,0k660,34.36645694,132.53238565,,,,
R2東広島BP,0k680,34.36635518,132.53256515,,,,
R2東広島BP,0k700,34.36625850,132.53274862,,,,
R2東広島BP,0k760,34.36601303,132.53332925,,,,
R2東広島BP,0k780,34.36594785,132.53353205,,,,
R2東広島BP,0k800,34.36589123,132.53373846,,,,
R2東広島BP,0k820,34.36584249,132.53394769,,,,
R2東広島BP,0k960,34.36556103,132.53542983,,,,
R2東広島BP,309k760,34.43582168,132.65374197,,,,
R2東広島BP,309k800,34.43551267,132.65351094,,,,
R2東広島BP,309k820,34.43537278,132.65337391,,,,
R2東広島BP,309k840,34.43523310,132.65323621,,,,
R2東広島BP,309k860,34.43509429,132.65309728,,,,
R2東広島BP,309k880,34.43495647,132.65295694,,,,
R2東広島BP,309k900,34.43482000,132.65281467,,,,
R2東広島BP,310k200,34.43309766,132.65032032,,,,
R2東広島BP,310k420,34.43239132,132.64810609,,,,
R2東広島BP,310k440,34.43232142,132.64790564,,,,
R2東広島BP,310k460,34.43225167,132.64770500,,,,
R2,371k400,34.20729385,132.22815838,,,,
R2,371k500,34.20644056,132.22850476,,,,
R2,371k520,34.20627783,132.22859258,,,,
R2,371k540,34.20611645,132.22868685,,,,
R2,371k560,34.20595567,132.22878828,,,,
R2,371k580,34.20579444,132.2288882,,,,
R2,371k700,34.20487524,132.22946506,,,,
R2,371k720,34.20471495,132.22956514,,,,
R2,371k740,34.20455395,132.22966464,,,,
R2,371k800,34.20405482,132.22997747,,,,
R2,371k820,34.20389671,132.23007712,,,,
R2,371k840,34.20373652,132.23017732,,,,
R2,371k860,34.20357635,132.23027752,,,,
R2,371k880,34.20341245,132.23038107,,,,
R2,372k000,34.20249787,132.2309535,,,,
R2,372k040,34.20217135,132.23115151,,,,
R2,372k080,34.20184285,132.2313208,,,,
R2,372k100,34.20165672,132.23140069,,,,
R2,372k180,34.20096433,132.23163605,,,,
R2,372k220,34.20057651,132.23171363,,,,
R2,372k240,34.20039872,132.23174574,,,,
R2,372k260,34.20022253,132.23177713,,,,
R2,372k280,34.20004549,132.23180856,,,,
R2,372k300,34.1998679,132.23184022,,,,
R2,372k340,34.1995145,132.23190221,,,,
R2,372k380,34.19916157,132.2319645,,,,
R2,372k700,34.19630575,132.23154825,,,,
R2,373k000,34.19370002,132.23074599,,,,
R2,373k040,34.19335241,132.23063544,,,,
R2,373k060,34.19317754,132.23058012,,,,
R2,373k080,34.19300376,132.23052512,,,,
R2,373k100,34.19282924,132.23046996,,,,
R2,373k120,34.19265563,132.23041519,,,,
R2,373k180,34.19213488,132.23025111,,,,
R2,373k200,34.19195945,132.23019584,,,,
R2,373k220,34.19178543,132.23014156,,,,
R2,373k240,34.19160939,132.23008662,,,,
R2,373k260,34.19143546,132.23003241,,,,
R2,373k280,34.19126083,132.22997866,,,,
R2,373k300,34.19108746,132.2299255,,,,
R2,373k320,34.19091336,132.22986839,,,,
R2,373k340,34.1907401,132.22981379,,,,
R2,373k360,34.19056541,132.22975866,,,,
R2,373k380,34.19039208,132.22970395,,,,
R2,373k500,34.18932016,132.22958714,,,,
R2,373k520,34.18914195,132.22961442,,,,
R2,373k560,34.18878664,132.22970347,,,,
R2,373k580,34.18861125,132.22975714,,,,
R2,374k000,34.18512607,132.23081914,,,,
R2,374k020,34.18495033,132.23087331,,,,
R2,374k040,34.18477671,132.23092596,,,,
R2,374k060,34.18460172,132.23097217,,,,
R2,374k080,34.18442216,132.23100524,,,,
R2,374k100,34.18424317,132.23102303,,,,
R2,374k120,34.18406146,132.23102609,,,,
R2,374k140,34.18388326,132.23101602,,,,
R2,374k160,34.18370349,132.23100332,,,,
R2,374k180,34.18352457,132.23099007,,,,
R2,374k200,34.18332933,132.23097614,,,,
R2,374k220,34.18314731,132.23096335,,,,
R2,374k240,34.1829674,132.23095049,,,,
R2,374k260,34.182786,132.23093776,,,,
R2,374k280,34.18260437,132.2309249,,,,
R2,374k320,34.18219931,132.23089495,,,,
R2,374k340,34.18201788,132.23088187,,,,
R2,374k360,34.181838,132.23086948,,,,
R2,374k380,34.18165792,132.23085712,,,,
R2,374k500,34.18063781,132.2307868,,,,
R2,374k700,34.17885023,132.23045337,,,,
R2,374k720,34.1786822,132.23037412,,,,
R2,374k740,34.17851503,132.23029532,,,,
R2,374k780,34.17817924,132.23013901,,,,
R2,375k800,34.17406055,132.22086442,,,,
R2,375k820,34.1739528,132.22069415,,,,
R2,375k840,34.17384363,132.2205217,,,,
R2,375k860,34.17373388,132.22034982,,,,
R2,375k880,34.17362425,132.22017664,,,,
R2,375k920,34.17338034,132.21979052,,,,
R2,375k940,34.17327272,132.21961897,,,,
R2,375k960,34.1731631,132.2194458,,,,
R2,375k980,34.17305394,132.21927335,,,,
R2,376k000,34.17294003,132.21909429,,,,
R2,376k300,34.17141615,132.21646118,,,,
R2,376k340,34.17137336,132.21602966,,,,
R2,376k360,34.1713536,132.21581302,,,,
R2,376k380,34.17133634,132.21559851,,,,
R2,376k400,34.17131629,132.21536625,,,,
R2,376k440,34.17127615,132.21493569,,,,
R2,376k460,34.17125789,132.21471879,,,,
R2,376k620,34.17110443,132.212987,,,,
R2,376k640,34.17108681,132.21277189,,,,
R2,376k660,34.17106915,132.21255627,,,,
R2,376k680,34.17105151,132.21234162,,,,
R2,376k700,34.17103353,132.21212182,,,,
R2,376k720,34.17101887,132.21190586,,,,
R2,376k740,34.17100505,132.21168976,,,,
R2,376k760,34.17099118,132.21147424,,,,
R2,376k780,34.17097709,132.21125758,,,,
R2,376k820,34.17094553,132.2107722,,,,
R2,376k840,34.17093089,132.21055653,,,,
R2,376k860,34.17091658,132.21034029,,,,
R2,376k880,34.17090187,132.2101237,,,,
R2,376k900,34.1708872,132.20990774,,,,
R2,377k040,34.17079876,132.20845005,,,,
R2,377k080,34.17077145,132.20801661,,,,
R2,377k100,34.17075692,132.20778952,,,,
R2,377k920,34.16734453,132.20061735,,,,
R2,377k940,34.16719659,132.20049448,,,,
R2,377k960,34.16704796,132.20037098,,,,
R2,377k980,34.16689981,132.20024879,,,,
R2,378k100,34.16601945,132.19953095,,,,
R2,378k120,34.1658746,132.19940721,,,,
R2,378k140,34.16573646,132.19926829,,,,
R2,378k160,34.16560647,132.19911526,,,,
R2,378k180,34.16548635,132.19894998,,,,
R2,378k200,34.1653889,132.19879307,,,,
R2,378k220,34.16529059,132.19861912,,,,
R2,378k320,34.16474567,132.19766062,,,,
R2,378k340,34.16464443,132.19748243,,,,
R2,378k380,34.16447277,132.197106,,,,
R2,378k400,34.16443861,132.19690586,,,,
R2,378k420,34.16444731,132.19669001,,,,
R2,378k440,34.16446334,132.19647338,,,,
R2,378k520,34.16453699,132.19566287,,,,
R2,378k540,34.16456929,132.19544977,,,,
R2,378k620,34.16479483,132.19454118,,,,
R2,378k640,34.16485749,132.19433895,,,,
R2,378k660,34.16492145,132.19413335,,,,
R2,378k680,34.16497694,132.1939551,,,,
R2,379k300,34.16633113,132.18758091,,,,
R2,379k360,34.16666027,132.18706067,,,,
R2,379k500,34.16763656,132.18615298,,,,
R2,379k520,34.16778907,132.18603501,,,,
R2,379k540,34.16794097,132.18591797,,,,
R2,379k560,34.16809224,132.18580049,,,,
R2,379k580,34.16824503,132.18568341,,,,
R2,379k600,34.16841174,132.18555414,,,,
R2,381k500,34.1779139,132.18179007,,,,
R2,381k700,34.1794655,132.18074247,,,,
R2,386k800,34.17098322,132.14049778,,,,
R2,386k820,34.17100234,132.14028447,,,,
R2,386k900,34.17119885,132.13947504,,,,
R2,386k920,34.17131142,132.13930584,,,,
R2,386k940,34.17142437,132.13913641,,,,
R2,386k960,34.17153673,132.13896758,,,,
R2,386k980,34.17164979,132.13879794,,,,
R2,387k000,34.17175884,132.13863417,,,,
R2,387k020,34.17186938,132.13846831,,,,
R2,387k040,34.17198219,132.13829873,,,,
R2,387k060,34.17209476,132.13812953,,,,
R2,387k080,34.17221155,132.13796231,,,,
R2,387k200,34.17295505,132.13702238,,,,
R2,387k220,34.17303593,132.13683508,,,,
R2,387k240,34.17311988,132.13664076,,,,
R2,387k260,34.17320244,132.13644958,,,,
R2,387k280,34.17327907,132.13627223,,,,
R2,388k400,34.17340276,132.1244162,,,,
R2,388k500,34.17317677,132.12336733,,,,
R2,388k600,34.17303671,132.12229611,,,,
R2,388k700,34.17289453,132.12122036,,,,
R2,388k800,34.17292563,132.12014762,,,,
R2,388k900,34.17302425,132.11906952,,,,
R2,389k580,34.17236979,132.11203732,,,,
R2,389k600,34.17222641,132.11191134,,,,
R2,389k620,34.17208041,132.11178416,,,,
R2,389k640,34.17193381,132.11165644,,,,
R2,389k660,34.17178826,132.11152855,,,,
R2,389k680,34.17164047,132.11139973,,,,
R2,389k700,34.17149562,132.11127004,,,,
R2,389k780,34.17115415,132.11050139,,,,
R2,389k800,34.17109852,132.11032724,,,,
R2,390k100,34.16937759,132.10804729,,,,
R2,390k700,34.16444146,132.10539776,,,,
R2,391k300,34.16023651,132.10387407,,,,
R2,392k500,34.15061344,132.10375631,,,,
R2,392k520,34.1504515,132.10363825,,,,
R2,392k540,34.15027761,132.10357995,,,,
R2,392k600,34.14975388,132.10344565,,,,
R2,392k640,34.14938103,132.10343814,,,,
R2,392k660,34.14919966,132.1034401,,,,
R2,392k680,34.14902015,132.10344201,,,,
R2,392k700,34.14884112,132.10344402,,,,
R2,392k740,34.14848055,132.10344789,,,,
R2,392k780,34.14812154,132.10345332,,,,
R2,393k240,34.14457975,132.10258624,,,,
R2,393k280,34.14431194,132.10229941,,,,
R2,393k300,34.1441656,132.10217189,,,,
R2,393k360,34.14371684,132.10184477,,,,
R2,393k380,34.14356249,132.10173459,,,,
R2,393k760,34.14099447,132.0990438,,,,
R2,393k780,34.14085676,132.09890441,,,,
R2,393k800,34.14071856,132.09876623,,,,
R2,393k820,34.14056355,132.09861065,,,,
R2,393k840,34.14042473,132.09847172,,,,
R2,393k860,34.14028655,132.09833372,,,,
R2,393k880,34.14014784,132.09819506,,,,
R2,393k900,34.13998835,132.09803618,,,,
R2,393k920,34.13983616,132.09788392,,,,
R2,393k940,34.13969721,132.09774518,,,,
R2,393k960,34.13955843,132.09760688,,,,
R2,393k980,34.13941939,132.09746789,,,,
R2,394k000,34.13928136,132.09732974,,,,
R2,395k200,34.13047205,132.10069784,,,,
R2,395k220,34.13031352,132.10080372,,,,
R2,395k240,34.13014682,132.10087516,,,,
R2,395k280,34.12980471,132.10101297,,,,
R2,395k300,34.12962856,132.10108393,,,,
R2,395k340,34.12928913,132.10122072,,,,
R2,395k360,34.12911818,132.10128952,,,,
R2,395k380,34.12894716,132.10135847,,,,
R2,395k400,34.12877513,132.10142774,,,,
R2,395k440,34.12843326,132.10156775,,,,
R2,395k460,34.1282653,132.10164722,,,,
R2,395k480,34.12810104,132.10173567,,,,
R2,395k500,34.12794263,132.10183151,,,,
R2,397k900,34.10918242,132.09805287,,,,
R2,397k920,34.10903148,132.09793167,,,,
R2,397k940,34.10886588,132.0978412,,,,
R2,397k960,34.10870224,132.09775254,,,,
R2,397k980,34.10853725,132.09766305,,,,
R2,398k000,34.10836065,132.09756696,,,,
R2,398k160,34.10740374,132.09639792,,,,
R2,398k200,34.10711709,132.09619191,,,,
R2,398k220,34.10699101,132.09603893,,,,
R2,398k240,34.10688981,132.09585968,,,,
R2,398k260,34.10680869,132.09566572,,,,
R2,398k280,34.10672769,132.09547066,,,,
R2,398k300,34.10661131,132.09526613,,,,
R2,398k380,34.105984,132.09481573,,,,
R2,398k400,34.10581226,132.09474681,,,,
R2,398k520,34.104796,132.09465503,,,,
R2,398k620,34.10409123,132.09531356,,,,
R2,398k800,34.10268187,132.0957976,,,,
R2,398k820,34.10252054,132.09569598,,,,
R2,398k840,34.10236979,132.09558106,,,,
R2,398k860,34.10223934,132.09543255,,,,
R2,398k880,34.10212662,132.09526342,,,,
R2,398k900,34.1020208,132.09508757,,,,
R2,399k020,34.1014798,132.09399903,,,,
R2,399k040,34.10140124,132.0938049,,,,
R2,399k060,34.1013229,132.09360929,,,,
R2,399k080,34.10124483,132.09341383,,,,
R2,399k100,34.10116651,132.09321927,,,,
R2,399k120,34.10109122,132.09302276,,,,
R2,399k180,34.1009853,132.09238908,,,,
R2,399k200,34.10097504,132.0921723,,,,
R2,399k220,34.10096556,132.09195738,,,,
R2,399k240,34.10095576,132.09174018,,,,
R2,399k260,34.10094556,132.09152505,,,,
R2,399k300,34.10092498,132.0910893,,,,
R2,399k320,34.10091533,132.09087555,,,,
R2,399k340,34.10090571,132.09066,,,,
R2,399k360,34.10089591,132.09044345,,,,
R2,399k380,34.100886,132.09022622,,,,
R2,399k400,34.10087207,132.09001067,,,,
R2,399k420,34.10083987,132.08979732,,,,
R2,399k440,34.10079564,132.08958738,,,,
R2,399k460,34.10073843,132.08938185,,,,
R2,399k480,34.10066906,132.08918098,,,,
R2,399k500,34.10058779,132.08898681,,,,
R2,399k520,34.10049363,132.08880369,,,,
R2,399k540,34.10038943,132.08862785,,,,
R2,399k560,34.10027344,132.08846342,,,,
R2,399k760,34.09905976,132.08686488,,,,
R2,399k780,34.09897002,132.08667706,,,,
R2,399k800,34.09888549,132.08648798,,,,
R2,399k820,34.09880812,132.08629031,,,,
R2,399k840,34.09873973,132.0860884,,,,
R2,399k860,34.09868157,132.08588633,,,,
R2,399k880,34.09863151,132.08567722,,,,
R2,399k900,34.09859191,132.08547178,,,,
R2,399k920,34.0985606,132.08525859,,,,
R2,399k940,34.09853867,132.08504355,,,,
R2,399k960,34.09851988,132.08482781,,,,
R2,399k980,34.09850103,132.08461126,,,,
R2,400k920,34.09564814,132.07513604,,,,
R2,400k960,34.09549846,132.0747401,,,,
R2,400k980,34.09542292,132.07454251,,,,
R2,401k000,34.09534661,132.07434182,,,,
R2,401k020,34.09527329,132.07414453,,,,
R2,401k040,34.09519839,132.0739486,,,,
R2,401k060,34.09512354,132.07375064,,,,
R2,401k080,34.095048,132.07355305,,,,
R2,401k100,34.09497279,132.0733563,,,,
R2,401k500,34.09352889,132.06940702,,,,
R2,401k520,34.09341186,132.06922974,,,,
R2,401k540,34.09333516,132.06903275,,,,
R2,401k560,34.09325947,132.06883624,,,,
R2,401k580,34.09318278,132.06863926,,,,
R2,401k600,34.09309957,132.06842367,,,,
R2,401k620,34.09302493,132.06822659,,,,
R2,401k640,34.09295031,132.06802849,,,,
R2,401k660,34.09287547,132.06783202,,,,
R2,401k680,34.09280171,132.06763393,,,,
R2,401k700,34.09272895,132.06744191,,,,
R2,401k720,34.09265437,132.06724276,,,,
R2,401k740,34.092579,132.06704711,,,,
R2,401k760,34.0925047,132.06684984,,,,
R2,401k780,34.09242946,132.06665007,,,,
R2,401k800,34.09235833,132.06645009,,,,
R2,401k820,34.0922931,132.06624799,,,,
R2,401k840,34.0922335,132.06604347,,,,
R2,401k860,34.09217868,132.06583669,,,,
R2,401k880,34.0921301,132.06562671,,,,
R2,401k900,34.09208282,132.06539358,,,,
R2,401k920,34.09204809,132.06518464,,,,
R2,401k940,34.09201775,132.06497126,,,,
R2,401k960,34.09199383,132.06475562,,,,
R2,401k980,34.09197598,132.06453946,,,,
R2,402k000,34.09196355,132.06432423,,,,
R2,402k020,34.09195623,132.06410903,,,,
R2,402k040,34.09194831,132.06389425,,,,
R2,402k060,34.0919406,132.0636795,,,,
R2,402k080,34.09193281,132.06346487,,,,
R2,402k100,34.09189631,132.06327543,,,,
R2,402k120,34.09191938,132.06305761,,,,
R2,402k140,34.0919128,132.0628411,,,,
R2,402k160,34.09190562,132.06262398,,,,
R2,402k180,34.09189783,132.06240626,,,,
R2,402k200,34.09189051,132.0621919,,,,
R2,402k220,34.09188305,132.06197366,,,,
R2,402k240,34.0918754,132.06175673,,,,
R2,402k260,34.09186799,132.06153864,,,,
R2,402k280,34.0918607,132.06132125,,,,
R2,402k300,34.09185345,132.06110258,,,,
R2,402k340,34.09183912,132.0606851,,,,
R2,402k360,34.09183145,132.06046709,,,,
R2,402k380,34.09182375,132.06024873,,,,
R2,402k420,34.09180753,132.05976519,,,,
R2,402k500,34.09177973,132.05890094,,,,
R2,402k560,34.09175986,132.0582545,,,,
R2,402k580,34.09176042,132.05803827,,,,
R2,402k620,34.09178004,132.05764475,,,,
R2,402k640,34.09180066,132.05743028,,,,
R2,402k660,34.09182795,132.05721729,,,,
R2,402k680,34.09186191,132.05700439,,,,
R2,402k700,34.09190229,132.05679412,,,,
R2,403k340,34.09259413,132.05011617,,,,
R2,403k360,34.09257064,132.04990012,,,,
R2,403k380,34.09254753,132.04968401,,,,
R2,403k400,34.09252422,132.04946606,,,,
R2,403k520,34.09238637,132.04819078,,,,
R2,403k540,34.09236315,132.04797376,,,,
R2,403k560,34.09233917,132.04775685,,,,
R2,403k580,34.09231575,132.04753798,,,,
R2,403k700,34.0921848,132.04615808,,,,
R2,403k760,34.09212079,132.04550706,,,,
R2,403k780,34.09209992,132.04529753,,,,
R2,403k800,34.09207856,132.04507884,,,,
R2,403k820,34.09205658,132.044862,,,,
R2,403k840,34.09203444,132.04464717,,,,
R2,403k860,34.09201219,132.04443137,,,,
R2,403k880,34.09199004,132.04421649,,,,
R2,404k100,34.09175957,132.04184975,,,,
R2,404k120,34.09173857,132.04163342,,,,
R2,404k140,34.09171755,132.04141772,,,,
R2,404k160,34.09169697,132.0412056,,,,
R2,404k180,34.09167649,132.04099473,,,,
R2,404k200,34.09165553,132.04077949,,,,
R2,404k560,34.09127597,132.03692951,,,,
R2,404k600,34.0912403,132.03649857,,,,
R2,404k700,34.09115714,132.03542264,,,,
R2,404k800,34.09104126,132.03433206,,,,
R2,405k000,34.09080617,132.03217798,,,,
R2,409k300,34.07885888,131.99278417,,,,
R2,409k340,34.0785633,131.99253438,,,,
R2,409k420,34.07788635,131.99208169,,,,
R2,409k440,34.07771902,131.99200228,,,,
R2,409k460,34.07754833,131.99193288,,,,
R2,409k480,34.07737625,131.99186753,,,,
R2,409k500,34.07718633,131.99179823,,,,
R2,409k520,34.07701467,131.99173354,,,,
R2,409k540,34.07684314,131.99166646,,,,
R2,409k560,34.07667266,131.99159447,,,,
R2,409k580,34.07650407,131.99151867,,,,
R2,409k700,34.07565183,131.99100164,,,,
R2,409k720,34.07550144,131.9908827,,,,
R2,409k740,34.07535335,131.99075923,,,,
R2,409k760,34.07520769,131.99063136,,,,
R2,409k780,34.07506335,131.99050154,,,,
R2,409k800,34.07492652,131.99037689,,,,
R2,409k820,34.07478381,131.99024536,,,,
R2,409k840,34.07464205,131.99011153,,,,
R2,409k860,34.07450129,131.98997603,,,,
R2,409k880,34.07436167,131.98983867,,,,
R2,409k900,34.07422284,131.98970003,,,,
R2,409k920,34.07409158,131.98956834,,,,
R2,409k940,34.0739553,131.98942521,,,,
R2,409k960,34.07382034,131.98928107,,,,
R2,409k980,34.07368591,131.98913495,,,,
R2,410k100,34.07294552,131.9882717,,,,
R2,410k120,34.07281988,131.98811539,,,,
R2,410k140,34.07269516,131.98795662,,,,
R2,410k160,34.07257191,131.98779736,,,,
R2,410k180,34.07246194,131.98765261,,,,
R2,410k200,34.07232927,131.9874737,,,,
R2,410k240,34.0720997,131.98713817,,,,
R2,410k280,34.07188462,131.98679027,,,,
R2,410k300,34.07178269,131.98661193,,,,
R2,410k320,34.07168415,131.98642973,,,,
R2,410k340,34.07158466,131.98624959,,,,
R2,410k360,34.07148206,131.98607174,,,,
R2,410k380,34.07137602,131.98589589,,,,
R2,410k400,34.07126783,131.98572377,,,,
R2,410k420,34.07115645,131.98555372,,,,
R2,410k440,34.07104244,131.98538643,,,,
R2,410k460,34.07092565,131.98522118,,,,
R2,410k480,34.0708091,131.98505549,,,,
R2,410k500,34.07069289,131.9848874,,,,
R2,410k520,34.07057956,131.98472189,,,,
R2,410k540,34.07046619,131.9845533,,,,
R2,410k560,34.07035328,131.98438397,,,,
R2,410k580,34.07024051,131.98421452,,,,
R2,410k600,34.07012879,131.98404433,,,,
R2,410k620,34.07001897,131.98387424,,,,
R2,410k640,34.06990944,131.98370226,,,,
R2,410k720,34.06945074,131.98297751,,,,
R2,410k740,34.06934246,131.98280376,,,,
R2,410k760,34.06923359,131.98263056,,,,
R2,410k780,34.06913651,131.98247612,,,,
R2,410k820,34.06902802,131.98229854,,,,
R2,410k840,34.06892822,131.98211956,,,,
R2,410k860,34.0688364,131.98193517,,,,
R2,410k880,34.06875161,131.98174662,,,,
R2,411k000,34.06837965,131.98052495,,,,
R2,411k020,34.06832536,131.98031842,,,,
R2,411k040,34.06827103,131.98011137,,,,
R2,411k060,34.06821648,131.97990419,,,,
R2,411k100,34.06810285,131.97949161,,,,
R2,411k120,34.06803949,131.97928774,,,,
R2,411k140,34.0679654,131.97908961,,,,
R2,411k160,34.06788438,131.97889539,,,,
R2,411k180,34.06779495,131.97870734,,,,
R2,411k200,34.06768533,131.97850768,,,,
R2,411k220,34.06757778,131.97833174,,,,
R2,411k240,34.06746511,131.97816277,,,,
R2,411k280,34.06723623,131.97782618,,,,
R2,411k300,34.06711515,131.97764826,,,,
R2,411k320,34.06700118,131.97747848,,,,
R2,411k340,34.06688764,131.97731006,,,,
R2,411k360,34.06677386,131.97714129,,,,
R2,411k380,34.06665994,131.97697265,,,,
R2,411k500,34.06599553,131.97600084,,,,
R2,411k520,34.06588158,131.9758331,,,,
R2,411k600,34.06541927,131.97515047,,,,
R2,411k640,34.06517907,131.97482336,,,,
R2,411k660,34.06505016,131.97467217,,,,
R2,411k680,34.06491338,131.97453088,,,,
R2,411k780,34.06409169,131.97408597,,,,
R2,411k800,34.06389266,131.97405343,,,,
R2,411k840,34.06353206,131.9740374,,,,
R2,411k860,34.0633514,131.97403218,,,,
R2,411k900,34.06298748,131.97401504,,,,
R2,411k940,34.06263247,131.97393465,,,,
R2,412k040,34.06174749,131.9737151,,,,
R2,412k060,34.06157166,131.97367219,,,,
R2,412k080,34.0613943,131.97362917,,,,
R2,412k100,34.06121491,131.97358535,,,,
R2,412k120,34.06103718,131.97354216,,,,
R2,412k140,34.06085794,131.97349867,,,,
R2,412k180,34.06050638,131.97341342,,,,
R2,412k200,34.06033764,131.97337243,,,,
R2,412k220,34.06016518,131.97333029,,,,
R2,412k240,34.059989,131.97328713,,,,
R2,412k260,34.05981001,131.97324337,,,,
R2,412k280,34.05963195,131.97319977,,,,
R2,412k300,34.05945071,131.97315549,,,,
R2,412k360,34.05892649,131.97302446,,,,
R2,412k380,34.05874762,131.97298258,,,,
R2,412k400,34.05854577,131.97294956,,,,
R2,412k420,34.05836588,131.97293554,,,,
R2,412k440,34.05818562,131.9729357,,,,
R2,412k460,34.05800545,131.9729502,,,,
R2,412k500,34.0576442,131.97301383,,,,
R2,412k520,34.05746658,131.97304789,,,,
R2,412k900,34.05491864,131.97101657,,,,
R2,412k940,34.05482604,131.97059785,,,,
R2,412k960,34.05478523,131.97038692,,,,
R2,412k980,34.05474718,131.97017506,,,,
R2,413k000,34.05471238,131.96995938,,,,
R2,413k020,34.05468044,131.96974558,,,,
R2,413k040,34.05464865,131.96953267,,,,
R2,413k060,34.05461634,131.96932011,,,,
R2,413k080,34.05458436,131.96910726,,,,
R2,413k100,34.0545523,131.96889395,,,,
R2,413k120,34.0545204,131.96868035,,,,
R2,413k140,34.05448953,131.96846722,,,,
R2,413k160,34.05446078,131.96825381,,,,
R2,413k180,34.05443385,131.96803972,,,,
R2,413k200,34.05440778,131.96782611,,,,
R2,413k400,34.05360082,131.96601199,,,,
R2,413k420,34.05347277,131.96586083,,,,
R2,413k440,34.05334369,131.96570767,,,,
R2,413k460,34.05321503,131.96555476,,,,
R2,413k480,34.0530882,131.96540532,,,,
R2,413k540,34.05267193,131.96491116,,,,
R2,413k560,34.0525437,131.96475874,,,,
R2,413k580,34.05241554,131.9646062,,,,
R2,413k600,34.05229251,131.96446012,,,,
R2,413k620,34.05216322,131.9643063,,,,
R2,413k680,34.0517531,131.96388818,,,,
R2,413k700,34.05159659,131.96378089,,,,
R2,413k740,34.05126067,131.96362568,,,,
R2,413k760,34.05108545,131.96357255,,,,
R2,413k780,34.05091018,131.96352132,,,,
R2,413k800,34.05071157,131.96346273,,,,
R2,413k820,34.05053669,131.96341117,,,,
R2,413k880,34.05002183,131.96321583,,,,
R2,413k920,34.04974467,131.96302194,,,,
R2,413k940,34.0496031,131.96288887,,,,
R2,413k960,34.04947287,131.96273851,,,,
R2,413k980,34.04935599,131.9625736,,,,
R2,414k120,34.0485896,131.96137815,,,,
R2,414k140,34.04846476,131.96122168,,,,
R2,414k160,34.04833452,131.96106884,,,,
R2,414k180,34.0482054,131.96091791,,,,
R2,414k200,34.04807381,131.9607645,,,,
R2,414k320,34.04731698,131.95975516,,,,
R2,414k340,34.04721352,131.95957661,,,,
R2,414k360,34.0471113,131.95939818,,,,
R2,414k380,34.04700796,131.95921972,,,,
R2,414k400,34.04690666,131.95904392,,,,
R2,414k420,34.04679974,131.95886197,,,,
R2,414k440,34.04669636,131.95868402,,,,
R2,414k460,34.04659253,131.95850649,,,,
R2,414k480,34.0464891,131.95832907,,,,
R2,414k500,34.04638473,131.95815034,,,,
R2,414k600,34.04578013,131.95736262,,,,
R2,414k620,34.04563407,131.957235,,,,
R2,414k660,34.04533214,131.95699629,,,,
R2,414k680,34.04518172,131.95687762,,,,
R2,415k800,34.03822515,131.94891003,,,,
R2,415k820,34.03811064,131.94874272,,,,
R2,415k840,34.03800464,131.94857017,,,,
R2,415k880,34.03779648,131.94821698,,,,
R2,415k900,34.03769341,131.94804128,,,,
R2,415k940,34.0374398,131.94761678,,,,
R2,415k960,34.03733553,131.94744032,,,,
R2,415k980,34.03723127,131.94726387,,,,
R2,416k000,34.03713686,131.94710263,,,,
R2,416k020,34.03703391,131.94692843,,,,
R2,416k060,34.0368262,131.94657371,,,,
R2,416k080,34.03672256,131.94639674,,,,
R2,416k100,34.03661911,131.94621848,,,,
R2,416k120,34.03651591,131.94604225,,,,
R2,416k160,34.03630819,131.94568755,,,,
R2,416k180,34.03620456,131.94551057,,,,
R2,416k200,34.03610091,131.9453336,,,,
R2,416k220,34.03599693,131.9451571,,,,
R2,416k240,34.03589367,131.94498069,,,,
R2,416k260,34.03578885,131.94480288,,,,
R2,416k280,34.03568568,131.94462535,,,,
R2,416k300,34.03558075,131.9444481,,,,
R2,416k320,34.03547677,131.94427016,,,,
R2,416k340,34.03537293,131.94409316,,,,
R2,416k360,34.03526952,131.9439154,,,,
R2,416k380,34.035175,131.94373364,,,,
R2,416k440,34.03496736,131.94313526,,,,
R2,416k460,34.03492485,131.94292486,,,,
R2,416k480,34.03489681,131.94270957,,,,
R2,417k200,34.03232221,131.93604924,,,,
R2,417k220,34.03222516,131.93586512,,,,
R2,417k240,34.03213029,131.9356799,,,,
R2,417k320,34.03175987,131.93488208,,,,
R2,417k340,34.03167083,131.93469485,,,,
R2,417k360,34.03158301,131.93450763,,,,
R2,417k380,34.03149989,131.93431561,,,,
R2,417k400,34.03142289,131.93411796,,,,
R2,417k420,34.03134997,131.93391996,,,,
R2,417k440,34.03128519,131.93371702,,,,
R2,417k480,34.03118043,131.93330175,,,,
R2,417k500,34.03114257,131.93309022,,,,
R2,417k520,34.03111502,131.93287608,,,,
R2,417k540,34.03109733,131.93266065,,,,
R2,417k560,34.03108953,131.93244392,,,,
R2,417k600,34.03110395,131.93201451,,,,
R2,417k620,34.03112687,131.93179987,,,,
R2,417k660,34.03119122,131.93137365,,,,
R2,418k000,34.03200225,131.92781366,,,,
R2,418k020,34.03202937,131.92761639,,,,
R2,418k040,34.03205122,131.92740221,,,,
R2,418k060,34.03206695,131.92718586,,,,
R2,418k080,34.03207438,131.92696888,,,,
R2,418k100,34.03207561,131.92675198,,,,
R2,418k140,34.03205519,131.92632008,,,,
R2,418k160,34.03203581,131.92610461,,,,
R2,418k180,34.03201184,131.92588991,,,,
R2,418k200,34.0319825,131.92567643,,,,
R2,418k240,34.03191878,131.92525023,,,,
R2,418k260,34.03188476,131.92503684,,,,
R2,418k280,34.0318509,131.92482442,,,,
R2,418k300,34.03181762,131.92461341,,,,
R2,418k320,34.03178284,131.92439869,,,,
R2,418k340,34.03174907,131.92418518,,,,
R2,418k360,34.03171558,131.92397324,,,,
R2,418k380,34.03168201,131.92375968,,,,
R2,418k400,34.03164841,131.92354683,,,,
R2,418k420,34.03161518,131.92333413,,,,
R2,418k440,34.03158182,131.92312053,,,,
R2,418k460,34.03154893,131.92290869,,,,
R2,418k480,34.03151557,131.92269509,,,,
R2,418k500,34.03148257,131.92248257,,,,
R2,418k520,34.03144897,131.92226972,,,,
R2,418k540,34.03141535,131.92205594,,,,
R2,418k560,34.03138185,131.92184401,,,,
R2,418k580,34.03134841,131.92163135,,,,
R2,418k600,34.03131094,131.92142047,,,,
R2,418k620,34.03127724,131.92120744,,,,
R2,418k640,34.03124336,131.92099444,,,,
R2,418k660,34.03120984,131.92078253,,,,
R2,418k680,34.03117608,131.92056904,,,,
R2,418k700,34.03114244,131.92035645,,,,
R2,418k720,34.03110901,131.92014381,,,,
R2,418k740,34.03107543,131.91993028,,,,
R2,418k760,34.03104213,131.91971856,,,,
R2,418k780,34.03100868,131.91950582,,,,
R2,418k800,34.03097512,131.91929239,,,,
R2,418k820,34.03094171,131.91907999,,,,
R2,418k840,34.03090828,131.9188662,,,,
R2,418k860,34.03087498,131.91865446,,,,
R2,418k880,34.03084173,131.9184418,,,,
R2,418k900,34.03080702,131.91822852,,,,
R2,418k920,34.03077415,131.91801637,,,,
R2,418k940,34.03074023,131.9178033,,,,
R2,418k980,34.03067282,131.91737827,,,,
R2,419k000,34.03063902,131.91716553,,,,
R2,419k020,34.03060812,131.9169518,,,,
R2,419k040,34.03058001,131.91673764,,,,
R2,419k060,34.03055627,131.91652289,,,,
R2,419k080,34.03053689,131.91630767,,,,
R2,419k100,34.03052301,131.91609168,,,,
R2,419k120,34.0305142,131.91587553,,,,
R2,419k140,34.03051062,131.91565888,,,,
R2,419k160,34.03051226,131.91544276,,,,
R2,419k180,34.03051899,131.91522597,,,,
R2,419k200,34.03053032,131.91501034,,,,
R2,419k220,34.03054829,131.91480354,,,,
R2,419k240,34.03056971,131.91458818,,,,
R2,419k280,34.03062885,131.91416053,,,,
R2,419k300,34.03066535,131.91394887,,,,
R2,419k320,34.03070693,131.91373781,,,,
R2,419k340,34.03075431,131.91352873,,,,
R2,419k380,34.03086344,131.91311547,,,,
R2,419k400,34.03092538,131.91291292,,,,
R2,419k420,34.03099214,131.91271126,,,,
R2,419k440,34.03106354,131.91251229,,,,
R2,419k480,34.0312185,131.9121209,,,,
R2,419k500,34.0313011,131.91191989,,,,
R2,419k520,34.03138431,131.91172748,,,,
R2,419k540,34.03146718,131.9115353,,,,
R2,419k560,34.03155068,131.91134277,,,,
R2,419k580,34.03163208,131.91114915,,,,
R2,419k600,34.03171026,131.91095476,,,,
R2,419k620,34.03178465,131.91075718,,,,
R2,419k640,34.03185312,131.91055701,,,,
R2,419k660,34.0319149,131.91035287,,,,
R2,419k680,34.03196999,131.91014742,,,,
R2,419k700,34.03201852,131.90993864,,,,
R2,419k720,34.0320593,131.90972766,,,,
R2,419k740,34.03209301,131.90951605,,,,
R2,419k760,34.0321198,131.90930086,,,,
R2,419k780,34.03214036,131.90908575,,,,
R2,419k800,34.03214851,131.90885884,,,,
R2,419k820,34.03215427,131.90864215,,,,
R2,419k840,34.03215269,131.90842535,,,,
R2,419k860,34.03214455,131.90820906,,,,
R2,419k880,34.03213135,131.90799291,,,,
R2,419k900,34.03211349,131.90777745,,,,
R2,419k920,34.03209428,131.90756174,,,,
R2,419k940,34.03207412,131.9073465,,,,
R2,419k960,34.03205393,131.90713121,,,,
R2,419k980,34.03203404,131.906916,,,,
R2,420k000,34.03201408,131.90670075,,,,
R2,420k020,34.03199409,131.9064858,,,,
R2,420k040,34.03197415,131.90627037,,,,
R2,420k060,34.03195416,131.90605508,,,,
R2,420k080,34.03193422,131.90583963,,,,
R2,420k100,34.03191541,131.90563688,,,,
R2,420k120,34.03189485,131.90542172,,,,
R2,420k140,34.03187367,131.90520659,,,,
R2,420k160,34.03185258,131.90499156,,,,
R2,420k180,34.03183168,131.90477642,,,,
R2,420k200,34.03181094,131.90456143,,,,
R2,420k220,34.03179084,131.90434609,,,,
R2,420k240,34.03177337,131.90413048,,,,
R2,420k260,34.03175838,131.90391465,,,,
R2,420k280,34.03174728,131.90369847,,,,
R2,420k300,34.03174,131.90348225,,,,
R2,420k320,34.03173616,131.90326556,,,,
R2,420k340,34.03173575,131.90304898,,,,
R2,420k360,34.03173877,131.90283239,,,,
R2,420k380,34.03174571,131.902616,,,,
R2,420k400,34.03175629,131.90239977,,,,
R2,420k420,34.0317704,131.90218309,,,,
R2,420k440,34.03178815,131.9019676,,,,
R2,420k460,34.03180968,131.90175274,,,,
R2,420k480,34.03183424,131.90153838,,,,
R2,420k500,34.03186155,131.90132354,,,,
R2,420k520,34.03188961,131.90110883,,,,
R2,420k540,34.03191861,131.90089613,,,,
R2,420k560,34.03194781,131.9006816,,,,
R2,420k580,34.03197614,131.90046786,,,,
R2,420k600,34.03200518,131.90025469,,,,
R2,420k620,34.03202753,131.90005292,,,,
R2,420k640,34.03206342,131.89982701,,,,
R2,420k660,34.03209176,131.89961327,,,,
R2,420k680,34.03212148,131.89939971,,,,
R2,420k700,34.03214686,131.89918358,,,,
R2,420k720,34.0321855,131.89897167,,,,
R2,420k740,34.03223081,131.89876128,,,,
R2,420k760,34.03228438,131.89855531,,,,
R2,420k780,34.03234638,131.89835154,,,,
R2,420k800,34.03241602,131.89815142,,,,
R2,420k820,34.03249499,131.89795714,,,,
R2,420k840,34.03257966,131.89776486,,,,
R2,420k860,34.03266818,131.8975774,,,,
R2,420k880,34.03275898,131.89738991,,,,
R2,420k900,34.03284924,131.8972023,,,,
R2,420k920,34.03294068,131.8970151,,,,
R2,420k940,34.03303174,131.8968279,,,,
R2,420k960,34.03312227,131.89664179,,,,
R2,420k980,34.03321267,131.89645402,,,,
R2,421k000,34.03330325,131.89626637,,,,
R2,421k400,34.03387825,131.8950706,,,,
R2,421k420,34.03396691,131.89488626,,,,
R2,421k460,34.03414701,131.89450999,,,,
R2,421k480,34.03423774,131.89432008,,,,
R2,421k500,34.03432854,131.89413139,,,,
R2,421k520,34.034418,131.89394602,,,,
R2,421k540,34.03450672,131.89375988,,,,
R2,421k560,34.03459304,131.89356815,,,,
R2,421k580,34.03466483,131.89340161,,,,
R2,421k700,34.03507136,131.89206159,,,,
R2,421k780,34.0352043,131.89126658,,,,
R2,421k800,34.03521419,131.89104244,,,,
R2,421k820,34.03522674,131.89082603,,,,
R2,421k840,34.03523423,131.89060844,,,,
R2,421k860,34.03523709,131.89039086,,,,
R2,421k880,34.0352315,131.89020148,,,,
R2,421k900,34.0352332,131.89001031,,,,
R2,421k920,34.03522648,131.88979409,,,,
R2,421k960,34.03520076,131.88938434,,,,
R2,422k020,34.03514954,131.88865803,,,,
R2,422k040,34.03513302,131.8884703,,,,
R2,422k060,34.03511604,131.88827165,,,,
R2,422k080,34.03509629,131.88804185,,,,
R2,422k100,34.03507907,131.8878549,,,,
R2,422k120,34.03506072,131.88763982,,,,
R2,422k140,34.03504194,131.88742432,,,,
R2,422k300,34.03489129,131.88569914,,,,
R2,422k320,34.0348745,131.88548455,,,,
R2,422k340,34.03485773,131.88526989,,,,
R2,422k360,34.03484071,131.88505251,,,,
R2,422k380,34.03482563,131.88483702,,,,
R2,422k400,34.03481113,131.88461989,,,,
R2,422k420,34.03479697,131.88440703,,,,
R2,422k440,34.03478391,131.88419268,,,,
R2,422k480,34.03476037,131.88376171,,,,
R2,422k500,34.03474886,131.88354117,,,,
R2,422k620,34.03471965,131.88230786,,,,
R2,422k640,34.03472813,131.88209507,,,,
R2,422k660,34.03473704,131.88188163,,,,
R2,422k680,34.03474764,131.88166801,,,,
R2,422k820,34.03471404,131.88010423,,,,
R2,422k840,34.03471856,131.87988807,,,,
R2,422k860,34.03472385,131.87967154,,,,
R2,422k880,34.03472818,131.87945497,,,,
R2,422k900,34.03473206,131.87923908,,,,
R2,422k920,34.03473771,131.87901269,,,,
R2,422k940,34.03474212,131.87880542,,,,
R2,422k980,34.03475145,131.87837243,,,,
R2,423k000,34.03475568,131.87818561,,,,
R2,423k020,34.03475788,131.87797171,,,,
R2,423k040,34.03475674,131.87775608,,,,
R2,423k060,34.03475285,131.87753993,,,,
R2,423k080,34.0347436,131.8773242,,,,
R2,423k180,34.03460331,131.87602213,,,,
R2,423k200,34.03455913,131.87581335,,,,
R2,423k220,34.03451689,131.87560354,,,,
R2,423k240,34.03446718,131.87539491,,,,
R2,423k260,34.0344189,131.87518685,,,,
R2,423k280,34.03436327,131.87498076,,,,
R2,423k300,34.03430972,131.8747749,,,,
R2,423k340,34.03420291,131.87436165,,,,
R2,423k360,34.034148,131.87415459,,,,
R2,423k380,34.03409361,131.87394639,,,,
R2,423k400,34.0340387,131.87372917,,,,
R2,423k420,34.03398166,131.87352238,,,,
R2,423k480,34.03381874,131.87290353,,,,
R2,423k500,34.03376426,131.8726989,,,,
R2,423k520,34.03371065,131.87248987,,,,
R2,423k540,34.03365763,131.87228399,,,,
R2,423k560,34.03360445,131.87207648,,,,
R2,423k580,34.03355193,131.87186873,,,,
R2,423k600,34.03349641,131.8716508,,,,
R2,423k620,34.03344717,131.871444,,,,
R2,423k660,34.03334608,131.87103038,,,,
R2,423k680,34.03329531,131.87082053,,,,
R2,423k800,34.03301491,131.86967272,,,,
R2,423k880,34.03279941,131.8688168,,,,
R2,423k900,34.03274851,131.86860905,,,,
R2,423k920,34.03269595,131.86840178,,,,
R2,423k960,34.03259163,131.86798635,,,,
R2,424k420,34.03110192,131.86357174,,,,
R2,424k440,34.03102154,131.86337909,,,,
R2,424k460,34.0309405,131.8631848,,,,
R2,424k480,34.03086014,131.86299011,,,,
R2,424k500,34.03077978,131.86279542,,,,
R2,424k520,34.03070042,131.8626032,,,,
R2,424k560,34.03053902,131.86221423,,,,
R2,424k580,34.030459,131.86202036,,,,
R2,424k800,34.03140158,131.85974671,,,,
R2,424k820,34.03149747,131.85955595,,,,
R2,424k900,34.03185655,131.85883383,,,,
R2,425k000,34.03231917,131.85790042,,,,
R2,425k100,34.03278449,131.856976,,,,
R2,425k160,34.03305517,131.85644228,,,,
R2,425k200,34.03325165,131.85604436,,,,
R2,425k220,34.03334026,131.85586768,,,,
R2,425k240,34.033435,131.85567927,,,,
R2,425k260,34.03352746,131.85549537,,,,
R2,425k280,34.03362051,131.8553103,,,,
R2,425k300,34.03371639,131.85511923,,,,
R2,425k320,34.03380974,131.85493356,,,,
R2,425k340,34.03390319,131.85474771,,,,
R2,425k360,34.03399608,131.85456251,,,,
R2,425k380,34.03408982,131.85437607,,,,
R2,425k400,34.0341801,131.85419647,,,,
R2,425k420,34.03427336,131.85401101,,,,
R2,425k440,34.03436581,131.85382711,,,,
R2,425k460,34.03445919,131.85364094,,,,
R2,425k480,34.03455195,131.85345645,,,,
R2,425k500,34.03464569,131.85326999,,,,
R2,425k520,34.03473886,131.85308249,,,,
R2,425k540,34.03483184,131.85289711,,,,
R2,425k560,34.03492499,131.85271186,,,,
R2,425k580,34.03501855,131.85252582,,,,
R2,425k600,34.03511144,131.85234065,,,,
R2,425k640,34.03529704,131.85197151,,,,
R2,425k660,34.03539002,131.85178614,,,,
R2,425k680,34.03548288,131.85160147,,,,
R2,425k700,34.0355837,131.85140061,,,,
R2,425k740,34.03577003,131.85102958,,,,
R2,425k760,34.03586269,131.8508453,,,,
R2,425k780,34.03595564,131.85066044,,,,
R2,425k800,34.03604874,131.85048392,,,,
R2,425k820,34.03613795,131.850302,,,,
R2,425k840,34.03623017,131.85011417,,,,
R2,425k860,34.03631997,131.84993098,,,,
R2,425k880,34.03641174,131.84974416,,,,
R2,425k900,34.03650122,131.84956159,,,,
R2,425k920,34.0365922,131.84937692,,,,
R2,425k940,34.03668341,131.84919183,,,,
R2,425k960,34.03677348,131.84900737,,,,
R2,425k980,34.03686219,131.84882229,,,,
R2,426k000,34.03695086,131.84863547,,,,
R2,426k020,34.03703857,131.84844826,,,,
R2,426k040,34.0371248,131.84826202,,,,
R2,426k060,34.03721072,131.84807517,,,,
R2,426k080,34.03729737,131.84788711,,,,
R2,426k100,34.03737094,131.8476941,,,,
R2,426k120,34.03746139,131.84750393,,,,
R2,426k220,34.03789582,131.8466352,,,,
R2,426k240,34.03799213,131.8464516,,,,
R2,426k260,34.03809044,131.84626707,,,,
R2,426k320,34.0384132,131.84568554,,,,
R2,426k340,34.03851619,131.84550411,,,,
R2,426k360,34.03861833,131.84532453,,,,
R2,426k380,34.03872104,131.84514351,,,,
R2,426k400,34.03882458,131.8449611,,,,
R2,426k420,34.03891875,131.84478322,,,,
R2,426k440,34.03902238,131.84457898,,,,
R2,426k460,34.03912167,131.8444224,,,,
R2,426k500,34.03931948,131.84407242,,,,
R2,426k560,34.0396269,131.84353315,,,,
R2,426k580,34.03973236,131.84335493,,,,
R2,426k600,34.03983696,131.84317822,,,,
R2,426k620,34.03994199,131.84300076,,,,
R2,426k640,34.04004852,131.84282229,,,,
R2,426k660,34.0401576,131.8426426,,,,
R2,426k680,34.040266,131.84246734,,,,
R2,426k700,34.04037697,131.8422892,,,,
R2,426k720,34.04048725,131.84210669,,,,
R2,426k740,34.04059763,131.841933,,,,
R2,426k760,34.04070782,131.84176306,,,,
R2,426k800,34.04092695,131.84142998,,,,
R2,426k820,34.04103869,131.84126079,,,,
R2,426k840,34.04115201,131.84109166,,,,
R2,426k860,34.04126508,131.84092586,,,,
R2,426k880,34.04138076,131.84076055,,,,
R2,426k900,34.04150586,131.84058665,,,,
R2,426k920,34.04162414,131.84042555,,,,
R2,426k940,34.04174505,131.84026433,,,,
R2,426k960,34.04186629,131.84010544,,,,
R2,426k980,34.04198887,131.83994807,,,,
R2,427k000,34.04212662,131.83977521,,,,
R2,427k300,34.04395866,131.83738772,,,,
R2,427k320,34.04408258,131.8372412,,,,
R2,427k340,34.04420494,131.8370831,,,,
R2,427k360,34.04432876,131.83692303,,,,
R2,427k380,34.04445246,131.83676529,,,,
R2,427k400,34.04457548,131.8366096,,,,
R2,427k420,34.04469759,131.83645044,,,,
R2,427k440,34.04481546,131.83628391,,,,
R2,427k460,34.04494322,131.83613058,,,,
R2,427k480,34.04506543,131.83597093,,,,
R2,427k500,34.04519578,131.83580185,,,,
R2,427k520,34.04531838,131.83564168,,,,
R2,427k540,34.04544168,131.83548196,,,,
R2,427k560,34.04556439,131.83532131,,,,
R2,427k580,34.04571037,131.83514754,,,,
R2,427k720,34.04653013,131.83406073,,,,
R2,427k740,34.04664986,131.83389844,,,,
R2,427k760,34.04676843,131.83373495,,,,
R2,427k780,34.04688692,131.83357015,,,,
R2,427k800,34.04700652,131.83340103,,,,
R2,427k820,34.04712547,131.83323,,,,
R2,427k840,34.04723951,131.83306297,,,,
R2,427k860,34.04735512,131.83289515,,,,
R2,427k880,34.04747081,131.83272864,,,,
R2,427k900,34.04758642,131.83256083,,,,
R2,427k920,34.0477044,131.83239733,,,,
R2,427k940,34.04781884,131.83223127,,,,
R2,427k960,34.04793379,131.83206452,,,,
R2,427k980,34.04804921,131.83189705,,,,
R2,428k000,34.04816249,131.83173281,,,,
R2,428k020,34.04827565,131.83156727,,,,
R2,428k040,34.04839,131.83139994,,,,
R2,428k060,34.04850483,131.83123191,,,,
R2,428k080,34.04861871,131.83106529,,,,
R2,428k100,34.04873287,131.83089897,,,,
R2,428k120,34.04884753,131.83073193,,,,
R2,428k140,34.04896294,131.83056445,,,,
R2,428k160,34.04907742,131.83039842,,,,
R2,428k180,34.04919236,131.83023166,,,,
R2,428k600,34.05154193,131.82677152,,,,
R2,428k640,34.05176238,131.82642715,,,,
R2,428k660,34.05187307,131.82625474,,,,
R2,428k680,34.05198281,131.82608205,,,,
R2,428k740,34.05235384,131.82550365,,,,
R2,428k760,34.05246396,131.82533144,,,,
R2,428k780,34.05257327,131.82515936,,,,
R2,428k800,34.05268379,131.82498651,,,,
R2,428k820,34.0528001,131.82481117,,,,
R2,428k840,34.05289806,131.82464423,,,,
R2,428k860,34.05302144,131.82446809,,,,
R2,428k920,34.05332683,131.82399244,,,,
R2,428k960,34.0535471,131.82364894,,,,
R2,428k980,34.05365748,131.82347612,,,,
R2,429k020,34.05389808,131.82310073,,,,
R2,429k040,34.05400832,131.8229285,,,,
R2,429k060,34.05411824,131.8227564,,,,
R2,429k080,34.05422835,131.82258435,,,,
R2,429k100,34.05433848,131.82241085,,,,
R2,429k120,34.05444809,131.82223958,,,,
R2,429k140,34.05455813,131.82206725,,,,
R2,429k160,34.05466713,131.82189657,,,,
R2,429k180,34.05477704,131.82172471,,,,
R2,429k200,34.05488678,131.82155297,,,,
R2,429k220,34.05499626,131.82138186,,,,
R2,429k260,34.05521615,131.82103823,,,,
R2,429k280,34.05532405,131.82086595,,,,
R2,429k300,34.05542912,131.82069434,,,,
R2,429k320,34.05554767,131.82050802,,,,
R2,429k340,34.05563804,131.82033969,,,,
R2,429k420,34.05600334,131.81968016,,,,
R2,429k440,34.05610281,131.81950075,,,,
R2,429k520,34.05653325,131.81872452,,,,
R2,429k620,34.05707209,131.81775974,,,,
R2,429k640,34.05717435,131.81758147,,,,
R2,429k660,34.05727784,131.81740348,,,,
R2,429k680,34.05738164,131.81722615,,,,
R2,429k720,34.0575737,131.81690629,,,,
R2,429k840,34.05821278,131.81596078,,,,
R2,429k860,34.05833088,131.81580032,,,,
R2,429k880,34.05844914,131.81563821,,,,
R2,429k900,34.05857222,131.81547499,,,,
R2,429k920,34.05869222,131.81531466,,,,
R2,429k940,34.05881355,131.81515389,,,,
R2,429k960,34.05893313,131.81499133,,,,
R2,430k000,34.05920315,131.81463271,,,,
R2,430k100,34.05980728,131.81381162,,,,
R2,430k200,34.06037686,131.81298422,,,,
R2,430k300,34.06086084,131.81205553,,,,
R2,430k320,34.06094366,131.81186272,,,,
R2,430k340,34.06102351,131.81166813,,,,
R2,430k360,34.06110101,131.81147256,,,,
R2,430k380,34.06117784,131.8112743,,,,
R2,430k460,34.06148791,131.81046314,,,,
R2,430k480,34.06156291,131.81026721,,,,
R2,430k500,34.06163859,131.81006964,,,,
R2,430k520,34.06171488,131.80987202,,,,
R2,430k540,34.06179094,131.80967516,,,,
R2,430k560,34.06186678,131.80947868,,,,
R2,430k620,34.06207649,131.80892475,,,,
R2,430k640,34.06215238,131.80872914,,,,
R2,430k660,34.06222817,131.80853272,,,,
R2,430k680,34.06230387,131.8083365,,,,
R2,430k700,34.06238582,131.8081205,,,,
R2,430k720,34.06246238,131.80792425,,,,
R2,430k740,34.06253765,131.80772806,,,,
R2,430k760,34.06261391,131.80753037,,,,
R2,430k780,34.06268936,131.80733428,,,,
R2,430k800,34.06275863,131.80715498,,,,
R2,430k820,34.06283347,131.80695551,,,,
R2,430k840,34.06290653,131.80675962,,,,
R2,430k860,34.06298145,131.80656271,,,,
R2,430k880,34.06305523,131.80636545,,,,
R2,430k900,34.06313125,131.80616285,,,,
R2,430k920,34.06320386,131.80597322,,,,
R2,430k940,34.06328065,131.80574962,,,,
R2,430k960,34.06335516,131.80558069,,,,
R2,430k980,34.06343044,131.80538397,,,,
R2,431k000,34.06350589,131.80518684,,,,
R2,431k020,34.06358083,131.80498994,,,,
R2,431k040,34.06365573,131.80479428,,,,
R2,431k060,34.06373073,131.80459665,,,,
R2,431k080,34.06380611,131.80440024,,,,
R2,431k100,34.06387513,131.80422079,,,,
R2,431k120,34.06394974,131.80402421,,,,
R2,431k140,34.06402446,131.80382845,,,,
R2,431k160,34.06409938,131.80363104,,,,
R2,431k180,34.06417406,131.80343424,,,,
R2,431k200,34.06425415,131.8032225,,,,
R2,431k220,34.06432912,131.80302141,,,,
R2,431k240,34.06440577,131.80282746,,,,
R2,431k260,34.06448454,131.80263451,,,,
R2,431k300,34.06464849,131.80225031,,,,
R2,431k320,34.0647352,131.80206097,,,,
R2,431k340,34.06482512,131.80187436,,,,
R2,431k360,34.06491917,131.80168995,,,,
R2,431k380,34.06501504,131.80150793,,,,
R2,431k400,34.06511844,131.80132023,,,,
R2,431k420,34.06521905,131.80114388,,,,
R2,431k440,34.06532138,131.8009681,,,,
R2,431k460,34.06542573,131.80079065,,,,
R2,431k500,34.06565103,131.8004125,,,,
R2,431k520,34.06575273,131.80024564,,,,
R2,431k540,34.065859,131.80007046,,,,
R2,431k560,34.06596475,131.79989539,,,,
R2,431k580,34.06607022,131.79972037,,,,
R2,431k600,34.06616213,131.79956785,,,,
R2,431k620,34.06626718,131.79938995,,,,
R2,431k640,34.06637136,131.79921356,,,,
R2,431k660,34.06647668,131.7990356,,,,
R2,431k680,34.0665814,131.79885827,,,,
R2,431k800,34.06721165,131.79779117,,,,
R2,431k820,34.06731519,131.79761622,,,,
R2,431k840,34.06741991,131.79744004,,,,
R2,431k860,34.06752471,131.79726532,,,,
R2,431k880,34.0676293,131.79709016,,,,
R2,431k900,34.06773188,131.7969172,,,,
R2,431k920,34.06783681,131.79674148,,,,
R2,431k940,34.06794196,131.79656537,,,,
R2,431k960,34.06805183,131.79638091,,,,
R2,431k980,34.06815206,131.79621271,,,,
R2,432k000,34.06825761,131.79603554,,,,
R2,432k020,34.06836273,131.79585941,,,,
R2,432k040,34.06846836,131.79568217,,,,
R2,432k080,34.06867811,131.7953285,,,,
R2,432k100,34.06878528,131.79515018,,,,
R2,432k120,34.06888697,131.79497015,,,,
R2,432k140,34.06899145,131.79479388,,,,
R2,432k160,34.06909617,131.79461797,,,,
R2,432k180,34.06920193,131.79444109,,,,
R2,432k200,34.06930873,131.79426159,,,,
R2,432k220,34.06941316,131.79408499,,,,
R2,432k240,34.06951701,131.79390778,,,,
R2,432k300,34.06983211,131.79337925,,,,
R2,432k340,34.07004039,131.79302544,,,,
R2,432k440,34.07054833,131.79212769,,,,
R2,432k460,34.07064299,131.79194355,,,,
R2,432k480,34.07072482,131.79178319,,,,
R2,432k500,34.07081655,131.79156067,,,,
R2,432k540,34.07096342,131.79120111,,,,
R2,432k560,34.07103863,131.79096957,,,,
R2,432k580,34.07110062,131.79076744,,,,
R2,432k600,34.07115644,131.79055902,,,,
R2,432k620,34.07120747,131.79035194,,,,
R2,432k640,34.07125283,131.7901436,,,,
R2,432k660,34.07128293,131.78996252,,,,
R2,432k680,34.07132019,131.78975166,,,,
R2,432k700,34.07135871,131.7895127,,,,
R2,432k740,34.07141464,131.78908204,,,,
R2,432k760,34.07143869,131.78886733,,,,
R2,432k780,34.07146238,131.78865394,,,,
R2,432k800,34.07148466,131.78843765,,,,
R2,432k820,34.07150833,131.78822368,,,,
R2,432k840,34.07153175,131.78800897,,,,
R2,432k900,34.07160138,131.78736567,,,,
R2,432k920,34.07162534,131.78715001,,,,
R2,432k940,34.07164889,131.78693393,,,,
R2,432k960,34.07167163,131.78671898,,,,
R2,432k980,34.07169531,131.78650327,,,,
R2,433k000,34.07172031,131.78626321,,,,
R2,433k020,34.0717458,131.78604939,,,,
R2,433k040,34.07176843,131.78583587,,,,
R2,433k060,34.07179198,131.785621,,,,
R2,433k080,34.07181517,131.78540584,,,,
R2,433k100,34.07183603,131.78521415,,,,
R2,433k120,34.07185923,131.784999,,,,
R2,433k160,34.07190638,131.78460086,,,,
R2,433k180,34.07192946,131.78435638,,,,
R2,433k200,34.07195364,131.78414092,,,,
R2,433k220,34.07197716,131.78392627,,,,
R2,433k240,34.07200104,131.78373332,,,,
R2,433k260,34.07202347,131.78349663,,,,
R2,433k280,34.07204767,131.78330605,,,,
R2,433k620,34.07314022,131.7798835,,,,
R2,433k640,34.07325116,131.77971074,,,,
R2,433k660,34.07336584,131.77954436,,,,
R2,433k680,34.07348635,131.7793816,,,,
R2,433k700,34.07361167,131.77922427,,,,
R2,433k720,34.07374082,131.77907257,,,,
R2,433k740,34.07387394,131.77892652,,,,
R2,433k780,34.07415177,131.77865085,,,,
R2,433k800,34.0742901,131.77852699,,,,
R2,433k820,34.07443772,131.77840306,,,,
R2,433k860,34.07474691,131.77817654,,,,
R2,433k880,34.07490378,131.77807146,,,,
R2,433k900,34.07506044,131.77796986,,,,
R2,433k920,34.0752286,131.77787414,,,,
R2,433k960,34.07555312,131.77769139,,,,
R2,434k000,34.07588423,131.77751729,,,,
R2,434k020,34.07605074,131.77743151,,,,
R2,434k060,34.07638085,131.77726288,,,,
R2,434k080,34.07654861,131.77717895,,,,
R2,434k100,34.07671377,131.77709284,,,,
R2,434k120,34.07688046,131.77700697,,,,
R2,434k140,34.07704572,131.77692056,,,,
R2,434k180,34.07737703,131.77675034,,,,
R2,434k200,34.07754787,131.77666954,,,,
R2,434k220,34.07771445,131.77658608,,,,
R2,434k240,34.07788009,131.77650218,,,,
R2,434k260,34.07804698,131.77641672,,,,
R2,434k280,34.07821152,131.77633326,,,,
R2,434k300,34.07837733,131.77624925,,,,
R2,434k320,34.07854269,131.77616474,,,,
R2,434k340,34.07870779,131.77607885,,,,
R2,434k360,34.0788734,131.77599316,,,,
R2,434k380,34.07903561,131.77590286,,,,
R2,434k400,34.0791995,131.77581073,,,,
R2,434k420,34.07935928,131.77570925,,,,
R2,434k440,34.079515,131.77560101,,,,
R2,434k460,34.07966642,131.77548147,,,,
R2,434k480,34.07981171,131.7753533,,,,
R2,434k560,34.08021781,131.77491515,,,,
R2,434k580,34.08033714,131.77475739,,,,
R2,434k600,34.08045667,131.77458032,,,,
R2,434k620,34.08056373,131.77440664,,,,
R2,434k640,34.08066373,131.77422657,,,,
R2,434k660,34.08075701,131.77404036,,,,
R2,434k680,34.08084191,131.77384948,,,,
R2,434k700,34.08091867,131.77365524,,,,
R2,435k100,34.08053791,131.76933915,,,,
R2,435k140,34.08034364,131.76897368,,,,
R2,435k160,34.0802454,131.76879159,,,,
R2,435k180,34.08014751,131.7686106,,,,
R2,435k280,34.07962156,131.76763692,,,,
R2,435k300,34.07953559,131.76747755,,,,
R2,435k320,34.07943678,131.76729482,,,,
R2,435k340,34.07933873,131.76711313,,,,
R2,435k360,34.07924074,131.76693195,,,,
R2,435k420,34.07896884,131.76641115,,,,
R2,435k440,34.07887202,131.76623319,,,,
R2,435k460,34.07877339,131.76605445,,,,
R2,435k500,34.07857441,131.76569217,,,,
R2,435k520,34.078476,131.76551175,,,,
R2,435k540,34.07837785,131.76533346,,,,
R2,435k560,34.07828007,131.76515502,,,,
R2,435k580,34.07818071,131.76497453,,,,
R2,435k600,34.07807919,131.76478721,,,,
R2,435k620,34.07798312,131.76460398,,,,
R2,435k640,34.07789198,131.76442095,,,,
R2,435k660,34.07780307,131.76423532,,,,
R2,435k720,34.07756502,131.76367517,,,,
R2,435k740,34.07748903,131.76347557,,,,
R2,435k760,34.0774187,131.76327219,,,,
R2,435k780,34.07735516,131.76306874,,,,
R2,435k800,34.07729705,131.76286181,,,,
R2,435k820,34.07724508,131.76265201,,,,
R2,435k840,34.07719939,131.76243901,,,,
R2,435k860,34.07715544,131.76224046,,,,
R2,435k880,34.07712141,131.76202708,,,,
R2,435k900,34.07710443,131.76180527,,,,
R2,435k940,34.07705472,131.76136191,,,,
R2,435k960,34.07703814,131.76114458,,,,
R2,435k980,34.07702368,131.76092813,,,,
R2,436k000,34.07701749,131.76072168,,,,
R2,436k300,34.07685896,131.75743581,,,,
R2,436k320,34.07684917,131.75722373,,,,
R2,436k340,34.07683828,131.75700759,,,,
R2,436k360,34.07682757,131.75678936,,,,
R2,436k420,34.07679602,131.75612451,,,,
R2,436k440,34.07678571,131.75590729,,,,
R2,436k460,34.07677501,131.75569186,,,,
R2,436k600,34.07669215,131.75422798,,,,
R2,436k620,34.07666512,131.75401381,,,,
R2,436k640,34.07663017,131.75380149,,,,
R2,436k700,34.076481,131.75318084,,,,
R2,436k720,34.07641338,131.75294784,,,,
R2,436k740,34.0763488,131.75277549,,,,
R2,436k780,34.07618862,131.75238412,,,,
R2,436k800,34.07609961,131.75219694,,,,
R2,436k820,34.07600482,131.75201383,,,,
R2,436k880,34.07568067,131.75149124,,,,
R2,436k920,34.0754644,131.75115087,,,,
R2,437k100,34.074537,131.74954766,,,,
R2,437k120,34.07446567,131.74934695,,,,
R2,437k140,34.07439996,131.74914217,,,,
R2,437k160,34.07434066,131.74893423,,,,
R2,437k180,34.07428868,131.74872422,,,,
R2,437k200,34.07424982,131.74853906,,,,
R2,437k220,34.07421316,131.7483563,,,,
R2,437k240,34.07418091,131.74814256,,,,
R2,437k260,34.07415557,131.74792626,,,,
R2,437k280,34.07413759,131.74771463,,,,
R2,437k340,34.0741196,131.74705871,,,,
R2,437k360,34.07412149,131.74681423,,,,
R2,437k380,34.07412857,131.7466153,,,,
R2,437k400,34.07413155,131.74638555,,,,
R2,437k420,34.07413376,131.74617007,,,,
R2,437k440,34.07413629,131.74595122,,,,
R2,437k460,34.074138,131.74573506,,,,
R2,437k480,34.07413901,131.74551895,,,,
R2,437k500,34.07414061,131.74529088,,,,
R2,437k560,34.07414574,131.74464084,,,,
R2,437k580,34.07414854,131.74442344,,,,
R2,437k600,34.07415108,131.74421329,,,,
R2,437k620,34.07415343,131.74399952,,,,
R2,437k640,34.07415986,131.74378461,,,,
R2,437k680,34.07418253,131.7433525,,,,
R2,437k700,34.0742024,131.74313045,,,,
R2,437k720,34.07422228,131.74292462,,,,
R2,437k740,34.07425311,131.74271166,,,,
R2,437k760,34.07428751,131.74249659,,,,
R2,437k780,34.07432721,131.74228761,,,,
R2,437k800,34.07438011,131.742073,,,,
R2,437k900,34.07461196,131.74102005,,,,
R2,437k960,34.07476235,131.74039356,,,,
R2,437k980,34.0748229,131.74018491,,,,
R2,438k000,34.07489412,131.7399854,,,,
R2,438k040,34.07504042,131.7395871,,,,
R2,438k060,34.07512122,131.73939229,,,,
R2,438k080,34.07520749,131.7392009,,,,
R2,438k100,34.07531699,131.73902803,,,,
R2,438k120,34.07542614,131.73882261,,,,
R2,438k140,34.07552966,131.73864336,,,,
R2,438k160,34.07563872,131.73846523,,,,
R2,438k180,34.07574844,131.73829116,,,,
R2,438k220,34.07594988,131.73797655,,,,
R2,438k240,34.07605583,131.73780121,,,,
R2,438k280,34.07625659,131.73744096,,,,
R2,438k300,34.07634917,131.73725537,,,,
R2,438k420,34.07678343,131.73611911,,,,
R2,438k440,34.0768394,131.73591472,,,,
R2,438k460,34.07688911,131.73570712,,,,
R2,438k520,34.0770102,131.73502627,,,,
R2,438k540,34.07703463,131.73481052,,,,
R2,438k560,34.07705779,131.73459289,,,,
R2,438k580,34.07707286,131.7343773,,,,
R2,438k600,34.07707995,131.73417093,,,,
R2,438k620,34.07708998,131.73395716,,,,
R2,438k640,34.07709978,131.73374006,,,,
R2,438k680,34.07711865,131.73330596,,,,
R2,438k700,34.07712606,131.73306293,,,,
R2,438k740,34.07714613,131.73263362,,,,
R2,438k760,34.07715627,131.73242008,,,,
R2,438k780,34.07716653,131.73220402,,,,
R2,438k800,34.077178,131.73197215,,,,
R2,438k820,34.07718836,131.73175827,,,,
R2,438k840,34.07719865,131.73154393,,,,
R2,438k860,34.07720933,131.73132962,,,,
R2,438k880,34.07721953,131.73111515,,,,
R2,438k900,34.07722939,131.7309193,,,,
R2,438k920,34.07724026,131.73070281,,,,
R2,438k940,34.07725065,131.73048893,,,,
R2,438k960,34.07726083,131.73027493,,,,
R2,438k980,34.07727159,131.730059,,,,
R2,439k000,34.07726935,131.72982925,,,,
R2,439k020,34.07728006,131.72961287,,,,
R2,439k040,34.07729057,131.72939706,,,,
R2,439k060,34.07729985,131.72918114,,,,
R2,439k120,34.0773277,131.72854043,,,,
R2,439k140,34.07733535,131.72832519,,,,
R2,439k200,34.07736695,131.72766613,,,,
R2,439k220,34.07737516,131.72746255,,,,
R2,439k240,34.07739625,131.72723592,,,,
R2,439k260,34.07741061,131.72701901,,,,
R2,439k280,34.07743253,131.72680038,,,,
R2,439k320,34.07748937,131.72636421,,,,
R2,439k340,34.07751378,131.72614894,,,,
R2,439k360,34.07754043,131.7259386,,,,
R2,439k380,34.07756753,131.72573639,,,,
R2,439k400,34.07759805,131.72552778,,,,
R2,439k420,34.07764063,131.72531003,,,,
R2,439k440,34.07767858,131.72509739,,,,
R2,439k460,34.07771873,131.7248877,,,,
R2,439k480,34.07776053,131.72467879,,,,
R2,439k500,34.07780534,131.72446739,,,,
R2,439k520,34.07785242,131.72425721,,,,
R2,439k540,34.07790205,131.72404681,,,,
R2,439k560,34.07795335,131.72383963,,,,
R2,439k580,34.0780078,131.7236302,,,,
R2,439k600,34.07806437,131.72342398,,,,
R2,439k620,34.07812685,131.72321343,,,,
R2,439k640,34.07818819,131.72301203,,,,
R2,439k660,34.07825094,131.72281255,,,,
R2,439k680,34.07831634,131.72261318,,,,
R2,439k700,34.07838033,131.72242132,,,,
R2,439k720,34.07844974,131.72222062,,,,
R2,439k740,34.07851909,131.72202238,,,,
R2,439k760,34.07858993,131.72182403,,,,
R2,439k780,34.07866226,131.7216268,,,,
R2,439k800,34.07873836,131.72142352,,,,
R2,439k820,34.07880965,131.72122626,,,,
R2,439k840,34.07888068,131.721028,,,,
R2,439k860,34.07895077,131.72084946,,,,
R2,439k880,34.07902182,131.72063052,,,,
R2,439k900,34.0790921,131.72043375,,,,
R2,440k800,34.08009266,131.71766389,,,,
R2,440k820,34.08016399,131.71746509,,,,
R2,440k840,34.08023473,131.71726797,,,,
R2,440k860,34.08030764,131.71706697,,,,
R2,440k900,34.0804537,131.71665715,,,,
R2,440k920,34.08052502,131.71645834,,,,
R2,440k940,34.0805972,131.71625947,,,,
R2,440k960,34.08066769,131.71606068,,,,
R2,440k980,34.08073899,131.71586192,,,,
R2,441k000,34.08080293,131.71567729,,,,
R2,441k020,34.08086808,131.71547642,,,,
R2,441k040,34.08092626,131.71527149,,,,
R2,441k060,34.08097715,131.71506305,,,,
R2,441k080,34.08101933,131.7148526,,,,
R2,441k100,34.08105319,131.71463523,,,,
R2,441k120,34.08107782,131.71442675,,,,
R2,441k180,34.08110059,131.7137767,,,,
R2,441k200,34.0810895,131.71354782,,,,
R2,441k220,34.08106836,131.71332386,,,,
R2,441k240,34.08103789,131.71310631,,,,
R2,441k260,34.08100106,131.71290234,,,,
R2,441k280,34.08095616,131.71269881,,,,
R2,441k300,34.08090313,131.71250457,,,,
R2,441k320,34.08083925,131.71229926,,,,
R2,441k340,34.08076755,131.71210473,,,,
R2,441k360,34.08068702,131.71190869,,,,
R2,441k380,34.08059971,131.71172102,,,,
R2,441k400,34.08050448,131.7115259,,,,
R2,441k420,34.08040547,131.71133854,,,,
R2,441k440,34.08030774,131.71116112,,,,
R2,441k460,34.08020769,131.71098112,,,,
R2,441k500,34.08000825,131.71062064,,,,
R2,441k520,34.07990843,131.71043936,,,,
R2,441k540,34.07980903,131.71025887,,,,
R2,441k560,34.07970921,131.71007761,,,,
R2,441k580,34.07961042,131.70989992,,,,
R2,441k600,34.07951079,131.7097207,,,,
R2,441k620,34.07941052,131.70954197,,,,
R2,441k640,34.07931153,131.70936225,,,,
R2,441k660,34.07921066,131.70918073,,,,
R2,441k680,34.07911167,131.709001,,,,
R2,441k700,34.079011,131.70881986,,,,
R2,441k720,34.07890977,131.70863785,,,,
R2,441k740,34.07880916,131.70845838,,,,
R2,441k760,34.07870458,131.70827639,,,,
R2,441k780,34.07860117,131.70810357,,,,
R2,441k800,34.07849492,131.70794487,,,,
R2,441k820,34.07836969,131.70776897,,,,
R2,441k840,34.07825453,131.70762417,,,,
R2,441k860,34.07812358,131.70747631,,,,
R2,441k880,34.07798985,131.7073361,,,,
R2,441k900,34.07783198,131.70719081,,,,
R2,441k920,34.07768372,131.70706756,,,,
R2,441k940,34.07753236,131.70695282,,,,
R2,441k960,34.07737544,131.7068439,,,,
R2,441k980,34.07721923,131.70673758,,,,
R2,442k000,34.07705669,131.70663166,,,,
R2,442k020,34.07689779,131.70652773,,,,
R2,442k040,34.07673954,131.70642427,,,,
R2,442k060,34.07658096,131.70632155,,,,
R2,442k080,34.07642273,131.70621806,,,,
R2,442k100,34.07626548,131.70612775,,,,
R2,442k120,34.07610627,131.70601108,,,,
R2,442k140,34.07595138,131.70590978,,,,
R2,442k160,34.07579315,131.7058063,,,,
R2,442k180,34.07563492,131.70570281,,,,
R2,442k200,34.07547602,131.70559888,,,,
R2,442k220,34.07532011,131.70549795,,,,
R2,442k240,34.07516084,131.70539483,,,,
R2,442k260,34.07500261,131.70529135,,,,
R2,442k280,34.07484401,131.70518866,,,,
R2,442k300,34.07468604,131.70508255,,,,
R2,442k320,34.07452734,131.70497917,,,,
R2,442k340,34.07436864,131.7048753,,,,
R2,442k360,34.07420907,131.70476987,,,,
R2,442k380,34.07405148,131.70466638,,,,
R2,442k400,34.07389252,131.70456414,,,,
R2,442k420,34.07373162,131.70446407,,,,
R2,442k440,34.07357362,131.70436419,,,,
R2,442k460,34.07341128,131.70426761,,,,
R2,442k480,34.07324919,131.70417095,,,,
R2,442k500,34.07308797,131.70407684,,,,
R2,442k520,34.07292368,131.70398398,,,,
R2,442k540,34.07275804,131.70389237,,,,
R2,442k560,34.07261452,131.7038182,,,,
R2,442k580,34.07245644,131.70373618,,,,
R2,442k620,34.07209694,131.70355224,,,,
R2,442k640,34.07192973,131.70347083,,,,
R2,442k660,34.07175346,131.70338531,,,,
R2,442k680,34.07158422,131.70330296,,,,
R2,442k700,34.07141878,131.70322145,,,,
R2,442k720,34.07125263,131.70313821,,,,
R2,442k740,34.07110173,131.70305291,,,,
R2,442k760,34.07092576,131.70294765,,,,
R2,442k780,34.07077059,131.70284124,,,,
R2,442k800,34.07062175,131.70272873,,,,
R2,442k820,34.07047603,131.70260313,,,,
R2,442k840,34.07033333,131.70246882,,,,
R2,442k860,34.07018307,131.7023095,,,,
R2,442k880,34.0700657,131.70217326,,,,
R2,442k900,34.06992783,131.70200472,,,,
R2,442k920,34.06981262,131.70183915,,,,
R2,442k940,34.06970368,131.70166646,,,,
R2,442k960,34.06960224,131.70148645,,,,
R2,442k980,34.0695072,131.70130148,,,,
R2,443k000,34.06942914,131.70113157,,,,
R2,443k020,34.06935009,131.7009366,,,,
R2,443k040,34.06927914,131.70073661,,,,
R2,443k120,34.0690697,131.69983973,,,,
R2,443k140,34.06904498,131.69962435,,,,
R2,443k160,34.06902946,131.69940831,,,,
R2,443k180,34.0690219,131.6991924,,,,
R2,443k500,34.07003197,131.69610932,,,,
R2,443k520,34.07015515,131.69595228,,,,
R2,443k540,34.07027884,131.69579456,,,,
R2,443k560,34.07040202,131.69563752,,,,
R2,443k580,34.07052624,131.69547914,,,,
R2,443k600,34.07064994,131.69532143,,,,
R2,443k620,34.07077307,131.69516309,,,,
R2,443k640,34.07089731,131.69500603,,,,
R2,443k660,34.07102046,131.69484765,,,,
R2,443k680,34.07114416,131.69468994,,,,
R2,443k700,34.07126817,131.69453384,,,,
R2,443k720,34.07139267,131.69437576,,,,
R2,443k740,34.0715158,131.69421741,,,,
R2,443k760,34.0716395,131.6940597,,,,
R2,443k780,34.07176427,131.69390194,,,,
R2,443k800,34.07188088,131.69375198,,,,
R2,443k820,34.0720072,131.69360221,,,,
R2,443k840,34.07213152,131.69344175,,,,
R2,443k860,34.07225501,131.6932816,,,,
R2,443k900,34.07253231,131.69292635,,,,
R2,443k920,34.07265561,131.69276851,,,,
R2,443k940,34.07277998,131.69261064,,,,
R2,443k960,34.07290436,131.69245276,,,,
R2,444k000,34.07314942,131.69214103,,,,
R2,444k020,34.07327273,131.69198385,,,,
R2,444k040,34.07339842,131.6918243,,,,
R2,444k060,34.07352197,131.69166613,,,,
R2,444k080,34.07364397,131.6915106,,,,
R2,444k260,34.07466291,131.69020231,,,,
R2,444k320,34.07498103,131.68972784,,,,
R2,444k360,34.07517674,131.6893638,,,,
R2,444k800,34.07635142,131.68482511,,,,
R2,444k900,34.07658876,131.68377302,,,,
R2,445k000,34.07671071,131.68271573,,,,
R2,445k300,34.07554726,131.67986267,,,,
R2,445k400,34.07496142,131.6790377,,,,
R2,445k500,34.07432508,131.67827203,,,,
R2,445k600,34.07359949,131.67762925,,,,
R2,445k700,34.07288489,131.67697052,,,,
R2,445k800,34.07232001,131.6761298,,,,
R2,445k900,34.07186045,131.6751968,,,,
R2,445k920,34.07176716,131.67500694,,,,
R2,445k940,34.07167635,131.67481986,,,,
R2,445k960,34.07158552,131.67463267,,,,
R2,445k980,34.07149467,131.67444548,,,,
R2,446k000,34.07140501,131.67426103,,,,
R2,446k020,34.07131416,131.67407384,,,,
R2,446k040,34.07122331,131.67388665,,,,
R2,446k060,34.07113251,131.67369957,,,,
R2,446k080,34.07104163,131.67351228,,,,
R2,446k100,34.07095056,131.67332458,,,,
R2,446k120,34.07085976,131.67313749,,,,
R2,446k140,34.07076886,131.67295021,,,,
R2,446k160,34.07067806,131.67276312,,,,
R2,446k180,34.07058721,131.67257593,,,,
R2,446k200,34.07049663,131.67238936,,,,
R2,446k240,34.07031673,131.67201628,,,,
R2,446k260,34.07022591,131.67182921,,,,
R2,446k280,34.07013505,131.67164203,,,,
R2,446k300,34.0700442,131.67145485,,,,
R2,446k320,34.06995334,131.67126768,,,,
R2,446k340,34.06986248,131.67108049,,,,
R2,446k360,34.06977167,131.67089342,,,,
R2,446k400,34.06959187,131.67052304,,,,
R2,446k420,34.06950106,131.67033597,,,,
R2,446k440,34.06941015,131.67014869,,,,
R2,446k460,34.06931933,131.66996162,,,,
R2,446k480,34.06922842,131.66977435,,,,
R2,446k500,34.0691349,131.66958147,,,,
R2,447k540,34.06418785,131.66054151,,,,
R2,447k560,34.0640538,131.66039664,,,,
R2,447k580,34.06391572,131.66025734,,,,
R2,447k600,34.06377385,131.66012319,,,,
R2,447k640,34.06347988,131.65987263,,,,
R2,447k660,34.06332755,131.6597566,,,,
R2,447k680,34.06317225,131.6596465,,,,
R2,447k700,34.0630142,131.65954254,,,,
R2,447k720,34.06285305,131.65944496,,,,
R2,447k740,34.0626893,131.65935439,,,,
R2,447k760,34.06252324,131.65926973,,,,
R2,447k780,34.0623553,131.65919097,,,,
R2,447k800,34.06218567,131.65911739,,,,
R2,447k820,34.0620151,131.65904778,,,,
R2,447k860,34.06167142,131.65891673,,,,
R2,447k880,34.06149899,131.65885362,,,,
R2,447k900,34.06132619,131.6587911,,,,
R2,447k940,34.06098264,131.65865889,,,,
R2,447k980,34.06064851,131.65849735,,,,
R2,448k060,34.06003879,131.65803738,,,,
R2,448k080,34.0598975,131.65790263,,,,
R2,448k100,34.05975819,131.65776504,,,,
R2,448k140,34.05947895,131.65749103,,,,
R2,448k160,34.05933584,131.65735922,,,,
R2,448k180,34.05918867,131.6572341,,,,
R2,448k200,34.05903624,131.65711828,,,,
R2,448k220,34.05887801,131.65701487,,,,
R2,448k260,34.05854763,131.65684147,,,,
R2,448k280,34.05837824,131.65676681,,,,
R2,448k300,34.05820774,131.65669638,,,,
R2,448k320,34.05803667,131.65662788,,,,
R2,448k340,34.05786631,131.65655769,,,,
R2,448k380,34.05752967,131.65640211,,,,
R2,448k400,34.05736549,131.65631137,,,,
R2,448k420,34.0572071,131.65620896,,,,
R2,448k440,34.0570547,131.65609315,,,,
R2,448k480,34.05677264,131.65582383,,,,
R2,448k500,34.05664427,131.65567171,,,,
R2,448k520,34.05652545,131.6555089,,,,
R2,448k540,34.05641616,131.65533666,,,,
R2,448k560,34.05631551,131.65515694,,,,
R2,449k220,34.05344619,131.64959299,,,,
R2,449k240,34.05343786,131.64937655,,,,
R2,449k260,34.05343109,131.64916039,,,,
R2,449k280,34.0534228,131.64894441,,,,
R2,449k300,34.05341388,131.64874921,,,,
R2,449k320,34.05339771,131.64851158,,,,
R2,449k340,34.05337649,131.64829711,,,,
R2,449k360,34.05334837,131.64808252,,,,
R2,449k380,34.05331356,131.64787056,,,,
R2,449k500,34.05298635,131.64676597,,,,
R2,449k520,34.05290623,131.64657111,,,,
R2,449k540,34.05282505,131.64637786,,,,
R2,449k560,34.0527432,131.646185,,,,
R2,449k580,34.05266133,131.64599215,,,,
R2,449k600,34.05257947,131.64579931,,,,
R2,449k620,34.05249761,131.64560646,,,,
R2,449k640,34.05241543,131.64541278,,,,
R2,449k660,34.05233424,131.64521949,,,,
R2,449k680,34.05225238,131.64502665,,,,
R2,449k700,34.05217053,131.64483383,,,,
R2,449k720,34.05208867,131.64464098,,,,
R2,449k740,34.05200681,131.64444814,,,,
R2,449k760,34.05192478,131.64425487,,,,
R2,449k780,34.05184276,131.64406162,,,,
R2,449k920,34.05126882,131.64266502,,,,
R2,449k940,34.05119227,131.64246902,,,,
R2,449k960,34.05111673,131.64227348,,,,
R2,449k980,34.05104092,131.64207504,,,,
R2,450k000,34.05096678,131.6418777,,,,
R2,450k020,34.05089334,131.64167997,,,,
R2,450k040,34.05082078,131.64148124,,,,
R2,450k060,34.05074891,131.64128213,,,,
R2,450k080,34.05067769,131.64108316,,,,
R2,450k400,34.04948745,131.63789254,,,,
R2,450k420,34.04941751,131.63769053,,,,
R2,450k440,34.04935047,131.63748902,,,,
R2,450k460,34.04928471,131.63728622,,,,
R2,450k480,34.04922193,131.63708431,,,,
R2,450k500,34.04915987,131.63687862,,,,
R2,450k520,34.04910111,131.63667435,,,,
R2,450k560,34.04899175,131.63626513,,,,
R2,450k580,34.04893993,131.63605655,,,,
R2,450k600,34.04889138,131.63584759,,,,
R2,450k700,34.0486882,131.63479361,,,,
R2,450k800,34.04851341,131.63371764,,,,
R2,450k900,34.04834222,131.6326384,,,,
R2,451k000,34.04812476,131.6315899,,,,
R2,451k100,34.0480213,131.63053504,,,,
R2,451k200,34.0478585,131.62946483,,,,
R2,451k300,34.04769518,131.62840289,,,,
R2,451k360,34.04759356,131.6277614,,,,
R2,451k380,34.04756247,131.6275449,,,,
R2,451k400,34.04753191,131.62733296,,,,
R2,451k420,34.04749958,131.62712093,,,,
R2,451k440,34.04746716,131.62690893,,,,
R2,451k460,34.04743469,131.62669531,,,,
R2,451k480,34.04740326,131.62648448,,,,
R2,451k500,34.04737147,131.62627258,,,,
R2,451k540,34.04730657,131.62585161,,,,
R2,451k560,34.04727329,131.62563583,,,,
R2,451k600,34.0472137,131.62521067,,,,
R2,451k620,34.0471749,131.62498682,,,,
R2,451k640,34.04715275,131.62477154,,,,
R2,451k660,34.04713435,131.62455746,,,,
R2,451k680,34.04711953,131.62434105,,,,
R2,451k700,34.04710803,131.62412623,,,,
R2,451k720,34.04709815,131.62390847,,,,
R2,451k740,34.04709294,131.623695,,,,
R2,451k760,34.04709358,131.62347864,,,,
R2,451k780,34.04709873,131.62326252,,,,
R2,451k800,34.04710877,131.62304505,,,,
R2,451k820,34.04712373,131.62282953,,,,
R2,451k840,34.04714337,131.62261384,,,,
R2,451k860,34.04716759,131.62240063,,,,
R2,451k880,34.04719815,131.62218354,,,,
R2,451k900,34.04723421,131.62197192,,,,
R2,451k960,34.04737854,131.6213453,,,,
R2,452k000,34.04749419,131.62093676,,,,
R2,452k020,34.04755975,131.62073536,,,,
R2,452k040,34.04763033,131.62053355,,,,
R2,452k060,34.04770446,131.62033662,,,,
R2,452k080,34.04778319,131.62014149,,,,
R2,452k100,34.04786748,131.61994926,,,,
R2,452k140,34.04804967,131.61957358,,,,
R2,452k160,34.04814568,131.61939154,,,,
R2,452k180,34.04824687,131.61921075,,,,
R2,452k200,34.04835281,131.61903437,,,,
R2,452k300,34.04894901,131.61822069,,,,
R2,452k360,34.04934861,131.6177848,,,,
R2,452k380,34.04948892,131.61764859,,,,
R2,452k400,34.04963272,131.61751605,,,,
R2,452k420,34.04978007,131.617393,,,,
R2,452k440,34.04993129,131.61727335,,,,
R2,452k460,34.0500844,131.61715818,,,,
R2,452k480,34.05023738,131.61705049,,,,
R2,452k560,34.05087491,131.61664104,,,,
R2,452k600,34.05120858,131.6164807,,,,
R2,452k620,34.05137804,131.6164089,,,,
R2,452k640,34.05154967,131.61634241,,,,
R2,452k680,34.05189748,131.61622784,,,,
R2,452k700,34.05207455,131.61618021,,,,
R2,452k720,34.05225118,131.6161356,,,,
R2,452k740,34.05242949,131.61609557,,,,
R2,452k760,34.05260701,131.61606084,,,,
R2,452k780,34.05278299,131.61603048,,,,
R2,452k800,34.05296438,131.61600233,,,,
R2,452k820,34.05314331,131.61597969,,,,
R2,452k840,34.05332217,131.61595995,,,,
R2,452k860,34.05350257,131.61594268,,,,
R2,452k880,34.0536831,131.61592909,,,,
R2,452k900,34.05386194,131.61591867,,,,
R2,452k920,34.05404323,131.61591098,,,,
R2,452k940,34.05422392,131.61590606,,,,
R2,452k980,34.05458475,131.6159015,,,,
R2,453k000,34.0547625,131.61589955,,,,
R2,453k020,34.05494409,131.61589782,,,,
R2,453k040,34.05512389,131.61589579,,,,
R2,453k060,34.05530203,131.61588931,,,,
R2,453k080,34.05548414,131.61587571,,,,
R2,453k100,34.05566808,131.61585674,,,,
R2,453k120,34.05584362,131.61583567,,,,
R2,453k140,34.05602114,131.61580459,,,,
R2,453k160,34.05619986,131.61576702,,,,
R2,453k180,34.05637238,131.61572476,,,,
R2,453k200,34.05654964,131.61567475,,,,
R2,453k260,34.057067,131.6154859,,,,
R2,453k280,34.05723381,131.6154056,,,,
R2,453k300,34.05739595,131.61531734,,,,
R2,453k320,34.05755864,131.61522262,,,,
R2,453k340,34.05771862,131.61512338,,,,
R2,453k360,34.05787449,131.61501548,,,,
R2,453k380,34.05802599,131.61489851,,,,
R2,453k400,34.05817215,131.61476991,,,,
R2,455k200,34.06906781,131.60040076,,,,
R2,455k220,34.06915893,131.60021423,,,,
R2,455k260,34.06933467,131.59983846,,,,
R2,455k280,34.06942038,131.59964539,,,,
R2,455k300,34.0695035,131.59945574,,,,
R2,455k320,34.06958552,131.59926051,,,,
R2,455k340,34.0696635,131.59906796,,,,
R2,455k360,34.06973822,131.59887248,,,,
R2,455k380,34.06981194,131.59867279,,,,
R2,455k400,34.06988423,131.59847091,,,,
R2,455k440,34.07002264,131.59806957,,,,
R2,455k480,34.07015125,131.59766489,,,,
R2,455k500,34.07021554,131.59745797,,,,
R2,455k520,34.07026867,131.59726634,,,,
R2,455k540,34.07032052,131.59705816,,,,
R2,455k580,34.07042217,131.59664214,,,,
R2,455k600,34.07047081,131.59643521,,,,
R2,455k620,34.07051397,131.59622807,,,,
R2,455k640,34.07055769,131.59601636,,,,
R2,455k660,34.07060065,131.59580609,,,,
R2,455k680,34.07064272,131.5955946,,,,
R2,455k700,34.07068305,131.59538354,,,,
R2,455k740,34.07075796,131.59495877,,,,
R2,455k760,34.07079468,131.5947471,,,,
R2,455k780,34.07082928,131.59453504,,,,
R2,455k800,34.07086393,131.59431968,,,,
R2,455k820,34.07089739,131.59410893,,,,
R2,455k840,34.07093153,131.59389422,,,,
R2,455k860,34.0709652,131.59368362,,,,
R2,455k880,34.0709989,131.59347068,,,,
R2,455k900,34.07103296,131.59325713,,,,
R2,455k920,34.07106642,131.5930439,,,,
R2,455k960,34.07113304,131.59261868,,,,
R2,455k980,34.07116662,131.59240513,,,,
R2,456k000,34.07120046,131.59218942,,,,
R2,456k020,34.07123361,131.5919794,,,,
R2,456k040,34.07126763,131.5917642,,,,
R2,456k060,34.07130097,131.59155316,,,,
R2,456k080,34.07133458,131.59134067,,,,
R2,456k100,34.0713682,131.5911276,,,,
R2,456k120,34.07140173,131.59091321,,,,
R2,456k140,34.07143534,131.59069948,,,,
R2,456k160,34.07146834,131.59048862,,,,
R2,456k180,34.07150182,131.59027473,,,,
R2,456k200,34.07153512,131.59006197,,,,
R2,456k220,34.07156876,131.58984952,,,,
R2,456k240,34.07160251,131.58963639,,,,
R2,456k260,34.071636,131.58942484,,,,
R2,456k280,34.07166994,131.58921047,,,,
R2,456k300,34.07170339,131.58899926,,,,
R2,456k320,34.07173712,131.58878496,,,,
R2,456k340,34.07177068,131.58857179,,,,
R2,456k360,34.07180399,131.5883602,,,,
R2,456k380,34.07183771,131.58814718,,,,
R2,456k400,34.07187139,131.58793321,,,,
R2,456k460,34.0719722,131.58729601,,,,
R2,456k480,34.07200599,131.58708274,,,,
R2,456k500,34.07203943,131.58687055,,,,
R2,456k520,34.07207295,131.58665662,,,,
R2,456k540,34.07210638,131.58644315,,,,
R2,456k560,34.07213947,131.58623193,,,,
R2,456k580,34.07217286,131.58601774,,,,
R2,456k600,34.07220605,131.58580562,,,,
R2,456k620,34.07223962,131.58559358,,,,
R2,456k640,34.07227346,131.58537902,,,,
R2,456k660,34.07230679,131.5851675,,,,
R2,456k680,34.07234058,131.58495423,,,,
R2,456k700,34.07237423,131.58474057,,,,
R2,456k720,34.07240706,131.58452795,,,,
R2,456k740,34.07243977,131.5843149,,,,
R2,456k760,34.07247229,131.58410335,,,,
R2,456k780,34.07250526,131.58388896,,,,
R2,456k800,34.07253779,131.58367727,,,,
R2,456k820,34.07257171,131.58346531,,,,
R2,456k840,34.07260599,131.58325135,,,,
R2,456k860,34.07263963,131.58304003,,,,
R2,456k880,34.07267389,131.58282628,,,,
R2,456k900,34.07270794,131.58261342,,,,
R2,456k920,34.07274183,131.58240029,,,,
R2,456k940,34.07277556,131.58218736,,,,
R2,456k960,34.07280909,131.58197554,,,,
R2,456k980,34.07284311,131.58176198,,,,
R2,457k000,34.07287671,131.58154949,,,,
R2,457k020,34.07291895,131.58133626,,,,
R2,457k040,34.07295201,131.58112293,,,,
R2,457k060,34.07298487,131.58091097,,,,
R2,457k080,34.07301778,131.58069761,,,,
R2,457k100,34.07305074,131.58048472,,,,
R2,457k120,34.07308364,131.58027124,,,,
R2,457k140,34.07311632,131.58005795,,,,
R2,457k160,34.07314894,131.57984617,,,,
R2,457k180,34.07318181,131.57963162,,,,
R2,457k200,34.07321451,131.57941939,,,,
R2,457k220,34.07324748,131.5792065,,,,
R2,457k240,34.07328097,131.57899188,,,,
R2,457k260,34.07331375,131.57878036,,,,
R2,457k280,34.07334693,131.57856752,,,,
R2,457k300,34.07338034,131.57835194,,,,
R2,457k320,34.07341534,131.57813535,,,,
R2,457k360,34.07348402,131.57770989,,,,
R2,457k380,34.07351829,131.57749733,,,,
R2,457k400,34.07355296,131.57728205,,,,
R2,457k420,34.07358684,131.57707149,,,,
R2,457k460,34.07365483,131.57664716,,,,
R2,457k480,34.07368876,131.57643545,,,,
R2,457k500,34.07372307,131.57622219,,,,
R2,457k520,34.07375647,131.57600895,,,,
R2,457k540,34.07379021,131.57579438,,,,
R2,457k560,34.07382365,131.57558186,,,,
R2,457k580,34.07385704,131.5753685,,,,
R2,457k600,34.07389079,131.57515407,,,,
R2,462k120,34.05472173,131.53293578,,,,
R2,462k140,34.05466301,131.53273051,,,,
R2,462k160,34.05460401,131.53252465,,,,
R2,462k180,34.05454606,131.53232174,,,,
R2,462k200,34.05448709,131.53211597,,,,
R2,462k220,34.05442867,131.53191023,,,,
R2,462k240,34.05436989,131.53170559,,,,
R2,462k260,34.05431129,131.53150113,,,,
R2,462k280,34.05425318,131.53129647,,,,
R2,462k300,34.05419526,131.53109488,,,,
R2,462k320,34.05413574,131.53088825,,,,
R2,462k360,34.05401797,131.53047968,,,,
R2,462k380,34.05395864,131.5302748,,,,
R2,462k400,34.05390056,131.53007013,,,,
R2,462k420,34.05384629,131.52986246,,,,
R2,462k440,34.05378838,131.529657,,,,
R2,462k460,34.05373073,131.52945204,,,,
R2,462k480,34.05367245,131.52924565,,,,
R2,462k500,34.0536145,131.529039,,,,
R2,462k520,34.05355831,131.52883502,,,,
R2,462k540,34.05350112,131.52862914,,,,
R2,462k560,34.05344402,131.52842445,,,,
R2,462k580,34.05338731,131.52821801,,,,
R2,462k600,34.0533307,131.52801398,,,,
R2,462k620,34.053274,131.52781033,,,,
R2,462k640,34.05321598,131.52760419,,,,
R2,462k660,34.05315843,131.52739894,,,,
R2,462k680,34.05310383,131.52721347,,,,
R2,462k700,34.05304325,131.52698535,,,,
R2,462k740,34.05292913,131.52657712,,,,
R2,462k760,34.05287188,131.52637223,,,,
R2,462k780,34.05281501,131.5261695,,,,
R2,462k800,34.05275746,131.52596268,,,,
R2,462k820,34.05270079,131.52575575,,,,
R2,462k840,34.0526437,131.52555334,,,,
R2,462k900,34.05246989,131.52493335,,,,
R2,462k940,34.05235601,131.5245243,,,,
R2,462k960,34.05229846,131.52431906,,,,
R2,462k980,34.05224121,131.52411345,,,,
R2,463k040,34.05206948,131.52348575,,,,
R2,463k060,34.05201487,131.52329093,,,,
R2,463k080,34.05195721,131.52308583,,,,
R2,463k100,34.05190105,131.52287913,,,,
R2,463k120,34.05184368,131.52267282,,,,
R2,463k140,34.05178732,131.52246974,,,,
R2,463k160,34.05172919,131.52226035,,,,
R2,463k180,34.05167252,131.52205435,,,,
R2,463k200,34.05161533,131.52184602,,,,
R2,463k220,34.05155659,131.52164345,,,,
R2,463k240,34.05149867,131.52143653,,,,
R2,463k280,34.05138399,131.52102571,,,,
R2,463k300,34.05132922,131.52081503,,,,
R2,463k320,34.05131496,131.52059885,,,,
R2,463k340,34.05125892,131.52039501,,,,
R2,463k360,34.05120018,131.52018766,,,,
R2,463k380,34.05114088,131.5199821,,,,
R2,463k400,34.05108081,131.5197774,,,,
R2,463k440,34.05095569,131.51937014,,,,
R2,463k480,34.05081962,131.51897072,,,,
R2,463k500,34.05074746,131.51877245,,,,
R2,463k520,34.05067223,131.51857547,,,,
R2,463k540,34.0505936,131.51837923,,,,
R2,463k560,34.05051274,131.51818751,,,,
R2,463k580,34.05042647,131.51799493,,,,
R2,463k600,34.05033884,131.51780714,,,,
R2,463k740,34.0496158,131.51650664,,,,
R2,463k760,34.04951839,131.5163255,,,,
R2,463k780,34.04942065,131.51614428,,,,
R2,463k800,34.04932217,131.51596097,,,,
R2,463k820,34.04922511,131.51577895,,,,
R2,463k840,34.04912746,131.51559655,,,,
R2,463k860,34.04902954,131.515413,,,,
R2,463k880,34.04893261,131.51523147,,,,
R2,463k900,34.04883585,131.51504582,,,,
R2,463k920,34.04874265,131.51486351,,,,
R2,463k940,34.04865447,131.51467776,,,,
R2,463k960,34.04856923,131.51448784,,,,
R2,463k980,34.04848891,131.51429359,,,,
R2,464k000,34.04841561,131.5140952,,,,
R2,464k020,34.04834904,131.51389464,,,,
R2,464k040,34.04828894,131.51369057,,,,
R2,464k060,34.04823499,131.51348416,,,,
R2,464k080,34.04818896,131.51327258,,,,
R2,464k100,34.04815053,131.51306291,,,,
R2,464k120,34.04811858,131.51285154,,,,
R2,464k160,34.04806487,131.51242203,,,,
R2,464k180,34.04804007,131.5122071,,,,
R2,464k220,34.04799966,131.51177779,,,,
R2,464k240,34.04797713,131.51156349,,,,
R2,464k260,34.04795453,131.51134689,,,,
R2,464k280,34.04793239,131.51113322,,,,
R2,464k300,34.04790928,131.51091693,,,,
R2,464k320,34.04788721,131.51070372,,,,
R2,464k340,34.04786535,131.51048817,,,,
R2,464k380,34.04782022,131.51005819,,,,
R2,464k400,34.04779864,131.50984029,,,,
R2,464k420,34.04777834,131.50962775,,,,
R2,464k440,34.04775827,131.5094124,,,,
R2,464k460,34.04773728,131.50919719,,,,
R2,464k520,34.04766794,131.50848686,,,,
R2,464k540,34.04765164,131.50827094,,,,
R2,464k580,34.0476287,131.50787759,,,,
R2,464k620,34.04763185,131.50740627,,,,
R2,464k640,34.04763898,131.50718826,,,,
R2,464k660,34.04765101,131.50697154,,,,
R2,464k680,34.04766825,131.50675527,,,,
R2,464k700,34.04769035,131.50654423,,,,
R2,464k720,34.04771691,131.50632807,,,,
R2,464k740,34.04774781,131.50611473,,,,
R2,464k760,34.04778398,131.50590352,,,,
R2,464k780,34.04782494,131.50568999,,,,
R2,464k800,34.04787247,131.50547894,,,,
R2,464k860,34.04803613,131.50485988,,,,
R2,464k880,34.04809983,131.50465535,,,,
R2,464k900,34.04816726,131.50445741,,,,
R2,464k920,34.04824037,131.50426009,,,,
R2,464k940,34.04832014,131.50406621,,,,
R2,464k960,34.04840618,131.50387631,,,,
R2,464k980,34.04850017,131.50368867,,,,
R2,465k000,34.04860009,131.50350697,,,,
R2,465k020,34.04870333,131.50333326,,,,
R2,465k040,34.04881276,131.50316345,,,,
R2,465k080,34.04904647,131.50283219,,,,
R2,465k100,34.0491718,131.50267141,,,,
R2,465k120,34.04929772,131.50251685,,,,
R2,465k140,34.04942659,131.5023665,,,,
R2,465k160,34.04955881,131.50221862,,,,
R2,465k180,34.04969485,131.50207565,,,,
R2,465k200,34.04983227,131.50193832,,,,
R2,465k220,34.04997155,131.50180666,,,,
R2,465k240,34.05011637,131.5016774,,,,
R2,465k260,34.0502642,131.50155255,,,,
R2,465k280,34.05041568,131.50143168,,,,
R2,465k300,34.05056769,131.50131818,,,,
R2,465k320,34.0507228,131.50120768,,,,
R2,465k340,34.05088062,131.50110182,,,,
R2,465k360,34.05104009,131.50100214,,,,
R2,465k380,34.05120268,131.5009065,,,,
R2,465k400,34.05136964,131.50081996,,,,
R2,465k420,34.05153591,131.50073536,,,,
R2,465k440,34.05170406,131.50065578,,,,
R2,465k480,34.05204424,131.50051262,,,,
R2,465k500,34.05221337,131.5004491,,,,
R2,465k520,34.05238447,131.50038752,,,,
R2,465k540,34.05255741,131.50032748,,,,
R2,465k560,34.05273166,131.50026873,,,,
R2,465k600,34.05307777,131.50015151,,,,
R2,465k620,34.0532452,131.50009242,,,,
R2,465k640,34.05341904,131.50002585,,,,
R2,465k680,34.05375766,131.4998785,,,,
R2,465k700,34.05392367,131.49979655,,,,
R2,465k720,34.0540922,131.49970164,,,,
R2,465k740,34.05425423,131.49960624,,,,
R2,465k760,34.05441521,131.49950259,,,,
R2,465k780,34.05457197,131.49939402,,,,
R2,465k800,34.05472418,131.49927918,,,,
R2,465k820,34.05487188,131.49916293,,,,
R2,465k840,34.05501893,131.49903234,,,,
R2,465k860,34.05515662,131.49890776,,,,
R2,465k880,34.0553005,131.49877261,,,,
R2,465k900,34.05544393,131.49862957,,,,
R2,465k920,34.05558326,131.49849071,,,,
R2,467k400,34.06548321,131.47916556,,,,
R2,467k420,34.06547797,131.47894907,,,,
R2,467k440,34.06546955,131.47873168,,,,
R2,467k460,34.06546206,131.47851605,,,,
R2,467k480,34.06545358,131.47829905,,,,
R2,467k500,34.06544567,131.47808397,,,,
R2,467k520,34.0654368,131.47786655,,,,
R2,467k540,34.06542813,131.47764866,,,,
R2,467k560,34.06541917,131.47743445,,,,
R2,467k580,34.06541075,131.47721611,,,,
R2,467k600,34.06540202,131.47699823,,,,
R2,467k680,34.06550757,131.47614846,,,,
R2,467k700,34.06557647,131.475947,,,,
R2,467k720,34.06566192,131.4757574,,,,
R2,467k740,34.06576373,131.47557835,,,,
R2,467k760,34.0658751,131.47541059,,,,
R2,467k780,34.06598668,131.47524185,,,,
R2,467k800,34.0661024,131.47506415,,,,
R2,467k820,34.06621511,131.47489594,,,,
R2,467k840,34.06632783,131.47472772,,,,
R2,467k860,34.06644078,131.47455915,,,,
R2,467k880,34.06655421,131.47438986,,,,
R2,467k900,34.0666663,131.474224,,,,
R2,467k920,34.06677984,131.47405601,,,,
R2,467k940,34.06689387,131.47388731,,,,
R2,467k960,34.06700706,131.47371897,,,,
R2,467k980,34.06711997,131.4735504,,,,
R2,468k000,34.06723397,131.47338045,,,,
R2,468k020,34.06735846,131.47322356,,,,
R2,468k040,34.06747123,131.47305293,,,,
R2,468k060,34.06758364,131.47288285,,,,
R2,468k080,34.06769513,131.47271422,,,,
R2,468k120,34.06794387,131.47233792,,,,
R2,468k140,34.06805617,131.47216802,,,,
R2,468k160,34.06816706,131.47200029,,,,
R2,468k220,34.06847169,131.47153924,,,,
R2,468k240,34.06857969,131.47136589,,,,
R2,468k260,34.06867524,131.47118408,,,,
R2,468k280,34.06875913,131.47099225,,,,
R2,468k300,34.06883506,131.47076568,,,,
R2,468k320,34.06889161,131.47056471,,,,
R2,468k340,34.06894835,131.47036226,,,,
R2,468k360,34.06900549,131.47015775,,,,
R2,468k380,34.06906335,131.46995067,,,,
R2,468k400,34.06912349,131.46973963,,,,
R2,468k460,34.06930559,131.46913152,,,,
R2,468k480,34.06938599,131.46893391,,,,
R2,468k600,34.06985502,131.46779924,,,,
R2,468k700,34.07021802,131.46683059,,,,
R2,468k820,34.07018,131.46550076,,,,
R2,468k840,34.0701471,131.46528792,,,,
R2,468k860,34.0701142,131.46507469,,,,
R2,468k880,34.07008112,131.46486374,,,,
R2,469k800,34.07457127,131.45698446,,,,
R2,470k400,34.07914391,131.45368933,,,,
R2,470k420,34.07928941,131.45356174,,,,
R2,470k440,34.07943273,131.4534295,,,,
R2,470k460,34.07957312,131.45329315,,,,
R2,470k480,34.0797105,131.45315278,,,,
R2,470k500,34.07984481,131.45300848,,,,
R2,470k520,34.07997592,131.45286007,,,,
R2,470k540,34.0801045,131.45270724,,,,
R2,470k560,34.0802294,131.4525512,,,,
R2,470k580,34.08035122,131.45239105,,,,
R2,470k600,34.08046957,131.4522276,,,,
R2,470k620,34.08058443,131.45206071,,,,
R2,470k640,34.08069548,131.45189058,,,,
R2,470k660,34.08080345,131.45171669,,,,
R2,470k680,34.08090788,131.45153941,,,,
R2,470k700,34.08100896,131.45135803,,,,
R2,470k720,34.08110564,131.45117592,,,,
R2,470k740,34.08119843,131.45098977,,,,
R2,470k760,34.08128723,131.45080114,,,,
R2,470k780,34.08137227,131.45060964,,,,
R2,470k800,34.08145275,131.45041662,,,,
R2,470k820,34.08152984,131.45022031,,,,
R2,470k840,34.08160268,131.45002251,,,,
R2,470k860,34.08167163,131.44982165,,,,
R2,470k880,34.08173601,131.44961902,,,,
R2,470k900,34.08179544,131.44941452,,,,
R2,470k920,34.08185297,131.44920889,,,,
R2,470k940,34.08190831,131.44900274,,,,
R2,470k960,34.08196157,131.44879511,,,,
R2,470k980,34.08201264,131.44858721,,,,
R2,471k000,34.082063,131.44837868,,,,
R2,471k020,34.08211381,131.44817024,,,,
R2,471k040,34.08216487,131.44796221,,,,
R2,471k060,34.08221581,131.44775425,,,,
R2,471k080,34.08226667,131.44754616,,,,
R2,471k100,34.08231783,131.44733853,,,,
R2,471k120,34.08236877,131.44713058,,,,
R2,471k140,34.08241965,131.44692249,,,,
R2,471k160,34.08247034,131.44671469,,,,
R2,471k180,34.08252166,131.4465064,,,,
R2,471k200,34.08257285,131.44629782,,,,
R2,471k220,34.08262401,131.44609019,,,,
R2,471k240,34.08267679,131.44588243,,,,
R2,471k260,34.08273173,131.44567641,,,,
R2,471k280,34.08278957,131.44547074,,,,
R2,471k300,34.0828511,131.44526628,,,,
R2,471k660,34.08476712,131.44116541,,,,
R2,471k760,34.08522711,131.44026197,,,,
R2,471k780,34.08532328,131.44005486,,,,
R2,471k900,34.0857365,131.43885381,,,,
R2,472k100,34.08594766,131.43671018,,,,
R2,472k120,34.08595626,131.43649316,,,,
R2,472k140,34.08596707,131.43627694,,,,
R2,472k180,34.08600265,131.43581584,,,,
R2,472k200,34.08602428,131.43562992,,,,
R2,472k360,34.08645143,131.43398144,,,,
R2,472k500,34.08698217,131.4326055,,,,
R2,473k200,34.08963182,131.42577625,,,,
R2,473k240,34.08976895,131.4253762,,,,
R2,473k280,34.08988892,131.42495002,,,,
R2,473k320,34.08997054,131.4245599,,,,
R2,474k300,34.08639909,131.41501078,,,,
R2,474k320,34.08631275,131.41482977,,,,
R2,474k340,34.08622651,131.41464276,,,,
R2,474k360,34.08614303,131.41445747,,,,
R2,474k440,34.08582689,131.41369038,,,,
R2,474k460,34.08575505,131.41349155,,,,
R2,474k740,34.08519648,131.41054355,,,,
R2,474k800,34.08517066,131.40989337,,,,
R2,474k820,34.08516593,131.409698,,,,
R2,475k240,34.0850881,131.40510629,,,,
R2,475k260,34.08508413,131.40488819,,,,
R2,475k280,34.08508021,131.40467262,,,,
R2,475k300,34.08507608,131.40444557,,,,
R2,475k320,34.08507223,131.40422908,,,,
R2,475k360,34.08506443,131.40379587,,,,
R2,475k380,34.08506049,131.40357961,,,,
R2,475k400,34.08505667,131.40336461,,,,
R2,475k420,34.08505279,131.40314663,,,,
R2,475k440,34.08504886,131.40293072,,,,
R2,475k460,34.08504491,131.40271411,,,,
R2,475k480,34.08504097,131.40249763,,,,
R2,475k520,34.08503448,131.40207093,,,,
R2,475k540,34.08503018,131.40185139,,,,
R2,475k560,34.08502492,131.40163406,,,,
R2,475k580,34.08501842,131.40142012,,,,
R2,475k600,34.08500904,131.4011942,,,,
R2,475k620,34.08499763,131.40097789,,,,
R2,475k640,34.08498392,131.40076176,,,,
R2,475k660,34.08496743,131.40054575,,,,
R2,475k680,34.08494679,131.4003304,,,,
R2,475k700,34.08492271,131.40011652,,,,
R2,475k720,34.0848953,131.39990296,,,,
R2,475k740,34.08486457,131.39969097,,,,
R2,475k760,34.08483001,131.39947693,,,,
R2,475k780,34.08479242,131.39926559,,,,
R2,475k800,34.08475119,131.39905426,,,,
R2,475k820,34.08470549,131.39884466,,,,
R2,475k840,34.08465627,131.3986366,,,,
R2,475k860,34.08460349,131.3984293,,,,
R2,475k880,34.0845469,131.39822201,,,,
R2,475k900,34.08448777,131.39801884,,,,
R2,475k920,34.08442464,131.39781541,,,,
R2,475k940,34.0843582,131.39761349,,,,
R2,475k960,34.08428872,131.39741444,,,,
R2,475k980,34.0842162,131.39721862,,,,
R2,476k000,34.08413818,131.39701845,,,,
R2,476k020,34.08405946,131.39682382,,,,
R2,476k040,34.08397929,131.39663068,,,,
R2,476k060,34.08389722,131.39643833,,,,
R2,476k080,34.08381314,131.39624674,,,,
R2,476k100,34.08372639,131.3960546,,,,
R2,476k120,34.08364123,131.39586511,,,,
R2,476k140,34.08355452,131.39567373,,,,
R2,476k160,34.08346842,131.39548272,,,,
R2,476k180,34.08338278,131.39529272,,,,
R2,476k200,34.08329687,131.39510264,,,,
R2,476k220,34.08321037,131.39491098,,,,
R2,476k240,34.08312432,131.39472008,,,,
R2,476k260,34.08303859,131.39453014,,,,
R2,476k280,34.08295249,131.39433914,,,,
R2,476k300,34.08286686,131.39414966,,,,
R2,476k320,34.08278085,131.39395885,,,,
R2,476k340,34.08269557,131.39376993,,,,
R2,476k360,34.0826101,131.39358035,,,,
R2,476k380,34.08252383,131.39338919,,,,
R2,476k400,34.08243777,131.39319856,,,,
R2,476k420,34.08235142,131.39300773,,,,
R2,476k440,34.08226518,131.39281708,,,,
R2,476k460,34.08217904,131.39262689,,,,
R2,476k480,34.08209262,131.3924361,,,,
R2,476k500,34.08200727,131.39224762,,,,
R2,476k520,34.08192081,131.39205672,,,,
R2,476k540,34.08183463,131.39186643,,,,
R2,476k560,34.08174844,131.39167615,,,,
R2,476k580,34.08166212,131.39148581,,,,
R2,476k600,34.08157634,131.39129617,,,,
R2,476k620,34.08149112,131.39110774,,,,
R2,476k640,34.08140492,131.39091575,,,,
R2,476k660,34.08131825,131.39072632,,,,
R2,476k680,34.08122978,131.39053675,,,,
R2,476k700,34.08114011,131.39034863,,,,
R2,476k720,34.08104846,131.3901633,,,,
R2,476k740,34.08095192,131.38998023,,,,
R2,476k760,34.08085206,131.38979995,,,,
R2,476k780,34.0807473,131.38962289,,,,
R2,476k800,34.08064043,131.38945041,,,,
R2,476k820,34.08052834,131.38927935,,,,
R2,476k840,34.08041279,131.38911291,,,,
R2,476k860,34.08029301,131.38895131,,,,
R2,476k880,34.08016987,131.38879347,,,,
R2,476k900,34.08004367,131.3886398,,,,
R2,476k920,34.07991386,131.3884897,,,,
R2,476k940,34.07977973,131.38834483,,,,
R2,476k960,34.07964278,131.38820513,,,,
R2,476k980,34.07950249,131.38807024,,,,
R2,477k000,34.07935964,131.38793345,,,,
R2,477k020,34.07920582,131.38780745,,,,
R2,477k040,34.07905526,131.38768586,,,,
R2,477k060,34.07890342,131.38757062,,,,
R2,477k080,34.07875208,131.38745715,,,,
R2,477k100,34.07859628,131.387359,,,,
R2,477k120,34.07843544,131.38725895,,,,
R2,477k140,34.07827367,131.38716543,,,,
R2,477k160,34.07810878,131.38707702,,,,
R2,477k180,34.07794216,131.38699448,,,,
R2,477k200,34.07776453,131.38691377,,,,
R2,477k220,34.07759443,131.38684331,,,,
R2,477k240,34.07742152,131.38677852,,,,
R2,477k260,34.07724727,131.38671967,,,,
R2,477k280,34.07707165,131.38666686,,,,
R2,477k300,34.07690996,131.38662418,,,,
R2,477k320,34.07672875,131.38658158,,,,
R2,477k340,34.07655148,131.38654465,,,,
R2,477k360,34.07637387,131.38651279,,,,
R2,477k380,34.07619492,131.38648388,,,,
R2,477k400,34.07601154,131.38645614,,,,
R2,477k420,34.07583311,131.38643077,,,,
R2,477k440,34.07565363,131.38640631,,,,
R2,477k460,34.07547581,131.38638135,,,,
R2,477k480,34.07529659,131.38635495,,,,
R2,477k500,34.07512048,131.38632762,,,,
R2,477k520,34.07494234,131.38629858,,,,
R2,477k540,34.07476398,131.38626653,,,,
R2,477k560,34.07458699,131.38622862,,,,
R2,477k580,34.07441112,131.38618477,,,,
R2,477k600,34.07422884,131.38613272,,,,
R2,477k620,34.07405631,131.38607459,,,,
R2,477k640,34.07388441,131.38601057,,,,
R2,477k660,34.07371474,131.38593911,,,,
R2,477k680,34.07354627,131.3858595,,,,
R2,477k700,34.07338286,131.38577354,,,,
R2,477k720,34.07322001,131.38567916,,,,
R2,477k740,34.07306041,131.38557764,,,,
R2,477k760,34.07290498,131.38547,,,,
R2,477k780,34.07275085,131.38535523,,,,
R2,477k800,34.07260306,131.38523624,,,,
R2,477k820,34.07245901,131.38511081,,,,
R2,477k840,34.07231777,131.38497806,,,,
R2,477k860,34.07217973,131.3848379,,,,
R2,477k880,34.07204553,131.38469306,,,,
R2,477k900,34.07191511,131.38454338,,,,
R2,477k920,34.07178459,131.38438668,,,,
R2,477k940,34.07166064,131.38423189,,,,
R2,477k960,34.07153819,131.38407364,,,,
R2,477k980,34.0714179,131.38391277,,,,
R2,478k000,34.07129484,131.38374748,,,,
R2,478k020,34.0711758,131.38358433,,,,
R2,478k040,34.07105657,131.3834223,,,,
R2,478k060,34.07093752,131.38326069,,,,
R2,478k080,34.07081843,131.38309883,,,,
R2,478k100,34.07069996,131.38293799,,,,
R2,478k120,34.07058067,131.38277589,,,,
R2,478k140,34.07046099,131.38261326,,,,
R2,478k160,34.0703417,131.38245132,,,,
R2,478k180,34.07022253,131.38228938,,,,
R2,478k200,34.07010324,131.38212743,,,,
R2,478k220,34.06998311,131.38196218,,,,
R2,478k240,34.06986272,131.3817988,,,,
R2,478k260,34.06974378,131.38163739,,,,
R2,478k280,34.06962421,131.38147496,,,,
R2,478k300,34.06950381,131.38131159,,,,
R2,478k320,34.069384,131.38114882,,,,
R2,478k340,34.06926538,131.38098769,,,,
R2,478k360,34.06914524,131.38082481,,,,
R2,478k380,34.06902656,131.38066343,,,,
R2,478k400,34.068908,131.38050255,,,,
R2,478k420,34.06878779,131.38033943,,,,
R2,478k440,34.06866786,131.38017633,,,,
R2,478k460,34.06854828,131.38001406,,,,
R2,478k480,34.06842833,131.37985129,,,,
R2,478k500,34.06830958,131.37968999,,,,
R2,478k520,34.06818794,131.37952433,,,,
R2,478k540,34.06806856,131.37936217,,,,
R2,478k560,34.06794963,131.37920029,,,,
R2,478k580,34.06783064,131.3790385,,,,
R2,478k600,34.06771183,131.37887695,,,,
R2,478k620,34.06759196,131.37871378,,,,
R2,478k640,34.06747264,131.37855156,,,,
R2,478k660,34.06735295,131.37838865,,,,
R2,478k680,34.06723465,131.37822779,,,,
R2,478k700,34.06711604,131.37806651,,,,
R2,478k720,34.0669961,131.37790325,,,,
R2,478k740,34.06687698,131.37774129,,,,
R2,478k760,34.06675696,131.37757828,,,,
R2,478k780,34.06663749,131.37741775,,,,
R2,478k800,34.06651731,131.37725799,,,,
R2,478k820,34.06639522,131.37709779,,,,
R2,478k840,34.06627237,131.37693952,,,,
R2,478k860,34.06614912,131.37678207,,,,
R2,478k880,34.06602438,131.37662483,,,,
R2,478k900,34.06590018,131.37646977,,,,
R2,478k920,34.0657751,131.37631547,,,,
R2,478k940,34.06564819,131.3761605,,,,
R2,478k960,34.06552055,131.37600627,,,,
R2,478k980,34.06539435,131.37585574,,,,
R2,479k000,34.06526359,131.37570113,,,,
R2,479k020,34.06513509,131.37555099,,,,
R2,479k040,34.06500496,131.37540058,,,,
R2,479k060,34.06487446,131.37525148,,,,
R2,479k080,34.06474392,131.37510393,,,,
R2,479k100,34.06462865,131.37497507,,,,
R2,479k200,34.06394666,131.37422263,,,,
R2,479k220,34.0638043,131.37406568,,,,
R2,479k280,34.06341582,131.37363717,,,,
R2,479k400,34.06261999,131.37275969,,,,
R2,479k420,34.06248542,131.37261129,,,,
R2,479k440,34.06235268,131.3724649,,,,
R2,479k460,34.06222006,131.37231836,,,,
R2,479k480,34.06208676,131.37217152,,,,
R2,479k500,34.06195402,131.37202514,,,,
R2,479k520,34.06182142,131.37187891,,,,
R2,479k540,34.06168959,131.37173337,,,,
R2,479k560,34.06155649,131.37158661,,,,
R2,479k580,34.0614246,131.37144115,,,,
R2,479k600,34.06129256,131.37129556,,,,
R2,479k620,34.06115982,131.37114918,,,,
R2,479k640,34.06102658,131.37100209,,,,
R2,479k660,34.06089391,131.37085579,,,,
R2,479k680,34.06076018,131.37070833,,,,
R2,479k700,34.06063023,131.3705651,,,,
R2,479k720,34.06049688,131.3704168,,,,
R2,479k740,34.06036371,131.37026963,,,,
R2,479k760,34.06023208,131.37012385,,,,
R2,479k780,34.06009777,131.36997511,,,,
R2,479k800,34.05996922,131.36983276,,,,
R2,479k820,34.05983715,131.36968651,,,,
R2,479k840,34.05970425,131.36953933,,,,
R2,479k860,34.05957107,131.36939183,,,,
R2,479k880,34.059439,131.36924558,,,,
R2,479k900,34.05930526,131.36909747,,,,
R2,479k920,34.05917124,131.36894936,,,,
R2,479k940,34.05903947,131.36880343,,,,
R2,479k960,34.05890712,131.36865687,,,,
R2,479k980,34.05877435,131.36850985,,,,
R2,480k000,34.05864103,131.36836221,,,,
R2,480k360,34.05633099,131.36562629,,,,
R2,480k380,34.056224,131.3654528,,,,
R2,480k400,34.05612173,131.36527803,,,,
R2,480k420,34.05602134,131.36509746,,,,
R2,480k440,34.05592526,131.36491457,,,,
R2,480k460,34.05583258,131.36472825,,,,
R2,480k480,34.05574394,131.36453954,,,,
R2,480k500,34.05566291,131.36435684,,,,
R2,480k520,34.05558224,131.36416353,,,,
R2,480k540,34.05550547,131.36396779,,,,
R2,480k560,34.05543282,131.36377026,,,,
R2,480k580,34.05536438,131.36357021,,,,
R2,480k700,34.05503729,131.36232481,,,,
R2,480k780,34.05490705,131.3615013,,,,
R2,480k800,34.0548844,131.36128987,,,,
R2,480k840,34.0548538,131.36086125,,,,
R2,480k880,34.0548405,131.36042766,,,,
R2,480k920,34.05484423,131.35994974,,,,
R2,480k940,34.05484777,131.35973308,,,,
R2,480k960,34.05485236,131.35952014,,,,
R2,480k980,34.0548573,131.35930077,,,,
R2,481k000,34.05486183,131.35909068,,,,
R2,481k020,34.05486657,131.35887589,,,,
R2,481k040,34.05487135,131.35865893,,,,
R2,481k060,34.054876,131.35844346,,,,
R2,481k080,34.05488075,131.35822821,,,,
R2,481k100,34.05488567,131.35800482,,,,
R2,481k120,34.05489041,131.35778969,,,,
R2,481k140,34.05489507,131.35757387,,,,
R2,481k160,34.05489985,131.3573568,,,,
R2,481k180,34.05490454,131.35714005,,,,
R2,481k200,34.05490938,131.35692412,,,,
R2,481k220,34.05491318,131.35670518,,,,
R2,481k240,34.0549176,131.3564878,,,,
R2,481k260,34.05492218,131.35627186,,,,
R2,481k280,34.05492679,131.35605453,,,,
R2,481k300,34.05493123,131.3558389,,,,
R2,481k320,34.05493575,131.35562272,,,,
R2,481k340,34.05494023,131.35540675,,,,
R2,481k360,34.05494484,131.35519,,,,
R2,481k380,34.05494924,131.35497401,,,,
R2,481k400,34.05495382,131.35475748,,,,
R2,481k420,34.05495821,131.35454208,,,,
R2,481k440,34.05496271,131.35432659,,,,
R2,481k460,34.05496727,131.35411076,,,,
R2,481k480,34.05497182,131.35389435,,,,
R2,481k500,34.05497626,131.3536799,,,,
R2,481k520,34.05498412,131.35346721,,,,
R2,481k540,34.05498865,131.35325103,,,,
R2,481k560,34.05499311,131.35303395,,,,
R2,481k580,34.05499755,131.35281755,,,,
R2,481k600,34.05500213,131.35259311,,,,
R2,481k620,34.05500654,131.35237832,,,,
R2,481k640,34.05501108,131.35216238,,,,
R2,481k660,34.05501542,131.35194644,,,,
R2,481k680,34.05501997,131.35172935,,,,
R2,481k700,34.05502433,131.35151203,,,,
R2,481k720,34.0550288,131.35129437,,,,
R2,481k740,34.05503322,131.35107831,,,,
R2,481k760,34.05503766,131.35086226,,,,
R2,481k780,34.05504212,131.35064482,,,,
R2,481k800,34.05504665,131.35042889,,,,
R2,482k100,34.05511284,131.34717887,,,,
R2,482k900,34.05623826,131.33865484,,,,
R2,482k960,34.05634356,131.3380156,,,,
R2,484k200,34.05643555,131.3350154,,,,
R2,484k220,34.05643961,131.33479978,,,,
R2,484k240,34.05643622,131.33458265,,,,
R2,484k260,34.05642958,131.3343658,,,,
R2,484k280,34.05642237,131.33414988,,,,
R2,484k320,34.05640353,131.33371497,,,,
R2,484k340,34.05639604,131.33349997,,,,
R2,484k360,34.05639337,131.33328285,,,,
R2,484k380,34.05639187,131.33306531,,,,
R2,484k400,34.05639397,131.33284905,,,,
R2,484k420,34.05639716,131.33263443,,,,
R2,484k440,34.05640327,131.33241786,,,,
R2,484k460,34.05641151,131.33220068,,,,
R2,484k480,34.05641935,131.33198395,,,,
R2,484k500,34.05642778,131.33176677,,,,
R2,484k520,34.05643654,131.33155099,,,,
R2,484k540,34.05644419,131.33133448,,,,
R2,484k560,34.05645146,131.33111727,,,,
R2,484k580,34.05645985,131.33090123,,,,
R2,484k620,34.0564822,131.33046808,,,,
R2,484k640,34.05649122,131.33025184,,,,
R2,484k660,34.05650142,131.33003429,,,,
R2,484k680,34.05651063,131.32981807,,,,
R2,484k700,34.05651791,131.32960935,,,,
R2,484k720,34.05652773,131.329392,,,,
R2,484k740,34.0565375,131.32917603,,,,
R2,484k760,34.05654694,131.3289582,,,,
R2,484k780,34.05655595,131.32874221,,,,
R2,484k800,34.05656554,131.32852623,,,,
R2,484k820,34.05657317,131.32831155,,,,
R2,484k840,34.0565751,131.32809573,,,,
R2,484k860,34.05656423,131.3278794,,,,
R2,484k880,34.0565409,131.32766486,,,,
R2,485k000,34.05619749,131.32651505,,,,
R2,485k020,34.05610704,131.32632898,,,,
R2,485k040,34.05601585,131.32614054,,,,
R2,485k060,34.05592765,131.32595248,,,,
R2,485k080,34.05585483,131.32575358,,,,
R2,485k180,34.05584657,131.3246907,,,,
R2,485k200,34.05591258,131.32448806,,,,
R2,485k220,34.05597176,131.32429129,,,,
R2,485k240,34.05603923,131.32409057,,,,
R2,485k320,34.05633334,131.32321602,,,,
R2,485k340,34.05640064,131.32301521,,,,
R2,485k360,34.0564677,131.32281381,,,,
R2,485k380,34.05653499,131.32261299,,,,
R2,485k520,34.0568732,131.32123738,,,,
R2,485k540,34.05689106,131.32102309,,,,
R2,485k560,34.05689979,131.32080683,,,,
R2,485k580,34.0568977,131.32058994,,,,
R2,485k600,34.05688717,131.3203751,,,,
R2,485k620,34.05686672,131.32015918,,,,
R2,485k640,34.05683604,131.31994507,,,,
R2,485k660,34.05679661,131.31973334,,,,
R2,485k680,34.05674886,131.31952551,,,,
R2,485k700,34.05668988,131.31932045,,,,
R2,485k720,34.0566257,131.31911805,,,,
R2,485k740,34.05655883,131.31891585,,,,
R2,485k760,34.05649095,131.31871578,,,,
R2,485k780,34.05642474,131.31851294,,,,
R2,485k820,34.05629132,131.31810815,,,,
R2,485k840,34.05622383,131.31790738,,,,
R2,485k860,34.05615749,131.31770564,,,,
R2,485k880,34.0560903,131.3175045,,,,
R2,485k900,34.05601932,131.31729788,,,,
R2,485k920,34.05595358,131.31709686,,,,
R2,485k940,34.05588603,131.31689515,,,,
R2,485k960,34.05581909,131.31669488,,,,
R2,486k020,34.05565567,131.3160004,,,,
R2,486k040,34.05564237,131.31578423,,,,
R2,486k060,34.05564769,131.31556885,,,,
R2,486k120,34.05576519,131.31494144,,,,
R2,486k140,34.05584119,131.31474513,,,,
R2,486k160,34.05592463,131.31455259,,,,
R2,486k180,34.05600929,131.31436167,,,,
R2,486k200,34.05608535,131.31419076,,,,
R2,486k220,34.0561696,131.31399744,,,,
R2,486k240,34.05625317,131.31380604,,,,
R2,486k260,34.05633692,131.31361424,,,,
R2,486k280,34.05642264,131.31342431,,,,
R2,486k400,34.05722287,131.3125428,,,,
R2,486k520,34.05823542,131.31208026,,,,
R2,486k540,34.05839224,131.31197659,,,,
R2,486k560,34.05852713,131.31183648,,,,
R2,486k580,34.05864477,131.3116711,,,,
R2,486k600,34.05874015,131.31148746,,,,
R2,486k640,34.05884511,131.31107464,,,,
R2,486k660,34.05885056,131.31085721,,,,
R2,486k680,34.05882703,131.31064262,,,,
R2,487k140,34.06042899,131.30747956,,,,
R2,487k160,34.0606056,131.30743949,,,,
R2,487k180,34.06077527,131.30736801,,,,
R2,487k200,34.06092994,131.30726597,,,,
R2,487k220,34.06106824,131.30713495,,,,
R2,487k260,34.06128897,131.30679041,,,,
R2,487k280,34.06135978,131.3065935,,,,
R2,487k320,34.06141408,131.30619372,,,,
R2,487k340,34.06143379,131.30597778,,,,
R2,487k360,34.06145315,131.30576234,,,,
R2,487k380,34.06147165,131.30554816,,,,
R2,487k400,34.06149395,131.30530198,,,,
R2,487k420,34.06151119,131.30508378,,,,
R2,487k440,34.06151527,131.3048665,,,,
R2,487k460,34.06150597,131.30465247,,,,
R2,487k480,34.06148473,131.30443785,,,,
R2,487k500,34.06144708,131.30422705,,,,
R2,487k520,34.06139618,131.30401602,,,,
R2,487k540,34.06133376,131.30381268,,,,
R2,487k560,34.06126005,131.30361488,,,,
R2,487k580,34.0611756,131.30342768,,,,
R2,487k620,34.06098722,131.30303915,,,,
R2,487k640,34.06089955,131.3028497,,,,
R2,487k660,34.06081198,131.3026607,,,,
R2,487k680,34.06072418,131.30247153,,,,
R2,487k700,34.06063426,131.30227966,,,,
R2,487k720,34.06054673,131.30208593,,,,
R2,487k840,34.06046349,131.30084517,,,,
R2,487k860,34.06050547,131.30063481,,,,
R2,487k880,34.06054867,131.3004227,,,,
R2,488k040,34.06016292,131.29889183,,,,
R2,488k060,34.06003344,131.29874121,,,,
R2,488k080,34.05990597,131.29858798,,,,
R2,488k100,34.059799,131.29841913,,,,
R2,488k140,34.05964129,131.2980307,,,,
R2,488k160,34.05959613,131.29782209,,,,
R2,488k180,34.05957238,131.29760561,,,,
R2,488k220,34.05958406,131.29717118,,,,
R2,488k240,34.05960071,131.29695352,,,,
R2,488k260,34.05961771,131.29673659,,,,
R2,488k280,34.05963355,131.29652278,,,,
R2,488k300,34.0596524,131.29628231,,,,
R2,488k320,34.05967023,131.29606729,,,,
R2,488k340,34.05968671,131.29585239,,,,
R2,488k360,34.05970306,131.29563655,,,,
R2,488k380,34.0597194,131.29542094,,,,
R2,488k400,34.0597361,131.295227,,,,
R2,488k420,34.05975302,131.29501443,,,,
R2,488k440,34.05977026,131.2947996,,,,
R2,488k460,34.05978683,131.29458332,,,,
R2,488k480,34.05980555,131.29436632,,,,
R2,488k520,34.05984342,131.29393798,,,,
R2,488k540,34.05986103,131.29372185,,,,
R2,488k560,34.05987957,131.29350605,,,,
R2,488k580,34.05989715,131.29329015,,,,
R2,488k600,34.05991705,131.29304339,,,,
R2,488k620,34.05993608,131.29282857,,,,
R2,488k640,34.05995398,131.29261341,,,,
R2,488k660,34.05997333,131.29239701,,,,
R2,488k680,34.05999105,131.29218183,,,,
R2,488k700,34.06000717,131.29198858,,,,
R2,488k720,34.06002526,131.29177113,,,,
R2,488k740,34.06004347,131.29155691,,,,
R2,488k760,34.06006089,131.29134053,,,,
R2,488k780,34.06007867,131.29112695,,,,
R2,488k800,34.06009637,131.29091963,,,,
R2,488k820,34.0601003,131.29070207,,,,
R2,488k840,34.06008614,131.29048679,,,,
R2,488k860,34.06005527,131.29027472,,,,
R2,488k900,34.05993069,131.28984572,,,,
R2,488k920,34.05984772,131.28965289,,,,
R2,488k940,34.05974621,131.28947195,,,,
R2,489k000,34.05936456,131.28901721,,,,
R2,489k020,34.05921527,131.28889713,,,,
R2,489k040,34.05905641,131.28879756,,,,
R2,489k200,34.05773089,131.28815506,,,,
R2,489k220,34.05756483,131.28807533,,,,
R2,489k240,34.05739819,131.28799482,,,,
R2,489k260,34.05722968,131.28791439,,,,
R2,489k280,34.05706245,131.28783383,,,,
R2,489k420,34.05586978,131.28725545,,,,
R2,489k440,34.05570219,131.28717401,,,,
R2,489k460,34.05553475,131.28709215,,,,
R2,489k480,34.05536895,131.28701213,,,,
R2,489k520,34.05498932,131.28682529,,,,
R2,489k540,34.05482151,131.28674448,,,,
R2,489k580,34.05448732,131.28658237,,,,
R2,489k620,34.05418714,131.28643739,,,,
R2,489k720,34.05340402,131.28590992,,,,
R2,489k740,34.053269,131.28576829,,,,
R2,489k760,34.05313552,131.28562186,,,,
R2,489k780,34.0530012,131.2854745,,,,
R2,489k800,34.0528747,131.28533591,,,,
R2,489k820,34.05274041,131.28518953,,,,
R2,489k840,34.05260854,131.28504267,,,,
R2,489k860,34.05247427,131.28489661,,,,
R2,489k880,34.05234018,131.28475169,,,,
R2,489k900,34.05221182,131.28461078,,,,
R2,489k920,34.05207961,131.2844654,,,,
R2,489k940,34.05194537,131.28431999,,,,
R2,489k960,34.05180948,131.28417712,,,,
R2,489k980,34.05167046,131.28403984,,,,
R2,490k020,34.05133953,131.28376399,,,,
R2,490k040,34.05118669,131.28364847,,,,
R2,490k060,34.05103262,131.28353231,,,,
R2,490k080,34.05088046,131.2834181,,,,
R2,490k100,34.05072688,131.28330231,,,,
R2,490k120,34.05057372,131.28318655,,,,
R2,490k140,34.05042121,131.28307127,,,,
R2,490k160,34.05026805,131.28295551,,,,
R2,490k180,34.05011541,131.28284095,,,,
R2,490k200,34.04996359,131.28272564,,,,
R2,490k220,34.04981095,131.28261108,,,,
R2,490k240,34.04965611,131.28249948,,,,
R2,490k260,34.04949941,131.28239243,,,,
R2,490k280,34.04934094,131.28228838,,,,
R2,490k300,34.04919463,131.28219786,,,,
R2,490k320,34.04903252,131.28209878,,,,
R2,490k340,34.04886911,131.28200341,,,,
R2,490k360,34.04870721,131.28191309,,,,
R2,490k380,34.04854056,131.28182705,,,,
R2,490k400,34.04837502,131.28174466,,,,
R2,490k420,34.048208,131.28166652,,,,
R2,490k440,34.04803676,131.28159215,,,,
R2,490k460,34.0478651,131.2815232,,,,
R2,490k480,34.04769524,131.28145701,,,,
R2,490k500,34.04752561,131.2813914,,,,
R2,490k520,34.04735424,131.28132479,,,,
R2,490k540,34.04718312,131.28125805,,,,
R2,490k560,34.04701201,131.28119131,,,,
R2,490k580,34.04684048,131.28112389,,,,
R2,490k800,34.04494808,131.28039688,,,,
R2,490k820,34.04477423,131.28033109,,,,
R2,490k840,34.04460336,131.28026691,,,,
R2,490k860,34.04443092,131.28020188,,,,
R2,490k880,34.04425852,131.28013592,,,,
R2,490k920,34.04391349,131.28000055,,,,
R2,490k940,34.04374023,131.27993403,,,,
R2,490k960,34.04356964,131.27986876,,,,
R2,490k980,34.04339653,131.27980398,,,,
R2,491k000,34.04319938,131.27972924,,,,
R2,491k020,34.04302613,131.27966344,,,,
R2,491k040,34.04285403,131.27959711,,,,
R2,491k060,34.04268218,131.27953137,,,,
R2,491k080,34.04251062,131.27946526,,,,
R2,491k100,34.04236021,131.27940558,,,,
R2,491k120,34.04218841,131.27933961,,,,
R2,491k200,34.04155186,131.27891349,,,,
R2,491k240,34.04131373,131.27869041,,,,
R2,491k260,34.0412225,131.27850255,,,,
R2,491k280,34.04115277,131.27830149,,,,
R2,491k300,34.04107699,131.2780751,,,,
R2,491k320,34.04100919,131.27787305,,,,
R2,491k340,34.04094163,131.27767289,,,,
R2,491k360,34.0408733,131.27747112,,,,
R2,491k380,34.04080608,131.27727129,,,,
R2,491k400,34.04074018,131.277077,,,,
R2,491k420,34.04067139,131.27687746,,,,
R2,491k440,34.04059805,131.27667974,,,,
R2,491k460,34.04052301,131.27648364,,,,
R2,491k480,34.0404458,131.27628788,,,,
R2,491k520,34.04028688,131.27589513,,,,
R2,491k540,34.04021474,131.27569632,,,,
R2,491k560,34.04015077,131.27549366,,,,
R2,491k580,34.04009505,131.27528644,,,,
R2,491k600,34.04004811,131.27507828,,,,
R2,491k620,34.04001072,131.27486646,,,,
R2,491k640,34.03998143,131.27465429,,,,
R2,491k660,34.03996056,131.27443869,,,,
R2,491k680,34.03994845,131.27422193,,,,
R2,491k700,34.03993975,131.27403218,,,,
R2,491k720,34.03992983,131.27381587,,,,
R2,491k740,34.03991925,131.27359901,,,,
R2,491k760,34.03990972,131.27338402,,,,
R2,491k780,34.0398994,131.27316757,,,,
R2,491k800,34.03989011,131.2729726,,,,
R2,491k840,34.03986764,131.27246838,,,,
R2,491k860,34.03984499,131.27225248,,,,
R2,491k880,34.03983167,131.27203539,,,,
R2,491k900,34.03981954,131.27181941,,,,
R2,491k920,34.0398089,131.27160219,,,,
R2,491k940,34.03979823,131.27138451,,,,
R2,491k960,34.03978797,131.2711675,,,,
R2,492k020,34.03976247,131.27056627,,,,
R2,492k040,34.03976082,131.27034926,,,,
R2,492k060,34.0397609,131.27013263,,,,
R2,492k080,34.03976236,131.26991682,,,,
R2,492k120,34.03976734,131.26949348,,,,
R2,492k140,34.03977005,131.26927775,,,,
R2,492k160,34.03977235,131.26906034,,,,
R2,492k180,34.03977355,131.26884232,,,,
R2,492k300,34.03986805,131.26757572,,,,
R2,492k320,34.03991445,131.26736573,,,,
R2,492k340,34.03995988,131.26715791,,,,
R2,492k360,34.04000575,131.2669453,,,,
R2,492k380,34.04004721,131.26673673,,,,
R2,492k500,34.04021421,131.26541907,,,,
R2,492k520,34.04019913,131.26520376,,,,
R2,492k540,34.04016686,131.26498997,,,,
R2,492k560,34.04011651,131.26478315,,,,
R2,492k580,34.04006123,131.26457553,,,,
R2,492k620,34.03996195,131.26419735,,,,
R2,492k640,34.03990427,131.26399222,,,,
R2,492k660,34.03984061,131.2637888,,,,
R2,492k680,34.03976293,131.26359423,,,,
R2,493k620,34.03702147,131.25425994,,,,
R2,493k640,34.03692788,131.25407308,,,,
R2,493k660,34.03683399,131.25388679,,,,
R2,493k680,34.03674197,131.25370279,,,,
R2,493k700,34.03665636,131.25352988,,,,
R2,493k720,34.03656396,131.25334504,,,,
R2,493k740,34.03647291,131.25315908,,,,
R2,493k760,34.03639364,131.25296349,,,,
R2,493k780,34.03634184,131.25275405,,,,
R2,493k800,34.03632666,131.25251411,,,,
R2,493k820,34.03635184,131.25229811,,,,
R2,493k840,34.03641106,131.2520935,,,,
R2,493k860,34.03650137,131.25190802,,,,
R2,493k880,34.03660839,131.25173199,,,,
R2,493k900,34.03666672,131.25155177,,,,
R2,494k020,34.03731145,131.25063993,,,,
R2,494k040,34.03742307,131.2504683,,,,
R2,494k060,34.03753372,131.25029779,,,,
R2,494k080,34.03764547,131.25012744,,,,
R2,494k100,34.03775551,131.24995636,,,,
R2,494k140,34.03797804,131.24961417,,,,
R2,494k160,34.0380888,131.24944347,,,,
R2,494k180,34.03820134,131.24927415,,,,
R2,494k280,34.03888382,131.24858247,,,,
R2,494k300,34.03904025,131.24850436,,,,
R2,494k320,34.03920548,131.24842804,,,,
R2,494k340,34.03937615,131.24835203,,,,
R2,494k360,34.03953852,131.24825565,,,,
R2,494k380,34.03969002,131.24814178,,,,
R2,494k400,34.03983691,131.24800014,,,,
R2,494k420,34.03996048,131.24784463,,,,
R2,494k440,34.04006963,131.24766977,,,,
R2,494k460,34.04015929,131.24748211,,,,
R2,494k480,34.04024322,131.24729159,,,,
R2,494k600,34.04094963,131.24659194,,,,
R2,494k620,34.04112547,131.24655431,,,,
R2,494k640,34.04130178,131.24650624,,,,
R2,494k660,34.04147012,131.24643101,,,,
R2,494k680,34.04163203,131.24633295,,,,
R2,494k820,34.04237025,131.24520203,,,,
R2,494k840,34.04243249,131.24499866,,,,
R2,494k860,34.04249581,131.24479504,,,,
R2,494k880,34.04255872,131.24459415,,,,
R2,494k900,34.04262255,131.24438538,,,,
R2,494k920,34.04268568,131.24418239,,,,
R2,494k940,34.04274842,131.2439807,,,,
R2,494k960,34.0428114,131.2437762,,,,
R2,494k980,34.04287279,131.24357223,,,,
R2,495k000,34.04293316,131.24337513,,,,
R2,495k020,34.04298943,131.24316654,,,,
R2,495k040,34.04303817,131.24295668,,,,
R2,495k060,34.04307874,131.24274698,,,,
R2,495k080,34.0431147,131.24253507,,,,
R2,495k120,34.04316738,131.24211214,,,,
R2,495k140,34.04318172,131.24189707,,,,
R2,495k160,34.04319646,131.24167925,,,,
R2,495k180,34.04321099,131.24146281,,,,
R2,495k200,34.04322426,131.24125668,,,,
R2,495k220,34.04323939,131.24103864,,,,
R2,495k240,34.04325466,131.24082542,,,,
R2,495k260,34.04326922,131.24060669,,,,
R2,495k280,34.04328222,131.24039046,,,,
R2,495k300,34.04328483,131.24016349,,,,
R2,495k320,34.04327473,131.23994641,,,,
R2,495k340,34.04325523,131.23973124,,,,
R2,495k360,34.04323288,131.2395151,,,,
R2,495k380,34.04321204,131.2393006,,,,
R2,495k420,34.04316726,131.23886649,,,,
R2,495k440,34.04314709,131.23864993,,,,
R2,495k460,34.04312712,131.23843614,,,,
R2,495k480,34.04310716,131.23822236,,,,
R2,495k500,34.04308922,131.23801613,,,,
R2,495k520,34.04307631,131.23780298,,,,
R2,495k540,34.04307818,131.23758634,,,,
R2,495k560,34.04309705,131.23736732,,,,
R2,495k580,34.04312798,131.23715468,,,,
R2,495k600,34.04316328,131.23694266,,,,
R2,495k620,34.04320023,131.23671952,,,,
R2,495k640,34.04323418,131.23650762,,,,
R2,495k660,34.04326785,131.23629407,,,,
R2,495k680,34.04330104,131.23608187,,,,
R2,495k700,34.04329207,131.2358698,,,,
R2,495k720,34.04337125,131.2356696,,,,
R2,495k740,34.04340693,131.23545742,,,,
R2,495k760,34.04344294,131.23524462,,,,
R2,495k780,34.04347848,131.23503404,,,,
R2,495k800,34.04351462,131.23482436,,,,
R2,495k820,34.0435504,131.23461173,,,,
R2,495k840,34.04358695,131.23440099,,,,
R2,495k860,34.04362246,131.2341878,,,,
R2,495k880,34.04365846,131.233975,,,,
R2,495k980,34.04402396,131.2329755,,,,
R2,496k620,34.04550039,131.22760344,,,,
R2,496k640,34.04564994,131.22748498,,,,
R2,496k660,34.04579116,131.22735004,,,,
R2,496k680,34.04593109,131.22721221,,,,
R2,496k720,34.04618863,131.226961,,,,
R2,496k740,34.04632871,131.2268248,,,,
R2,496k760,34.0464686,131.22668762,,,,
R2,496k780,34.04660342,131.22654324,,,,
R2,496k800,34.04673721,131.2263924,,,,
R2,496k820,34.04686535,131.22623887,,,,
R2,496k840,34.04699355,131.2260865,,,,
R2,496k860,34.04712157,131.2259328,,,,
R2,496k880,34.0472425,131.22577577,,,,
R2,497k000,34.04726829,131.22449938,,,,
R2,497k020,34.0471592,131.22432572,,,,
R2,497k040,34.04704805,131.22415231,,,,
R2,497k060,34.04693795,131.22398114,,,,
R2,497k120,34.04663882,131.22351558,,,,
R2,497k140,34.04652869,131.22334474,,,,
R2,497k160,34.04641823,131.22317304,,,,
R2,497k180,34.04630881,131.22300358,,,,
R2,497k600,34.04523863,131.21879464,,,,
R2,497k620,34.04520632,131.21858268,,,,
R2,497k640,34.04517458,131.21836902,,,,
R2,497k660,34.04515744,131.21815311,,,,
R2,497k680,34.04515619,131.21793615,,,,
R2,497k820,34.0448033,131.21647575,,,,
R2,497k840,34.04467912,131.21631718,,,,
R2,497k860,34.04455552,131.21616013,,,,
R2,497k880,34.04443293,131.21600057,,,,
R2,497k900,34.04432317,131.21581346,,,,
R2,497k980,34.04422776,131.21497648,,,,
R2,498k000,34.04426466,131.21479704,,,,
R2,498k020,34.04431019,131.21458761,,,,
R2,498k040,34.04435502,131.21437739,,,,
R2,498k060,34.04439379,131.21416669,,,,
R2,498k080,34.04442758,131.21395484,,,,
R2,498k100,34.04446346,131.21373098,,,,
R2,498k720,34.04612193,131.20736064,,,,
R2,498k740,34.04619316,131.20716184,,,,
R2,498k760,34.04626144,131.20696022,,,,
R2,498k780,34.04632613,131.2067573,,,,
R2,498k800,34.046389,131.20655548,,,,
R2,498k820,34.04645381,131.20635225,,,,
R2,498k840,34.04651739,131.20615014,,,,
R2,498k860,34.04658011,131.20594637,,,,
R2,498k880,34.04664151,131.20574343,,,,
R2,498k900,34.04670369,131.2055394,,,,
R2,498k920,34.0467683,131.20533669,,,,
R2,498k940,34.04684193,131.2051402,,,,
R2,498k960,34.04692314,131.20494599,,,,
R2,498k980,34.04701328,131.20475794,,,,
R2,499k040,34.04734436,131.20419104,,,,
R2,499k060,34.04745469,131.20401774,,,,
R2,499k080,34.04756002,131.20384381,,,,
R2,499k100,34.04764935,131.20367689,,,,
R2,499k120,34.04773808,131.20348758,,,,
R2,499k140,34.0478236,131.20329465,,,,
R2,499k160,34.04790792,131.20310527,,,,
R2,499k180,34.0479912,131.20291261,,,,
R2,499k200,34.04807645,131.20271842,,,,
R2,499k220,34.04816049,131.20252671,,,,
R2,499k240,34.04824374,131.20233724,,,,
R2,499k260,34.04832739,131.20214697,,,,
R2,499k280,34.04841132,131.20195479,,,,
R2,499k320,34.04857971,131.20156854,,,,
R2,499k340,34.04866332,131.20137954,,,,
R2,499k360,34.0487478,131.20118497,,,,
R2,499k380,34.04883213,131.2009941,,,,
R2,499k400,34.04890866,131.20080549,,,,
R2,499k420,34.04897593,131.20059992,,,,
R2,499k440,34.04903995,131.20039788,,,,
R2,499k460,34.04910291,131.20019536,,,,
R2,499k480,34.0491644,131.1999928,,,,
R2,499k500,34.04923045,131.1997717,,,,
R2,499k580,34.04956666,131.19901188,,,,
R2,499k600,34.04970184,131.19889167,,,,
R2,499k620,34.04978919,131.19869563,,,,
R2,499k640,34.04990976,131.1985345,,,,
R2,499k660,34.05003682,131.19838082,,,,
R2,499k680,34.05016929,131.19823755,,,,
R2,499k700,34.0503231,131.19808992,,,,
R2,499k720,34.05046975,131.19796524,,,,
R2,499k740,34.05062254,131.19784856,,,,
R2,499k820,34.05121338,131.19722802,,,,
R2,499k840,34.05131565,131.19705053,,,,
R2,499k860,34.05140463,131.19686031,,,,
R2,499k880,34.05147738,131.19666454,,,,
R2,500k580,34.0511445,131.18932476,,,,
R2,500k600,34.05104119,131.18914723,,,,
R2,500k620,34.05094151,131.18896708,,,,
R2,500k640,34.05084492,131.18878409,,,,
R2,500k660,34.05075263,131.18859808,,,,
R2,500k680,34.05066361,131.18840966,,,,
R2,500k700,34.05057855,131.18821841,,,,
R2,500k720,34.05049726,131.18802496,,,,
R2,500k740,34.05041977,131.18782929,,,,
R2,500k760,34.05034655,131.18763163,,,,
R2,500k780,34.05027678,131.18743197,,,,
R2,500k800,34.05021112,131.18722989,,,,
R2,500k820,34.05014917,131.18702661,,,,
R2,500k840,34.05009033,131.18682202,,,,
R2,500k860,34.05003432,131.18661599,,,,
R2,500k880,34.04998088,131.1864091,,,,
R2,500k900,34.04992968,131.18620151,,,,
R2,500k920,34.04988027,131.18599314,,,,
R2,500k940,34.04983218,131.18578445,,,,
R2,500k960,34.04978517,131.18557531,,,,
R2,500k980,34.04973888,131.18536585,,,,
R2,501k000,34.04969284,131.18515654,,,,
R2,501k020,34.04964655,131.18494709,,,,
R2,501k040,34.04959973,131.18473787,,,,
R2,501k060,34.04955164,131.18452919,,,,
R2,501k080,34.04950187,131.18432098,,,,
R2,501k100,34.04944951,131.18411363,,,,
R2,501k120,34.04939435,131.18390751,,,,
R2,501k140,34.04933612,131.18370247,,,,
R2,501k160,34.04927463,131.18349881,,,,
R2,501k180,34.04920995,131.18329673,,,,
R2,501k200,34.04914219,131.18309594,,,,
R2,501k220,34.04907142,131.18289664,,,,
R2,501k240,34.04899755,131.18269914,,,,
R2,501k260,34.0489205,131.18250323,,,,
R2,501k280,34.04884061,131.18230921,,,,
R2,501k300,34.04875754,131.1821168,,,,
R2,501k320,34.04867171,131.18192649,,,,
R2,501k340,34.04858279,131.18173798,,,,
R2,501k360,34.0484911,131.18155158,,,,
R2,501k380,34.0483964,131.18136718,,,,
R2,501k400,34.04829894,131.18118489,,,,
R2,501k420,34.04819847,131.18100499,,,,
R2,501k440,34.04809552,131.18082708,,,,
R2,501k460,34.04798969,131.18065186,,,,
R2,501k480,34.04788122,131.18047888,,,,
R2,501k500,34.04777007,131.18030813,,,,
R2,501k520,34.04765695,131.18013959,,,,
R2,501k540,34.04754175,131.17997309,,,,
R2,501k560,34.04742482,131.17980803,,,,
R2,501k580,34.04730655,131.17964467,,,,
R2,501k600,34.04718717,131.17948221,,,,
R2,501k620,34.04706713,131.17932061,,,,
R2,501k640,34.04694641,131.17915986,,,,
R2,501k660,34.04682543,131.17899905,,,,
R2,501k680,34.04670439,131.17883855,,,,
R2,501k700,34.04658372,131.17867747,,,,
R2,501k720,34.04646311,131.17851639,,,,
R2,501k740,34.04634373,131.17835395,,,,
R2,501k760,34.04622528,131.17819073,,,,
R2,501k780,34.0461083,131.17802601,,,,
R2,501k800,34.04599282,131.17785946,,,,
R2,501k820,34.04587938,131.17769121,,,,
R2,501k840,34.04576801,131.17752092,,,,
R2,501k860,34.04565905,131.17734835,,,,
R2,501k880,34.04555248,131.17717349,,,,
R2,501k900,34.04544853,131.17699671,,,,
R2,501k920,34.04534681,131.17681777,,,,
R2,501k940,34.04524771,131.17663692,,,,
R2,501k960,34.04515112,131.17645397,,,,
R2,501k980,34.04505699,131.17626923,,,,
R2,502k000,34.04496609,131.17608206,,,,
R2,502k020,34.04487731,131.17589364,,,,
R2,502k040,34.04479106,131.17570338,,,,
R2,502k060,34.04470733,131.17551146,,,,
R2,502k080,34.04462637,131.175318,,,,
R2,502k100,34.0445481,131.17512278,,,,
R2,502k120,34.04447269,131.17492622,,,,
R2,502k140,34.04439996,131.17472791,,,,
R2,502k160,34.04432991,131.17452836,,,,
R2,502k180,34.04426272,131.17432746,,,,
R2,502k200,34.04419795,131.17412521,,,,
R2,502k220,34.04413622,131.17392153,,,,
R2,502k240,34.0440774,131.17371671,,,,
R2,502k260,34.0440216,131.17351096,,,,
R2,502k280,34.04396849,131.17330399,,,,
R2,502k300,34.04391848,131.17309577,,,,
R2,502k320,34.04387113,131.17288652,,,,
R2,502k340,34.0438269,131.17267673,,,,
R2,502k360,34.04378542,131.17246586,,,,
R2,502k380,34.04374675,131.17225436,,,,
R2,502k400,34.04371124,131.17204193,,,,
R2,502k420,34.04367858,131.17182909,,,,
R2,502k440,34.04364889,131.17161534,,,,
R2,502k460,34.04362167,131.17140127,,,,
R2,502k480,34.0435969,131.17118665,,,,
R2,502k500,34.04357424,131.17097181,,,,
R2,502k520,34.04355344,131.17075654,,,,
R2,502k540,34.043534,131.1705412,,,,
R2,502k560,34.0435159,131.17032579,,,,
R2,502k580,34.04349874,131.17011018,,,,
R2,502k600,34.04348216,131.16989443,,,,
R2,502k620,34.04346593,131.16967879,,,,
R2,502k640,34.04344986,131.16946299,,,,
R2,502k660,34.04343381,131.16924742,,,,
R2,502k680,34.04341774,131.16903161,,,,
R2,502k700,34.04340168,131.16881581,,,,
R2,502k720,34.04338563,131.16860023,,,,
R2,502k740,34.04336956,131.16838443,,,,
R2,502k760,34.04335349,131.16816864,,,,
R2,502k780,34.04333742,131.16795284,,,,
R2,502k800,34.04332118,131.16773729,,,,
R2,502k820,34.04330511,131.16752148,,,,
R2,502k840,34.04328904,131.16730568,,,,
R2,502k860,34.04327299,131.16709011,,,,
R2,502k880,34.04325692,131.16687431,,,,
R2,502k920,34.04322484,131.16644282,,,,
R2,502k940,34.04320868,131.16622706,,,,
R2,502k960,34.04319253,131.1660113,,,,
R2,502k980,34.04317656,131.16579551,,,,
R2,503k000,34.04316044,131.16557998,,,,
R2,503k020,34.04314429,131.16536422,,,,
R2,503k040,34.04312832,131.16514843,,,,
R2,503k060,34.04311217,131.16493267,,,,
R2,503k080,34.04309601,131.16471691,,,,
R2,503k100,34.04308007,131.16450135,,,,
R2,503k120,34.04306392,131.16428558,,,,
R2,503k140,34.04304777,131.16406983,,,,
R2,503k160,34.0430318,131.16385404,,,,
R2,503k180,34.04301564,131.16363828,,,,
R2,503k220,34.04298353,131.16320689,,,,
R2,503k240,34.04296726,131.1629911,,,,
R2,503k260,34.04295118,131.16277529,,,,
R2,503k280,34.04293513,131.16255971,,,,
R2,503k300,34.04291905,131.1623439,,,,
R2,503k320,34.04290298,131.1621281,,,,
R2,503k340,34.04288692,131.16191252,,,,
R2,503k360,34.04287085,131.16169672,,,,
R2,503k380,34.04285477,131.16148091,,,,
R2,503k400,34.04283872,131.16126533,,,,
R2,503k420,34.04282264,131.16104952,,,,
R2,503k440,34.04280638,131.16083397,,,,
R2,503k460,34.04279031,131.16061816,,,,
R2,503k480,34.04277423,131.16040235,,,,
R2,503k520,34.04274206,131.15997092,,,,
R2,503k540,34.04272597,131.15975525,,,,
R2,503k560,34.04270989,131.15953957,,,,
R2,503k580,34.04269378,131.15932367,,,,
R2,503k600,34.04267789,131.15910798,,,,
R2,503k620,34.04266217,131.15889227,,,,
R2,503k640,34.04264703,131.1586763,,,,
R2,503k660,34.04263227,131.15846052,,,,
R2,503k680,34.04261846,131.15824446,,,,
R2,503k700,34.04260542,131.15802857,,,,
R2,503k720,34.04259332,131.15781239,,,,
R2,503k740,34.04258256,131.15759611,,,,
R2,503k760,34.04257295,131.15737998,,,,
R2,503k780,34.04256505,131.15716349,,,,
R2,503k800,34.04255392,131.15696724,,,,
R2,503k820,34.04255377,131.15673066,,,,
R2,503k840,34.04255104,131.15651403,,,,
R2,503k860,34.04255021,131.15629737,,,,
R2,503k880,34.04255149,131.15608092,,,,
R2,503k900,34.04255467,131.15586422,,,,
R2,503k920,34.04255996,131.15564772,,,,
R2,503k940,34.04256716,131.15543143,,,,
R2,503k960,34.04257647,131.15521511,,,,
R2,503k980,34.04258769,131.154999,,,,
R2,504k000,34.04260081,131.15478287,,,,
R2,504k020,34.04261604,131.15456717,,,,
R2,504k040,34.04263337,131.15435144,,,,
R2,504k060,34.04265242,131.15413616,,,,
R2,504k080,34.04267376,131.15392108,,,,
R2,504k120,34.04272196,131.15349169,,,,
R2,504k140,34.04274919,131.1532777,,,,
R2,504k160,34.04277837,131.15306378,,,,
R2,504k180,34.0428094,131.15285041,,,,
R2,504k200,34.04284249,131.15263762,,,,
R2,504k220,34.04287747,131.15242513,,,,
R2,504k240,34.04291449,131.15221324,,,,
R2,504k260,34.04295361,131.15200172,,,,
R2,504k280,34.0429944,131.15179066,,,,
R2,504k300,34.04303737,131.15158048,,,,
R2,504k320,34.04308206,131.15137055,,,,
R2,504k340,34.04312893,131.15116148,,,,
R2,504k360,34.04317747,131.1509529,,,,
R2,504k380,34.04322825,131.15074495,,,,
R2,504k400,34.04328065,131.1505377,,,,
R2,504k420,34.043335,131.1503313,,,,
R2,504k440,34.04339147,131.15012558,,,,
R2,504k460,34.04344978,131.14992048,,,,
R2,504k480,34.0435104,131.14971651,,,,
R2,504k500,34.04357332,131.14951364,,,,
R2,504k520,34.0436388,131.14931175,,,,
R2,504k540,34.04370686,131.14911135,,,,
R2,504k560,34.04377801,131.1489122,,,,
R2,504k580,34.04385211,131.1487147,,,,
R2,504k600,34.0439295,131.14851905,,,,
R2,504k620,34.04401012,131.14832543,,,,
R2,504k640,34.0440944,131.14813382,,,,
R2,504k660,34.04418217,131.14794465,,,,
R2,504k680,34.04427365,131.14775799,,,,
R2,504k740,34.04458389,131.14719641,,,,
R2,504k760,34.04467946,131.14704252,,,,
R2,504k780,34.04479124,131.14687235,,,,
R2,504k800,34.04490683,131.14670636,,,,
R2,504k820,34.04502651,131.14654422,,,,
R2,504k840,34.04514974,131.14638624,,,,
R2,504k860,34.04527692,131.1462326,,,,
R2,504k880,34.04540766,131.14608346,,,,
R2,504k900,34.0455418,131.14593866,,,,
R2,504k920,34.04567937,131.14579886,,,,
R2,504k940,34.04582023,131.14566355,,,,
R2,504k960,34.04596422,131.14553324,,,,
R2,504k980,34.04611124,131.14540776,,,,
R2,505k000,34.04626083,131.14528688,,,,
R2,505k020,34.0464122,131.14516942,,,,
R2,505k040,34.04656535,131.14505493,,,,
R2,505k060,34.04671948,131.14494244,,,,
R2,505k080,34.04687423,131.14483138,,,,
R2,505k100,34.04702919,131.1447207,,,,
R2,505k120,34.04718394,131.14460965,,,,
R2,505k140,34.04733829,131.14449753,,,,
R2,505k160,34.04749151,131.14438355,,,,
R2,505k180,34.04764337,131.1442665,,,,
R2,505k200,34.04779322,131.1441461,,,,
R2,505k220,34.04794077,131.14402147,,,,
R2,505k240,34.04808515,131.14389196,,,,
R2,505k260,34.04822607,131.14375666,,,,
R2,505k280,34.04836316,131.14361618,,,,
R2,505k300,34.04851318,131.14349149,,,,
R2,505k320,34.04862512,131.14331854,,,,
R2,505k340,34.04874977,131.14316214,,,,
R2,505k360,34.04887012,131.14300065,,,,
R2,505k380,34.04898588,131.14283462,,,,
R2,505k400,34.04909686,131.14266395,,,,
R2,505k420,34.04920329,131.14248907,,,,
R2,505k440,34.04930448,131.14230997,,,,
R2,505k460,34.04940085,131.14212674,,,,
R2,505k480,34.04949208,131.14193993,,,,
R2,505k500,34.04957806,131.14174974,,,,
R2,505k520,34.04965876,131.14155586,,,,
R2,505k540,34.04973399,131.14135898,,,,
R2,505k560,34.04980367,131.14115929,,,,
R2,505k580,34.04986777,131.14095679,,,,
R2,505k600,34.04992627,131.140752,,,,
R2,505k620,34.04997889,131.14054476,,,,
R2,505k640,34.05002601,131.14033584,,,,
R2,505k660,34.0500671,131.14012495,,,,
R2,505k680,34.05010231,131.13991257,,,,
R2,505k700,34.05013185,131.13969872,,,,
R2,505k720,34.0501553,131.13948406,,,,
R2,505k740,34.05017266,131.13926836,,,,
R2,505k760,34.05018411,131.13905233,,,,
R2,505k780,34.05018965,131.13883573,,,,
R2,505k800,34.05018906,131.13861923,,,,
R2,505k820,34.05018255,131.13840262,,,,
R2,505k840,34.0501699,131.13818659,,,,
R2,505k860,34.0501513,131.13797112,,,,
R2,505k880,34.05012692,131.13775648,,,,
R2,505k900,34.05009637,131.1375431,,,,
R2,505k920,34.05006036,131.13733095,,,,
R2,505k940,34.05001924,131.13712001,,,,
R2,505k960,34.04997347,131.13691049,,,,
R2,505k980,34.04992345,131.13670245,,,,
R2,506k000,34.04986955,131.1364957,,,,
R2,506k020,34.04981255,131.13629013,,,,
R2,506k040,34.04975271,131.13608589,,,,
R2,506k060,34.04969029,131.13588259,,,,
R2,506k080,34.04962591,131.13568019,,,,
R2,506k100,34.04956017,131.13547866,,,,
R2,506k120,34.0494933,131.13527742,,,,
R2,506k140,34.04942553,131.13507659,,,,
R2,506k160,34.04935765,131.13487605,,,,
R2,506k180,34.0492897,131.13467531,,,,
R2,506k220,34.04915384,131.13427399,,,,
R2,506k240,34.04908606,131.13407344,,,,
R2,506k260,34.04901802,131.13387277,,,,
R2,506k280,34.04894999,131.13367209,,,,
R2,506k300,34.04888221,131.13347156,,,,
R2,506k320,34.04881418,131.13327089,,,,
R2,506k340,34.04874632,131.13307012,,,,
R2,506k360,34.04867836,131.13286967,,,,
R2,506k380,34.0486105,131.13266892,,,,
R2,506k400,34.04854247,131.13246825,,,,
R2,506k420,34.04847444,131.13226758,,,,
R2,506k440,34.04840665,131.13206704,,,,
R2,506k460,34.04833861,131.13186637,,,,
R2,506k480,34.04827076,131.13166562,,,,
R2,506k520,34.04813493,131.13126433,,,,
R2,506k540,34.04806696,131.13106388,,,,
R2,506k560,34.04799909,131.13086312,,,,
R2,506k580,34.04793106,131.13066246,,,,
R2,506k600,34.04786308,131.13046201,,,,
R2,506k620,34.04779522,131.13026125,,,,
R2,506k640,34.04772717,131.13006059,,,,
R2,506k660,34.04765938,131.12986005,,,,
R2,506k680,34.04759133,131.12965938,,,,
R2,506k700,34.04752346,131.12945863,,,,
R2,506k720,34.04745542,131.12925797,,,,
R2,506k740,34.04738745,131.12905752,,,,
R2,506k760,34.04731958,131.12885676,,,,
R2,506k780,34.04725153,131.12865611,,,,
R2,506k820,34.04711581,131.1282549,,,,
R2,506k840,34.04704776,131.12805425,,,,
R2,506k860,34.04697989,131.12785351,,,,
R2,506k880,34.04691174,131.12765315,,,,
R2,506k900,34.04684299,131.12745284,,,,
R2,506k920,34.04677336,131.12725298,,,,
R2,506k940,34.04670284,131.12705356,,,,
R2,506k960,34.04663151,131.12685479,,,,
R2,506k980,34.04655941,131.12665616,,,,
R2,507k000,34.04648649,131.12645819,,,,
R2,507k020,34.04641262,131.12626044,,,,
R2,507k040,34.04633813,131.12606326,,,,
R2,507k060,34.04626274,131.12586653,,,,
R2,507k080,34.04618648,131.12567022,,,,
R2,507k140,34.04595209,131.12508468,,,,
R2,507k160,34.04587119,131.12489106,,,,
R2,507k180,34.04578824,131.12469874,,,,
R2,507k200,34.04570267,131.12450798,,,,
R2,507k220,34.04561444,131.12431909,,,,
R2,507k240,34.04552294,131.12413264,,,,
R2,507k260,34.04542792,131.12394857,,,,
R2,507k280,34.04532917,131.12376736,,,,
R2,507k300,34.04522671,131.12358899,,,,
R2,507k320,34.04512016,131.12341441,,,,
R2,507k340,34.0450091,131.12324368,,,,
R2,507k360,34.04489739,131.12307386,,,,
R2,507k380,34.0447842,131.1229051,,,,
R2,507k420,34.04455162,131.12257406,,,,
R2,507k440,34.04443307,131.12241088,,,,
R2,507k460,34.04431605,131.12224629,,,,
R2,507k480,34.04419981,131.12208061,,,,
R2,507k500,34.04408524,131.12191339,,,,
R2,507k520,34.04397275,131.12174409,,,,
R2,507k540,34.04386316,131.12157211,,,,
R2,507k560,34.04375709,131.12139696,,,,
R2,507k580,34.04365522,131.12121817,,,,
R2,507k600,34.04355854,131.12103552,,,,
R2,507k620,34.04346761,131.12084832,,,,
R2,507k640,34.04338333,131.12065701,,,,
R2,507k660,34.04330617,131.12046122,,,,
R2,507k680,34.04323627,131.12026165,,,,
R2,507k720,34.0431192,131.11985199,,,,
R2,507k740,34.04307209,131.11964307,,,,
R2,507k760,34.04303264,131.11943171,,,,
R2,507k780,34.04300104,131.11921836,,,,
R2,507k800,34.0429769,131.11900372,,,,
R2,507k820,34.04295965,131.11878824,,,,
R2,507k840,34.04294889,131.11857215,,,,
R2,507k860,34.04294368,131.11835566,,,,
R2,507k880,34.04294363,131.118139,,,,
R2,507k900,34.04294817,131.11792146,,,,
R2,507k920,34.04295671,131.11770512,,,,
R2,507k940,34.04296946,131.11748906,,,,
R2,507k960,34.04298603,131.11727327,,,,
R2,507k980,34.04300659,131.11705821,,,,
R2,508k020,34.04305978,131.11662968,,,,
R2,508k040,34.04309214,131.11641674,,,,
R2,508k060,34.04312777,131.11620424,,,,
R2,508k080,34.04316615,131.11599271,,,,
R2,508k100,34.04320643,131.1157816,,,,
R2,508k120,34.04324822,131.11557079,,,,
R2,508k140,34.04329106,131.11536058,,,,
R2,508k160,34.04333414,131.11515023,,,,
R2,508k180,34.0433774,131.11493992,,,,
R2,508k200,34.04342047,131.11472957,,,,
R2,508k220,34.04346373,131.11451927,,,,
R2,508k240,34.0435068,131.1143089,,,,
R2,508k260,34.04355006,131.11409861,,,,
R2,508k280,34.04359309,131.11388846,,,,
R2,508k320,34.04367957,131.11346789,,,,
R2,508k340,34.04372267,131.11325743,,,,
R2,508k360,34.04376593,131.11304724,,,,
R2,508k380,34.04380899,131.112837,,,,
R2,508k400,34.0438521,131.11262653,,,,
R2,508k420,34.04389535,131.11241635,,,,
R2,508k440,34.04393842,131.11220611,,,,
R2,508k460,34.04398152,131.11199564,,,,
R2,508k480,34.04402403,131.11178526,,,,
R2,508k500,34.04406545,131.11157435,,,,
R2,508k520,34.04410478,131.11136313,,,,
R2,508k540,34.04414172,131.11115106,,,,
R2,508k560,34.04417564,131.11093844,,,,
R2,508k580,34.04420563,131.11072479,,,,
R2,508k620,34.04425125,131.11029514,,,,
R2,508k640,34.04426598,131.11007924,,,,
R2,508k660,34.04427532,131.10986305,,,,
R2,508k680,34.04427909,131.10964636,,,,
R2,508k700,34.04427713,131.10942988,,,,
R2,508k720,34.0442698,131.10921334,,,,
R2,508k740,34.04425676,131.10899747,,,,
R2,508k760,34.04423839,131.108782,,,,
R2,508k780,34.0442145,131.10856718,,,,
R2,508k800,34.04418511,131.10835346,,,,
R2,508k820,34.04415118,131.10814077,,,,
R2,508k840,34.0441131,131.10792909,,,,
R2,508k860,34.04407181,131.10771835,,,,
R2,508k880,34.04402768,131.10750828,,,,
R2,508k900,34.04398148,131.10729882,,,,
R2,508k920,34.04393409,131.10708997,,,,
R2,508k940,34.04388566,131.1068815,,,,
R2,508k960,34.04383718,131.10667281,,,,
R2,508k980,34.0437887,131.10646413,,,,
R2,509k000,34.04374021,131.10625545,,,,
R2,509k020,34.04369216,131.10604686,,,,
R2,509k040,34.04364459,131.10583787,,,,
R2,509k060,34.04359814,131.1056285,,,,
R2,509k080,34.04355283,131.10541899,,,,
R2,509k100,34.04350914,131.10520871,,,,
R2,509k120,34.04346732,131.10499802,,,,
R2,509k140,34.04342778,131.10478681,,,,
R2,509k160,34.04339062,131.10457481,,,,
R2,509k180,34.04335633,131.10436233,,,,
R2,509k220,34.04329711,131.10393488,,,,
R2,509k240,34.04327214,131.10372036,,,,
R2,509k260,34.04325022,131.10350535,,,,
R2,509k280,34.04323155,131.10329006,,,,
R2,509k300,34.04321592,131.10307428,,,,
R2,509k320,34.04320335,131.10285824,,,,
R2,509k340,34.04319403,131.10264191,,,,
R2,509k360,34.04318776,131.10242532,,,,
R2,509k380,34.04318455,131.10220893,,,,
R2,509k400,34.04318458,131.10199226,,,,
R2,509k420,34.04318768,131.10177578,,,,
R2,509k440,34.04319401,131.10155928,,,,
R2,509k460,34.04320341,131.10134294,,,,
R2,509k480,34.04321606,131.10112681,,,,
R2,509k500,34.04323158,131.1009111,,,,
R2,509k520,34.04325027,131.10069582,,,,
R2,509k540,34.04327154,131.10048053,,,,
R2,509k560,34.04329523,131.10026593,,,,
R2,509k580,34.04332084,131.10005145,,,,
R2,509k600,34.04334811,131.09983753,,,,
R2,509k620,34.04337692,131.09962365,,,,
R2,509k640,34.04340669,131.09940994,,,,
R2,509k660,34.04343717,131.09919662,,,,
R2,509k680,34.04346806,131.09898313,,,,
R2,509k700,34.04349911,131.0987699,,,,
R2,509k720,34.04353,131.09855641,,,,
R2,509k740,34.04356014,131.09834278,,,,
R2,509k760,34.04358967,131.09812928,,,,
R2,509k780,34.0436183,131.09791536,,,,
R2,509k800,34.04364636,131.09770135,,,,
R2,509k820,34.04367371,131.09748724,,,,
R2,509k840,34.04370023,131.09727313,,,,
R2,509k860,34.04372621,131.0970587,,,,
R2,509k880,34.04375143,131.09684416,,,,
R2,509k900,34.04377587,131.09662972,,,,
R2,509k920,34.04379957,131.09641494,,,,
R2,509k940,34.04382251,131.09620005,,,,
R2,509k960,34.04384487,131.0959853,,,,
R2,509k980,34.04386648,131.0957702,,,,
R2,510k000,34.04388734,131.09555497,,,,
R2,510k020,34.04390742,131.09533987,,,,
R2,510k040,34.04392695,131.09512445,,,,
R2,510k060,34.0439457,131.09490914,,,,
R2,510k080,34.04396371,131.09469349,,,,
R2,510k120,34.04399757,131.09426232,,,,
R2,510k140,34.04401348,131.09404656,,,,
R2,510k160,34.04402863,131.0938307,,,,
R2,510k180,34.04404301,131.09361473,,,,
R2,510k200,34.04405662,131.09339885,,,,
R2,510k220,34.04406965,131.09318289,,,,
R2,510k240,34.04408193,131.09296681,,,,
R2,510k260,34.04409346,131.09275063,,,,
R2,510k280,34.04410422,131.09253432,,,,
R2,510k300,34.04411438,131.09231815,,,,
R2,510k320,34.04412361,131.09210184,,,,
R2,510k340,34.04413225,131.09188544,,,,
R2,510k360,34.04414032,131.09166918,,,,
R2,510k380,34.04414742,131.09145276,,,,
R2,510k440,34.04416564,131.09080488,,,,
R2,510k460,34.04416979,131.09058839,,,,
R2,510k480,34.04417337,131.0903719,,,,
R2,510k500,34.04417617,131.09015519,,,,
R2,510k520,34.04417822,131.08993872,,,,
R2,510k540,34.04417968,131.08972204,,,,
R2,510k560,34.0441802,131.0895056,,,,
R2,510k580,34.04418014,131.08928893,,,,
R2,510k600,34.04413882,131.08907211,,,,
R2,510k620,34.04413799,131.08885545,,,,
R2,510k640,34.04413755,131.08863878,,,,
R2,510k660,34.04413768,131.08842211,,,,
R2,510k680,34.04413857,131.08820497,,,,
R2,510k700,34.04415442,131.08799452,,,,
R2,510k720,34.0441438,131.08777195,,,,
R2,510k740,34.04414875,131.08755535,,,,
R2,510k760,34.04415521,131.08733889,,,,
R2,510k780,34.04416378,131.08712261,,,,
R2,510k800,34.04417445,131.0869063,,,,
R2,510k820,34.04418739,131.08669043,,,,
R2,510k840,34.04420263,131.08647454,,,,
R2,510k860,34.04421996,131.08625907,,,,
R2,510k880,34.04423978,131.0860436,,,,
R2,510k900,34.04426165,131.08582878,,,,
R2,510k920,34.04428582,131.08561417,,,,
R2,511k000,34.04440483,131.08475963,,,,
R2,511k020,34.04444004,131.08454709,,,,
R2,511k040,34.04447744,131.08433535,,,,
R2,511k060,34.04451715,131.08412395,,,,
R2,511k080,34.04455906,131.08391335,,,,
R2,511k100,34.04460322,131.08370331,,,,
R2,511k120,34.04464939,131.08349399,,,,
R2,511k140,34.04469781,131.08328525,,,,
R2,511k160,34.04474838,131.08307752,,,,
R2,511k180,34.04480119,131.08287036,,,,
R2,511k200,34.04485602,131.08266391,,,,
R2,511k220,34.04491298,131.08245847,,,,
R2,511k240,34.04497197,131.08225377,,,,
R2,511k260,34.04503272,131.08204993,,,,
R2,511k280,34.04509494,131.08184664,,,,
R2,511k300,34.04515826,131.08164372,,,,
R2,511k380,34.04541999,131.08083664,,,,
R2,511k400,34.04548639,131.08063521,,,,
R2,511k420,34.04555279,131.08043377,,,,
R2,511k440,34.04561912,131.08023255,,,,
R2,511k460,34.04568552,131.08003111,,,,
R2,511k480,34.04575192,131.07982967,,,,
R2,511k500,34.04581826,131.07962844,,,,
R2,511k520,34.04588465,131.079427,,,,
R2,511k540,34.04595034,131.07922523,,,,
R2,511k560,34.04601425,131.07902261,,,,
R2,511k580,34.04607561,131.07881901,,,,
R2,511k600,34.04613274,131.0786139,,,,
R2,511k620,34.0461855,131.07840676,,,,
R2,511k640,34.04623343,131.07819779,,,,
R2,511k660,34.04627612,131.07798757,,,,
R2,511k680,34.04631362,131.07777563,,,,
R2,511k700,34.04634622,131.07756272,,,,
R2,511k720,34.04637357,131.07734855,,,,
R2,511k740,34.04639579,131.07713361,,,,
R2,511k760,34.04641271,131.07691787,,,,
R2,511k780,34.04642445,131.0767018,,,,
R2,511k800,34.04643099,131.07648542,,,,
R2,511k820,34.04643235,131.07626872,,,,
R2,511k840,34.04642848,131.07605215,,,,
R2,511k860,34.04641932,131.07583594,,,,
R2,511k880,34.04640489,131.07562009,,,,
R2,511k900,34.04638615,131.07540318,,,,
R2,511k920,34.04636146,131.07518877,,,,
R2,511k940,34.04633162,131.07497525,,,,
R2,511k960,34.04629678,131.0747627,,,,
R2,511k980,34.04625666,131.07455151,,,,
R2,512k000,34.0462115,131.07434183,,,,
R2,512k020,34.04616112,131.07413372,,,,
R2,512k040,34.04610603,131.07392745,,,,
R2,512k060,34.04604608,131.07372333,,,,
R2,512k080,34.04598177,131.07352089,,,,
R2,512k100,34.04591411,131.07332018,,,,
R2,512k120,34.04584359,131.07312075,,,,
R2,512k140,34.04577116,131.07292238,,,,
R2,512k160,34.04569736,131.07272489,,,,
R2,512k180,34.04562303,131.07252762,,,,
R2,512k200,34.04558394,131.07231212,,,,
R2,512k220,34.04551025,131.07211455,,,,
R2,512k240,34.04543757,131.07191622,,,,
R2,512k260,34.04536742,131.07171671,,,,
R2,512k280,34.04529942,131.07151614,,,,
R2,512k300,34.04523534,131.07131351,,,,
R2,512k320,34.04517563,131.0711092,,,,
R2,512k340,34.04512067,131.07090307,,,,
R2,512k360,34.04507195,131.07069473,,,,
R2,512k380,34.04502985,131.07048406,,,,
R2,512k400,34.04499481,131.07027141,,,,
R2,512k420,34.04496701,131.07005768,,,,
R2,512k440,34.04494637,131.06984241,,,,
R2,512k460,34.04493269,131.06962659,,,,
R2,512k480,34.04492633,131.06941015,,,,
R2,512k500,34.04492513,131.06919271,,,,
R2,512k520,34.04493301,131.06897639,,,,
R2,512k540,34.0449481,131.06876054,,,,
R2,512k560,34.04497033,131.06854561,,,,
R2,512k580,34.04499979,131.06833186,,,,
R2,512k600,34.04503642,131.06811976,,,,
R2,512k620,34.04507973,131.06790962,,,,
R2,512k640,34.04512954,131.06770137,,,,
R2,512k660,34.04518533,131.06749556,,,,
R2,512k680,34.04524659,131.0672918,,,,
R2,512k700,34.04531268,131.06709034,,,,
R2,512k720,34.04538323,131.06689105,,,,
R2,512k740,34.04545786,131.06669381,,,,
R2,512k760,34.04553616,131.06649873,,,,
R2,512k780,34.04561744,131.06630536,,,,
R2,512k800,34.04570061,131.06611277,,,,
R2,512k820,34.04578694,131.06592267,,,,
R2,512k840,34.04587502,131.06573354,,,,
R2,512k860,34.04596481,131.06554589,,,,
R2,512k880,34.04605601,131.06535897,,,,
R2,512k900,34.04614903,131.06517333,,,,
R2,512k920,34.04624327,131.06498882,,,,
R2,512k940,34.04633924,131.06480528,,,,
R2,512k960,34.04643677,131.0646231,,,,
R2,512k980,34.04653568,131.06444217,,,,
R2,513k000,34.04663607,131.06426228,,,,
R2,513k020,34.04673811,131.06408356,,,,
R2,513k040,34.04684153,131.06390608,,,,
R2,513k060,34.0469465,131.06372997,,,,
R2,513k080,34.04705286,131.0635551,,,,
R2,513k100,34.04716059,131.06338148,,,,
R2,513k120,34.04726991,131.06320944,,,,
R2,513k140,34.04738073,131.06303847,,,,
R2,513k160,34.04749299,131.06286898,,,,
R2,513k180,34.04760729,131.0627016,,,,
R2,513k200,34.04772388,131.06253628,,,,
R2,514k000,34.04791652,131.0622769,,,,
R2,514k020,34.04804341,131.06211611,,,,
R2,514k040,34.04817077,131.06196285,,,,
R2,514k060,34.0483016,131.06181375,,,,
R2,514k080,34.04843583,131.06166925,,,,
R2,514k100,34.04857366,131.06152943,,,,
R2,514k120,34.04871454,131.06139444,,,,
R2,514k140,34.04885874,131.06126427,,,,
R2,514k160,34.04900588,131.06113912,,,,
R2,514k180,34.04915599,131.0610192,,,,
R2,514k200,34.04930884,131.06090417,,,,
R2,514k220,34.04946394,131.06079381,,,,
R2,514k240,34.04961993,131.06068836,,,,
R2,514k260,34.04977998,131.06058548,,,,
R2,514k280,34.0499405,131.06048647,,,,
R2,514k300,34.05010207,131.06039055,,,,
R2,514k320,34.05026476,131.0602972,,,,
R2,514k340,34.05042825,131.06020571,,,,
R2,514k360,34.05059261,131.06011553,,,,
R2,514k380,34.05075665,131.06002679,,,,
R2,514k400,34.05092122,131.05993837,,,,
R2,514k420,34.05108586,131.05985017,,,,
R2,514k440,34.05125034,131.05976115,,,,
R2,514k460,34.0514144,131.05967157,,,,
R2,514k480,34.05157796,131.05958031,,,,
R2,514k500,34.05174075,131.05948714,,,,
R2,514k520,34.05190258,131.05939159,,,,
R2,514k540,34.05206302,131.05929325,,,,
R2,514k560,34.05222235,131.05919149,,,,
R2,514k580,34.05237993,131.0590863,,,,
R2,514k600,34.05253628,131.05897756,,,,
R2,514k620,34.05269029,131.05886576,,,,
R2,514k640,34.05284284,131.05875043,,,,
R2,514k660,34.05299449,131.05863128,,,,
R2,514k680,34.05314278,131.05850996,,,,
R2,514k700,34.05329003,131.05838479,,,,
R2,514k720,34.05343511,131.0582565,,,,
R2,514k740,34.05357849,131.05812485,,,,
R2,514k760,34.05371972,131.05799026,,,,
R2,514k780,34.05385894,131.05785277,,,,
R2,514k800,34.05399634,131.05771231,,,,
R2,514k820,34.05413181,131.05756964,,,,
R2,514k840,34.05426602,131.05742484,,,,
R2,514k860,34.05439879,131.05727839,,,,
R2,514k880,34.05453065,131.05713056,,,,
R2,514k900,34.0546623,131.05698126,,,,
R2,514k920,34.05479218,131.05683225,,,,
R2,514k940,34.05492236,131.05668239,,,,
R2,514k960,34.05505265,131.05653179,,,,
R2,514k980,34.05518234,131.05638211,,,,
R2,515k000,34.05531233,131.05623216,,,,
R2,515k020,34.05544246,131.05608206,,,,
R2,515k040,34.05557071,131.05593407,,,,
R2,515k060,34.05570075,131.05578402,,,,
R2,515k080,34.05583079,131.05563395,,,,
R2,515k100,34.05596082,131.05548387,,,,
R2,515k120,34.05609079,131.05533373,,,,
R2,515k140,34.05622082,131.05518364,,,,
R2,515k160,34.05635091,131.05503364,,,,
R2,515k180,34.05648088,131.05488366,,,,
R2,515k200,34.05661086,131.0547335,,,,
R2,515k220,34.05674088,131.05458347,,,,
R2,515k240,34.05687102,131.05443344,,,,
R2,515k260,34.05700132,131.05428296,,,,
R2,515k280,34.057131,131.05413335,,,,
R2,515k300,34.05726102,131.05398316,,,,
R2,515k320,34.05739115,131.05383314,,,,
R2,515k340,34.05752114,131.05368308,,,,
R2,515k360,34.05765114,131.05353305,,,,
R2,515k380,34.05778127,131.05338302,,,,
R2,515k400,34.05791128,131.05323281,,,,
R2,515k420,34.05804128,131.05308295,,,,
R2,515k440,34.05817109,131.05293318,,,,
R2,515k460,34.0583014,131.0527827,,,,
R2,515k480,34.05843137,131.05263262,,,,
R2,515k500,34.05856139,131.05248262,,,,
R2,515k520,34.05869137,131.05233247,,,,
R2,515k540,34.05882144,131.05218249,,,,
R2,515k560,34.0589513,131.05203213,,,,
R2,515k580,34.05908078,131.05188134,,,,
R2,515k600,34.05920935,131.05172951,,,,
R2,515k620,34.05933682,131.05157625,,,,
R2,515k640,34.05946271,131.05142121,,,,
R2,515k660,34.05958654,131.05126382,,,,
R2,515k680,34.05970799,131.05110372,,,,
R2,515k700,34.05982679,131.05094077,,,,
R2,515k720,34.0599422,131.05077427,,,,
R2,515k740,34.06005396,131.05060441,,,,
R2,515k760,34.06016168,131.05043056,,,,
R2,515k780,34.06026481,131.05025296,,,,
R2,515k800,34.06036362,131.05007166,,,,
R2,515k820,34.06045795,131.04988708,,,,
R2,515k840,34.06054787,131.0496992,,,,
R2,515k860,34.06063352,131.04950809,,,,
R2,515k880,34.06071413,131.04931493,,,,
R2,515k900,34.06079045,131.04911852,,,,
R2,515k920,34.06086186,131.0489198,,,,
R2,515k940,34.06092866,131.04871851,,,,
R2,515k960,34.06099064,131.04851506,,,,
R2,515k980,34.06104771,131.04830954,,,,
R2,516k000,34.06109993,131.04810221,,,,
R2,516k020,34.06114712,131.04789313,,,,
R2,516k040,34.06118914,131.04768306,,,,
R2,516k060,34.06122655,131.04747058,,,,
R2,516k080,34.06125872,131.04725756,,,,
R2,516k100,34.06128577,131.04704339,,,,
R2,516k120,34.06130774,131.04682847,,,,
R2,516k140,34.06132462,131.04661265,,,,
R2,516k160,34.0613363,131.04639607,,,,
R2,516k180,34.06134283,131.04617997,,,,
R2,516k200,34.06134472,131.04596344,,,,
R2,516k220,34.06134244,131.04574679,,,,
R2,516k240,34.06133644,131.04553032,,,,
R2,516k260,34.06132754,131.04531405,,,,
R2,516k280,34.06131617,131.04509778,,,,
R2,516k300,34.06130304,131.04488165,,,,
R2,516k320,34.06128867,131.0446657,,,,
R2,516k340,34.06127369,131.0444503,,,,
R2,516k360,34.06125845,131.04423402,,,,
R2,516k380,34.06124328,131.04401817,,,,
R2,516k400,34.06122812,131.04380234,,,,
R2,516k420,34.06121303,131.04358639,,,,
R2,516k440,34.06119791,131.04337052,,,,
R2,516k460,34.06118275,131.04315406,,,,
R2,516k480,34.06116749,131.04293889,,,,
R2,516k500,34.06115234,131.04272301,,,,
R2,516k520,34.06113724,131.04250714,,,,
R2,516k540,34.06112211,131.04229114,,,,
R2,516k560,34.06110694,131.04207539,,,,
R2,516k580,34.06109169,131.0418594,,,,
R2,516k600,34.0610766,131.04164353,,,,
R2,516k620,34.06106144,131.04142765,,,,
R2,516k640,34.06104638,131.04121246,,,,
R2,516k660,34.06103119,131.0409959,,,,
R2,516k680,34.06101595,131.04078015,,,,
R2,516k700,34.06100087,131.04056426,,,,
R2,516k720,34.06098561,131.04034849,,,,
R2,516k740,34.06097038,131.04013256,,,,
R2,516k760,34.06095529,131.03991617,,,,
R2,516k780,34.0609402,131.03970092,,,,
R2,516k800,34.06092499,131.03948499,,,,
R2,516k820,34.06090979,131.03926906,,,,
R2,516k840,34.06089461,131.03905325,,,,
R2,516k860,34.0608795,131.03883743,,,,
R2,516k880,34.06086426,131.0386215,,,,
R2,516k900,34.06084922,131.03840557,,,,
R2,516k920,34.06083397,131.03818987,,,,
R2,516k940,34.06081892,131.03797439,,,,
R2,516k960,34.06080362,131.03775801,,,,
R2,516k980,34.06078846,131.03754219,,,,
R2,517k000,34.06077327,131.03732639,,,,
R2,517k020,34.06075807,131.0371104,,,,
R2,517k040,34.06074297,131.03689546,,,,
R2,517k060,34.06072777,131.03667868,,,,
R2,517k080,34.06071257,131.0364619,,,,
R2,517k100,34.06069686,131.03624692,,,,
R2,517k120,34.06068013,131.03603136,,,,
R2,517k140,34.06066168,131.03581581,,,,
R2,517k160,34.06064076,131.03560067,,,,
R2,517k180,34.06061707,131.03538679,,,,
R2,517k200,34.06058962,131.03517166,,,,
R2,517k220,34.06055811,131.03495841,,,,
R2,517k240,34.06052275,131.03474497,,,,
R2,517k260,34.06048151,131.03453509,,,,
R2,517k280,34.0604348,131.03432591,,,,
R2,517k300,34.06038416,131.03411791,,,,
R2,517k320,34.06032702,131.03391245,,,,
R2,517k340,34.0602658,131.03370873,,,,
R2,517k360,34.06020003,131.03350653,,,,
R2,517k380,34.06012934,131.03330786,,,,
R2,517k400,34.06005526,131.03311034,,,,
R2,517k420,34.05997491,131.03291629,,,,
R2,517k440,34.05989055,131.03272495,,,,
R2,517k460,34.05980165,131.03253654,,,,
R2,517k480,34.05970825,131.03235115,,,,
R2,517k500,34.0596105,131.03216911,,,,
R2,517k520,34.05950849,131.03199062,,,,
R2,517k540,34.0594026,131.03181601,,,,
R2,517k560,34.05929186,131.03164421,,,,
R2,517k580,34.05917766,131.03147666,,,,
R2,517k600,34.05905932,131.03131337,,,,
R2,517k620,34.05893731,131.03115379,,,,
R2,517k640,34.05881142,131.03099862,,,,
R2,517k660,34.058682,131.03084808,,,,
R2,517k680,34.05854899,131.03070166,,,,
R2,517k800,34.05768331,131.02992489,,,,
R2,517k820,34.05752912,131.02981272,,,,
R2,517k860,34.05721447,131.02960087,,,,
R2,517k880,34.05705493,131.02950005,,,,
R2,517k900,34.05689819,131.02940416,,,,
R2,517k920,34.05673675,131.0293079,,,,
R2,517k940,34.0565747,131.02921278,,,,
R2,517k960,34.05641232,131.0291185,,,,
R2,517k980,34.05624993,131.02902446,,,,
R2,518k000,34.05608344,131.02892799,,,,
R2,518k020,34.05592105,131.02883396,,,,
R2,518k040,34.05575876,131.02873972,,,,
R2,518k060,34.05560023,131.02864694,,,,
R2,518k080,34.0554339,131.02855161,,,,
R2,518k100,34.05527161,131.02845737,,,,
R2,518k120,34.05510913,131.02836329,,,,
R2,518k140,34.05494675,131.02826925,,,,
R2,518k160,34.05478437,131.02817522,,,,
R2,518k180,34.05462198,131.02808094,,,,
R2,518k200,34.05445951,131.02798685,,,,
R2,518k220,34.05429716,131.02789283,,,,
R2,518k240,34.05413474,131.02779864,,,,
R2,518k260,34.05397249,131.02770455,,,,
R2,518k280,34.05381007,131.02761037,,,,
R2,518k300,34.05364757,131.02751639,,,,
R2,518k320,34.05348515,131.02742221,,,,
R2,518k340,34.0533229,131.02732812,,,,
R2,518k360,34.05316048,131.02723394,,,,
R2,518k380,34.05299797,131.02713995,,,,
R2,518k400,34.05283572,131.02704588,,,,
R2,518k420,34.0526733,131.02695169,,,,
R2,518k440,34.05251088,131.0268575,,,,
R2,518k460,34.05234837,131.02676353,,,,
R2,518k480,34.05218612,131.02666945,,,,
R2,518k500,34.0520237,131.02657527,,,,
R2,518k520,34.05186126,131.02648103,,,,
R2,518k540,34.05169894,131.02638697,,,,
R2,518k560,34.05153645,131.02629282,,,,
R2,518k580,34.05137414,131.02619875,,,,
R2,518k600,34.05121174,131.02610465,,,,
R2,518k620,34.05104934,131.02601054,,,,
R2,518k640,34.05088702,131.02591649,,,,
R2,518k660,34.05072453,131.02582232,,,,
R2,518k680,34.05056222,131.02572828,,,,
R2,518k700,34.05039982,131.02563416,,,,
R2,518k720,34.05023741,131.02554006,,,,
R2,518k740,34.05007493,131.02544591,,,,
R2,518k760,34.04991261,131.02535185,,,,
R2,518k780,34.04975013,131.0252577,,,,
R2,518k800,34.04958773,131.0251636,,,,
R2,518k820,34.04942547,131.02506951,,,,
R2,518k840,34.04926298,131.02497537,,,,
R2,518k860,34.04910065,131.02488134,,,,
R2,518k880,34.04893833,131.02478729,,,,
R2,518k900,34.04877599,131.02469325,,,,
R2,518k920,34.04861333,131.02459901,,,,
R2,518k940,34.048451,131.02450498,,,,
R2,518k960,34.04828866,131.02441095,,,,
R2,518k980,34.04812617,131.0243168,,,,
R2,519k000,34.04796384,131.02422277,,,,
R2,519k020,34.0478015,131.02412873,,,,
R2,519k040,34.04763901,131.02403459,,,,
R2,519k060,34.0474765,131.02394045,,,,
R2,519k080,34.04731418,131.02384642,,,,
R2,519k100,34.04715168,131.02375229,,,,
R2,519k120,34.04698947,131.02365791,,,,
R2,519k140,34.04682698,131.02356389,,,,
R2,519k160,34.04666467,131.02346997,,,,
R2,519k180,34.04650235,131.02337605,,,,
R2,519k200,34.04634003,131.02328164,,,,
R2,519k220,34.04617754,131.02318762,,,,
R2,519k240,34.04601506,131.02309361,,,,
R2,519k260,34.04585257,131.02299959,,,,
R2,519k280,34.0456799,131.02289924,,,,
R2,519k300,34.04551741,131.02280523,,,,
R2,519k320,34.04535493,131.02271121,,,,
R2,519k340,34.04519261,131.0226168,,,,
R2,519k360,34.04503012,131.02252279,,,,
R2,519k380,34.04486764,131.02242877,,,,
R2,519k400,34.04471757,131.02234186,,,,
R2,519k420,34.04455515,131.0222476,,,,
R2,519k440,34.04439265,131.02215364,,,,
R2,519k460,34.0442303,131.02205953,,,,
R2,519k480,34.04406796,131.02196542,,,,
R2,519k500,34.04390553,131.02187126,,,,
R2,519k520,34.0437431,131.0217771,,,,
R2,519k540,34.04358067,131.0216832,,,,
R2,519k560,34.04341833,131.02158909,,,,
R2,519k580,34.0432559,131.02149493,,,,
R2,519k600,34.04309365,131.02140088,,,,
R2,519k620,34.04293121,131.02130672,,,,
R2,519k640,34.0427687,131.02121276,,,,
R2,519k660,34.04260635,131.02111866,,,,
R2,519k680,34.04244402,131.02102455,,,,
R2,519k720,34.04211512,131.02083406,,,,
R2,519k740,34.04195263,131.02074,,,,
R2,519k760,34.0417903,131.02064578,,,,
R2,519k780,34.04162789,131.02055178,,,,
R2,519k800,34.04146549,131.02045777,,,,
R2,519k820,34.04130316,131.02036356,,,,
R2,519k840,34.04114067,131.02026949,,,,
R2,519k860,34.04097826,131.02017549,,,,
R2,519k880,34.04081594,131.02008128,,,,
R2,519k900,34.04065353,131.01998727,,,,
R2,519k920,34.04049112,131.01989327,,,,
R2,519k940,34.0403287,131.01979901,,,,
R2,519k960,34.0401663,131.019705,,,,
R2,519k980,34.04000389,131.01961099,,,,
R2,520k000,34.03984156,131.01951678,,,,
R2,520k040,34.03951684,131.01932854,,,,
R2,520k060,34.03935442,131.01923488,,,,
R2,520k080,34.039192,131.0191407,,,,
R2,520k100,34.03902958,131.01904653,,,,
R2,520k120,34.03886716,131.01895234,,,,
R2,520k140,34.03870473,131.01885817,,,,
R2,520k160,34.0385423,131.01876399,,,,
R2,520k180,34.03837989,131.01867032,,,,
R2,520k200,34.03821763,131.01857626,,,,
R2,520k220,34.03805521,131.01848207,,,,
R2,520k240,34.03789279,131.0183879,,,,
R2,520k260,34.03773037,131.01829372,,,,
R2,520k280,34.03756794,131.01819955,,,,
R2,520k300,34.03740535,131.0181058,,,,
R2,520k320,34.03724316,131.01801163,,,,
R2,520k340,34.03708069,131.01791751,,,,
R2,520k360,34.03691831,131.01782344,,,,
R2,520k380,34.03675594,131.01772937,,,,
R2,520k400,34.03659372,131.01763488,,,,
R2,520k420,34.03643144,131.0175406,,,,
R2,520k440,34.0362693,131.01744567,,,,
R2,520k460,34.03610737,131.01735031,,,,
R2,520k480,34.03594601,131.01725378,,,,
R2,520k500,34.03578659,131.0171552,,,,
R2,520k520,34.03562504,131.01705662,,,,
R2,520k540,34.03546549,131.01695552,,,,
R2,520k560,34.03530709,131.01685221,,,,
R2,520k580,34.03514969,131.0167465,,,,
R2,520k600,34.03499475,131.01663905,,,,
R2,520k620,34.03483988,131.01652805,,,,
R2,520k640,34.03468664,131.01641396,,,,
R2,520k660,34.03453499,131.01629673,,,,
R2,520k680,34.03438499,131.01617664,,,,
R2,520k700,34.03423678,131.01605332,,,,
R2,520k720,34.03409018,131.01592713,,,,
R2,520k740,34.03394541,131.01579828,,,,
R2,520k760,34.03380245,131.01566619,,,,
R2,520k780,34.03366134,131.01553146,,,,
R2,520k800,34.03352199,131.01539374,,,,
R2,520k820,34.03338471,131.01525357,,,,
R2,520k840,34.03325269,131.015108,,,,
R2,520k860,34.03311579,131.01496514,,,,
R2,520k880,34.03298381,131.01481744,,,,
R2,520k900,34.03285342,131.01466801,,,,
R2,520k920,34.03272311,131.01452025,,,,
R2,520k940,34.03259278,131.01436918,,,,
R2,520k960,34.03246501,131.01421825,,,,
R2,520k980,34.03233729,131.01406412,,,,
R2,521k000,34.03221211,131.01390983,,,,
R2,521k020,34.03208639,131.01375411,,,,
R2,521k040,34.03195978,131.01359791,,,,
R2,521k060,34.03183474,131.01344444,,,,
R2,521k080,34.0317074,131.0132887,,,,
R2,521k100,34.03158021,131.01313375,,,,
R2,521k120,34.0314559,131.01298463,,,,
R2,521k160,34.0311993,131.01267701,,,,
R2,521k180,34.03107113,131.0125231,,,,
R2,521k200,34.03094399,131.01237058,,,,
R2,521k220,34.0308154,131.01222084,,,,
R2,521k240,34.03068474,131.01206905,,,,
R2,521k260,34.03055635,131.01191905,,,,
R2,521k280,34.03042584,131.01176744,,,,
R2,521k300,34.03029696,131.01161739,,,,
R2,521k320,34.03016416,131.01147186,,,,
R2,521k340,34.03003007,131.01132429,,,,
R2,521k360,34.02989868,131.0111803,,,,
R2,521k380,34.02976501,131.0110332,,,,
R2,521k400,34.02963277,131.01088828,,,,
R2,521k420,34.02949679,131.01074832,,,,
R2,521k440,34.02935968,131.01060718,,,,
R2,521k460,34.02922151,131.01046495,,,,
R2,521k480,34.02908332,131.0103225,,,,
R2,523k900,34.02633789,131.00779239,,,,
R2,523k920,34.02619452,131.00766404,,,,
R2,523k940,34.02604956,131.00753399,,,,
R2,523k980,34.0257606,131.0072747,,,,
R2,524k000,34.02561153,131.00714094,,,,
R2,524k020,34.02546872,131.00701282,,,,
R2,524k040,34.02532424,131.00688318,,,,
R2,524k060,34.0251799,131.00675369,,,,
R2,524k080,34.02503557,131.00662418,,,,
R2,524k100,34.02491081,131.00651229,,,,
R2,524k120,34.02476439,131.00638233,,,,
R2,524k140,34.02461974,131.00625334,,,,
R2,524k160,34.02447467,131.00612426,,,,
R2,524k180,34.02432952,131.00599569,,,,
R2,524k200,34.02418465,131.00586707,,,,
R2,524k220,34.02404716,131.00574496,,,,
R2,524k240,34.02390314,131.00561651,,,,
R2,524k260,34.02375783,131.0054878,,,,
R2,524k280,34.02361296,131.00535918,,,,
R2,524k320,34.02329771,131.00507774,,,,
R2,524k340,34.02315263,131.00494867,,,,
R2,524k360,34.0230079,131.00482018,,,,
R2,524k380,34.02286299,131.00469124,,,,
R2,524k400,34.02272939,131.00457171,,,,
R2,524k420,34.02258511,131.00444325,,,,
R2,524k440,34.02244044,131.00431426,,,,
R2,524k460,34.02229523,131.00418538,,,,
R2,524k480,34.02215032,131.00405676,,,,
R2,524k500,34.02201199,131.00393408,,,,
R2,524k520,34.02186673,131.00380487,,,,
R2,524k540,34.02172178,131.00367594,,,,
R2,524k560,34.02157646,131.00354725,,,,
R2,524k580,34.02143145,131.00341882,,,,
R2,524k600,34.02128641,131.00328924,,,,
R2,524k620,34.0211375,131.00315633,,,,
R2,524k640,34.02099244,131.00302758,,,,
R2,524k660,34.0208471,131.00289972,,,,
R2,524k680,34.02070097,131.00277316,,,,
R2,524k700,34.02054966,131.00264581,,,,
R2,524k720,34.0203983,131.00252674,,,,
R2,524k740,34.02024675,131.0024093,,,,
R2,524k760,34.02009324,131.00229557,,,,
R2,524k780,34.01993744,131.00218687,,,,
R2,524k800,34.01978055,131.00208239,,,,
R2,524k820,34.01962161,131.00198181,,,,
R2,524k840,34.01946031,131.00188547,,,,
R2,524k860,34.01929713,131.00179312,,,,
R2,524k880,34.01913183,131.0017049,,,,
R2,524k900,34.01896569,131.00162129,,,,
R2,524k920,34.01878212,131.00153501,,,,
R2,524k940,34.01861303,131.00145962,,,,
R2,524k960,34.01844368,131.0013864,,,,
R2,524k980,34.01827349,131.00131472,,,,
R2,525k020,34.01801479,131.00120723,,,,
R2,525k040,34.01784526,131.00113601,,,,
R2,525k060,34.01767476,131.0010646,,,,
R2,525k080,34.01750522,131.00099338,,,,
R2,525k100,34.01733568,131.00092217,,,,
R2,525k120,34.01716489,131.00085038,,,,
R2,525k140,34.01699553,131.00077924,,,,
R2,525k160,34.01683024,131.00069547,,,,
R2,525k180,34.01666352,131.00061107,,,,
R2,525k200,34.01649705,131.00052654,,,,
R2,525k320,34.01546323,130.99992264,,,,
R2,525k340,34.01531128,130.99980478,,,,
R2,525k360,34.01516337,130.99968164,,,,
R2,525k380,34.01501881,130.9995532,,,,
R2,525k400,34.01488742,130.99942862,,,,
R2,525k420,34.0147479,130.99929716,,,,
R2,525k440,34.01460616,130.99916353,,,,
R2,525k460,34.01446344,130.99902879,,,,
R2,525k480,34.01432201,130.99889542,,,,
R2,525k500,34.01417175,130.99875878,,,,
R2,525k520,34.01402403,130.99863414,,,,
R2,525k540,34.0138733,130.9985162,,,,
R2,525k560,34.01371884,130.9984038,,,,
R2,525k580,34.01356356,130.9982924,,,,
R2,525k600,34.01340307,130.99817715,,,,
R2,525k620,34.01324634,130.99806577,,,,
R2,525k640,34.01309149,130.99795518,,,,
R2,525k660,34.01293654,130.99784479,,,,
R2,525k680,34.01278069,130.9977335,,,,
R2,525k700,34.01261936,130.99761893,,,,
R2,525k720,34.01246415,130.99750862,,,,
R2,525k740,34.01230867,130.9973984,,,,
R2,525k760,34.01215266,130.997287,,,,
R2,525k780,34.01199703,130.99717666,,,,
R2,525k820,34.01171621,130.99698252,,,,
R2,525k840,34.0115583,130.99687644,,,,
R2,525k860,34.01139959,130.99677244,,,,
R2,525k880,34.01124018,130.99667035,,,,
R2,525k900,34.01109028,130.9965733,,,,
R2,525k940,34.01076779,130.99636396,,,,
R2,525k960,34.01060899,130.99626128,,,,
R2,526k020,34.01009191,130.9959269,,,,
R2,526k040,34.00993286,130.99582431,,,,
R2,526k060,34.00977356,130.99572131,,,,
R2,526k080,34.0096141,130.99561818,,,,
R2,526k100,34.00945446,130.99551496,,,,
R2,526k120,34.0092943,130.99541243,,,,
R2,526k140,34.00913188,130.99531783,,,,
R2,526k160,34.00896618,130.99523153,,,,
R2,526k180,34.00878526,130.99514868,,,,
R2,526k220,34.00842084,130.9949883,,,,
R2,526k240,34.00825281,130.99491029,,,,
R2,526k260,34.00808394,130.99483166,,,,
R2,526k320,34.00762807,130.99461949,,,,
R2,526k340,34.00746045,130.99454143,,,,
R2,526k360,34.00729163,130.9944633,,,,
R2,526k380,34.00712238,130.99438524,,,,
R2,526k400,34.00695763,130.99430972,,,,
R2,526k420,34.00678829,130.99423579,,,,
R2,526k440,34.00661969,130.99416022,,,,
R2,526k460,34.00644966,130.99408842,,,,
R2,526k480,34.00627807,130.99401836,,,,
R2,526k500,34.00609186,130.99394798,,,,
R2,527k800,34.00448119,130.98176808,,,,
R2,528k000,34.00424398,130.97967193,,,,
R2,528k020,34.00422075,130.97945962,,,,
R2,528k040,34.00419763,130.97924718,,,,
R2,528k060,34.00417545,130.97903643,,,,
R2,528k080,34.00415281,130.97882298,,,,
R2,528k100,34.00412962,130.9786117,,,,
R2,528k120,34.00410713,130.97839984,,,,
R2,528k140,34.00408489,130.97819026,,,,
R2,528k160,34.00406203,130.97797847,,,,
R2,528k180,34.0040399,130.97776633,,,,
R2,528k200,34.00401801,130.97755277,,,,
R2,528k220,34.00399561,130.97733998,,,,
R2,528k240,34.00397294,130.97712816,,,,
R2,528k260,34.00395039,130.97691747,,,,
R2,528k280,34.00392749,130.9767036,,,,
R2,528k300,34.00390539,130.97649168,,,,
R2,528k320,34.00388095,130.97627652,,,,
R2,528k340,34.00385721,130.97606371,,,,
R2,528k360,34.00383239,130.97584991,,,,
R2,528k380,34.00380831,130.97563414,,,,
R2,528k400,34.00378426,130.9754186,,,,
R2,528k420,34.00375996,130.97520264,,,,
R2,528k440,34.00373587,130.97499011,,,,
R2,528k460,34.00371205,130.974775,,,,
R2,528k480,34.00368826,130.97456012,,,,
R2,528k500,34.00365913,130.97432364,,,,
R2,528k540,34.00361025,130.97389593,,,,
R2,528k560,34.00358578,130.97368184,,,,
R2,528k600,34.00353536,130.97326272,,,,
R2,528k620,34.00350774,130.97304469,,,,
R2,528k640,34.00347395,130.97283222,,,,
R2,528k660,34.00343678,130.97261914,,,,
R2,528k740,34.00326021,130.97178099,,,,
R2,528k760,34.00320975,130.97157288,,,,
R2,528k780,34.00315836,130.97136137,,,,
R2,528k800,34.00310852,130.97115511,,,,
R2,528k820,34.00305717,130.97094633,,,,
R2,528k840,34.00300663,130.97074028,,,,
R2,528k860,34.00295525,130.97053067,,,,
R2,528k880,34.00290397,130.970322,,,,
R2,528k900,34.00285114,130.97010728,,,,
R2,528k920,34.00279843,130.96990642,,,,
R2,528k940,34.00274757,130.96969794,,,,
R2,528k960,34.00269645,130.96948908,,,,
R2,528k980,34.0026457,130.96928176,,,,
R2,529k000,34.00260213,130.96910287,,,,
R2,529k020,34.00255095,130.96889463,,,,
R2,529k060,34.00244936,130.9684805,,,,
R2,529k080,34.00239834,130.96827208,,,,
R2,529k100,34.00234802,130.96806331,,,,
R2,529k120,34.00229649,130.96785591,,,,
R2,529k140,34.00224592,130.967652,,,,
R2,529k160,34.00219362,130.9674408,,,,
R2,529k180,34.00214218,130.96723397,,,,
R2,529k200,34.00208875,130.96701744,,,,
R2,529k220,34.00203326,130.96680913,,,,
R2,529k240,34.00197396,130.96660327,,,,
R2,529k260,34.00191337,130.96639818,,,,
R2,529k280,34.00184705,130.96619662,,,,
R2,529k300,34.00178777,130.96601458,,,,
R2,529k320,34.00171738,130.96581747,,,,
R2,529k340,34.00164301,130.96561906,,,,
R2,529k360,34.00156497,130.96542473,,,,
R2,529k380,34.00148438,130.96522988,,,,
R2,529k400,34.00139637,130.96503175,,,,
R2,529k420,34.00130952,130.96484197,,,,
R2,529k440,34.00121774,130.96465611,,,,
R2,529k480,34.00102572,130.96428807,,,,
R2,529k520,34.00081249,130.9638918,,,,
R2,529k540,34.00070569,130.96371607,,,,
R2,529k560,34.00059544,130.96354258,,,,
R2,529k580,34.00048239,130.96337291,,,,
R2,529k640,34.00015539,130.96290459,,,,
R2,529k660,34.00003511,130.9627439,,,,
R2,529k680,33.9999142,130.96258251,,,,
R2,529k700,33.99978892,130.96240892,,,,
R2,529k720,33.99967065,130.96224609,,,,
R2,529k740,33.99955227,130.96208309,,,,
R2,529k800,33.99919704,130.96159761,,,,
R2,529k820,33.99907859,130.96143355,,,,
R2,529k840,33.99896058,130.96126995,,,,
R2,529k860,33.9988424,130.96110639,,,,
R2,529k880,33.99872411,130.96094232,,,,
R2,529k900,33.99860606,130.96077892,,,,
R2,529k920,33.99848673,130.96061304,,,,
R2,529k940,33.99836903,130.96044928,,,,
R2,529k960,33.99825159,130.96028585,,,,
R2,529k980,33.99813402,130.96012241,,,,
R2,530k100,33.99743321,130.95915419,,,,
R2,530k140,33.99719606,130.95882514,,,,
R2,530k160,33.99707899,130.95866255,,,,
R2,530k180,33.9969617,130.95849896,,,,
R2,530k200,33.99682793,130.95831186,,,,
R2,530k240,33.99659138,130.9579819,,,,
R2,530k260,33.9964741,130.9578183,,,,
R2,530k280,33.99635376,130.95765484,,,,
R2,530k300,33.9962339,130.95749239,,,,
R2,530k320,33.99611761,130.95732931,,,,
R2,530k360,33.99588244,130.95699972,,,,
R2,530k380,33.99576427,130.95683677,,,,
R2,530k440,33.99546209,130.95634158,,,,
R2,530k460,33.99534277,130.95617919,,,,
R2,530k480,33.9952236,130.95601697,,,,
R2,530k500,33.99510428,130.95585458,,,,
R2,530k520,33.99498497,130.95569219,,,,
R2,530k540,33.99486579,130.95552996,,,,
R2,530k560,33.99474661,130.95536741,,,,
R2,530k580,33.9946273,130.95520503,,,,
R2,530k600,33.99450812,130.9550428,,,,
R2,530k620,33.99438881,130.95488042,,,,
R2,530k640,33.99426949,130.95471804,,,,
R2,530k660,33.99415018,130.95455566,,,,
R2,530k680,33.994031,130.95439343,,,,
R2,530k740,33.99365243,130.95387806,,,,
R2,530k760,33.99353308,130.95371578,,,,
R2,530k780,33.9934124,130.95355479,,,,
R2,530k800,33.99328989,130.95339632,,,,
R2,530k820,33.99316472,130.95324041,,,,
R2,530k840,33.99303624,130.95308872,,,,
R2,530k860,33.99290326,130.95294214,,,,
R2,530k880,33.99276618,130.95280185,,,,
R2,530k900,33.99262432,130.95266852,,,,
R2,530k920,33.99247767,130.95254213,,,,
R2,530k940,33.99232761,130.95242245,,,,
R2,530k960,33.99217329,130.9523105,,,,
R2,530k980,33.9920154,130.95220567,,,,
R2,531k320,33.98919842,130.95103271,,,,
R2,531k340,33.98902421,130.95097631,,,,
R2,531k360,33.9888537,130.95092271,,,,
R2,531k380,33.98867517,130.95086829,,,,
R2,531k400,33.98849984,130.95081749,,,,
R2,531k420,33.9883239,130.95076983,,,,
R2,531k440,33.98814737,130.95072669,,,,
R2,531k460,33.98796982,130.95068847,,,,
R2,531k480,33.98779541,130.95065712,,,,
R2,531k500,33.98761232,130.95063156,,,,
R2,531k520,33.98743265,130.95061384,,,,
R2,531k540,33.98725262,130.95060325,,,,
R2,531k560,33.9870724,130.95060005,,,,
R2,531k580,33.98689205,130.95060379,,,,
R2,531k620,33.9865325,130.95063326,,,,
R2,531k640,33.98635339,130.95065871,,,,
R2,531k660,33.98617511,130.95069028,,,,
R2,531k680,33.98599724,130.95072666,,,,
R2,531k700,33.98582009,130.95076614,,,,
R2,531k720,33.98564312,130.95080791,,,,
R2,531k740,33.9854662,130.95084991,,,,
R2,531k760,33.98528946,130.95089187,,,,
R2,531k780,33.98511242,130.95093319,,,,
R2,531k800,33.98493512,130.95097294,,,,
R2,531k820,33.98475763,130.95101039,,,,
R2,531k840,33.98457972,130.95104537,,,,
R2,531k860,33.98440122,130.95107676,,,,
R2,531k880,33.98422252,130.95110468,,,,
R2,532k200,33.98155419,130.95028618,,,,
R2,532k220,33.98143697,130.9501214,,,,
R2,532k240,33.98132656,130.94995067,,,,
R2,532k260,33.98122025,130.94977581,,,,
R2,532k280,33.98111579,130.94959933,,,,
R2,532k300,33.98101165,130.94942259,,,,
R2,532k320,33.98090749,130.94924583,,,,
R2,532k340,33.98080303,130.94906935,,,,
R2,532k360,33.98069911,130.94889298,,,,
R2,532k380,33.98059496,130.94871623,,,,
R2,532k400,33.9804905,130.94853976,,,,
R2,532k420,33.98038418,130.94836489,,,,
R2,532k440,33.98027478,130.94819273,,,,
R2,532k460,33.98016312,130.94802309,,,,
R2,532k480,33.98004807,130.94785642,,,,
R2,532k500,33.97993046,130.94769256,,,,
R2,532k520,33.97980863,130.94753173,,,,
R2,532k540,33.97968089,130.94737902,,,,
R2,532k560,33.97954538,130.94723627,,,,
R2,532k580,33.9794024,130.94710456,,,,
R2,532k600,33.97925237,130.94698454,,,,
R2,532k620,33.97909613,130.9468768,,,,
R2,532k640,33.97893412,130.94678198,,,,
R2,532k660,33.97876712,130.94670015,,,,
R2,532k680,33.97859621,130.94663175,,,,
R2,457k900,34.07433824,131.57194099,,,,
R2,457k960,34.07441168,131.57130039,,,,
R2,457k980,34.07443377,131.57108454,,,,
R2,458k000,34.07443609,131.57086634,,,,
R2,458k020,34.07445483,131.5706496,,,,
R2,458k040,34.07447333,131.57043561,,,,
R2,458k060,34.07449177,131.5702215,,,,
R2,458k080,34.07451053,131.57000431,,,,
R2,458k100,34.07452873,131.56979214,,,,
R2,458k180,34.07449543,131.56892933,,,,
R2,459k760,34.06669039,131.55343113,,,,
R2,459k780,34.06658101,131.5532575,,,,
R2,459k800,34.06647208,131.55308575,,,,
R2,459k820,34.0663625,131.5529139,,,,
R2,459k840,34.06625038,131.5527285,,,,
R2,459k860,34.06614149,131.55256953,,,,
R2,459k880,34.06603143,131.55239839,,,,
R2,459k900,34.06592102,131.55222585,,,,
R2,459k920,34.0658109,131.55205504,,,,
R2,459k980,34.06547719,131.55154252,,,,
R2,460k000,34.06536619,131.55137139,,,,
R2,460k020,34.06525712,131.55119895,,,,
R2,460k040,34.06514548,131.55103091,,,,
R2,460k100,34.06480812,131.55051957,,,,
R2,460k120,34.06469698,131.55035535,,,,
R2,460k140,34.0645831,131.55018626,,,,
R2,460k160,34.0644712,131.55002086,,,,
R2,460k180,34.06435523,131.5498501,,,,
R2,460k200,34.06424078,131.54968174,,,,
R2,460k220,34.06412618,131.54951408,,,,
R2,460k240,34.06401201,131.54934721,,,,
R2,460k260,34.06389744,131.54917984,,,,
R2,460k280,34.06378092,131.54901304,,,,
R2,460k300,34.06366025,131.54884743,,,,
R2,460k320,34.0635433,131.54868333,,,,
R2,460k340,34.06342722,131.54851924,,,,
R2,460k360,34.06330906,131.54835428,,,,
R2,460k380,34.06319157,131.54819134,,,,
R2,460k400,34.06307334,131.54802797,,,,
R2,460k420,34.06295414,131.54786472,,,,
R2,460k440,34.06283547,131.5477015,,,,
R2,460k460,34.06271536,131.54753735,,,,
R2,460k480,34.06259741,131.54737734,,,,
R2,460k500,34.0624768,131.54721586,,,,
R2,460k520,34.06235717,131.54705213,,,,
R2,460k540,34.06223761,131.54689229,,,,
R2,460k560,34.06211698,131.54673051,,,,
R2,460k580,34.0619967,131.5465702,,,,
R2,460k600,34.06187502,131.54640982,,,,
R2,460k620,34.06174782,131.54624625,,,,
R2,460k640,34.06162616,131.54608481,,,,
R2,460k660,34.06150585,131.54592545,,,,
R2,460k680,34.06138471,131.54576468,,,,
R2,460k700,34.06126396,131.54560441,,,,
R2,460k720,34.06114293,131.54544429,,,,
R2,460k740,34.06102183,131.54528409,,,,
R2,460k760,34.06089942,131.54512506,,,,
R2,460k780,34.06077691,131.54496755,,,,
R2,460k800,34.06064659,131.54480342,,,,
R2,460k820,34.06052003,131.5446488,,,,
R2,460k840,34.06039342,131.5444948,,,,
R2,460k860,34.06026371,131.54434084,,,,
R2,460k880,34.06013449,131.54419121,,,,
R2,460k900,34.06001247,131.54405149,,,,
R2,460k920,34.06079329,131.54425296,,,,
R2,460k940,34.06066931,131.54409738,,,,
R2,460k960,34.06054531,131.54393871,,,,
R2,460k980,34.06042211,131.54378006,,,,
R2,461k000,34.06028895,131.54360874,,,,
R2,461k020,34.06016819,131.54345023,,,,
R2,461k040,34.06004656,131.54329095,,,,
R2,461k060,34.05992562,131.5431292,,,,
R2防府BP（KP重複区間）,466k000,34.05613287,131.49793501,,,,
R2防府BP（KP重複区間）,466k020,34.05626927,131.49779545,,,,
R2防府BP（KP重複区間）,466k040,34.05640677,131.49765497,,,,
R2防府BP（KP重複区間）,466k060,34.05654364,131.49751344,,,,
R2防府BP（KP重複区間）,466k080,34.05668011,131.49737207,,,,
R2防府BP（KP重複区間）,466k100,34.05681723,131.49722985,,,,
R2防府BP（KP重複区間）,466k120,34.05695303,131.49708843,,,,
R2防府BP（KP重複区間）,466k180,34.05735991,131.49665949,,,,
R2防府BP（KP重複区間）,466k300,34.05809456,131.49586667,,,,
R2防府BP（KP重複区間）,466k320,34.05822759,131.49571995,,,,
R2防府BP（KP重複区間）,466k340,34.05836059,131.4955732,,,,
R2防府BP（KP重複区間）,466k460,34.05923435,131.49459338,,,,
R2防府BP（KP重複区間）,466k480,34.05936509,131.49444372,,,,
R2防府BP（KP重複区間）,466k500,34.05949739,131.49429236,,,,
R2防府BP（KP重複区間）,466k520,34.05962745,131.49414184,,,,
R2防府BP（KP重複区間）,466k540,34.05975755,131.49399086,,,,
R2防府BP（KP重複区間）,466k560,34.05988617,131.49383967,,,,
R2防府BP（KP重複区間）,466k580,34.06001404,131.49368752,,,,
R2防府BP（KP重複区間）,466k600,34.06012761,131.4935516,,,,
R2,375k700,34.17443576,132.22145289,,,,
R2,387k400,34.17361955,132.13527507,,,,
R2,390k800,34.16362958,132.10466548,,,,
R2,390k900,34.16303297,132.10387203,,,,
R2,391k100,34.16181728,132.10453482,,,,
R2,391k200,34.16097201,132.10433213,,,,
R2,391k500,34.15916012,132.10537624,,,,
R2,398k120,34.10770705,132.09662982,,,,
R2,398k140,34.10756384,132.09649809,,,,
R2,398k700,34.10359947,132.09590527,,,,
R2,400k900,34.09571341,132.07530893,,,,
R2,409k600,34.07639536,131.99146587,,,,
R2,412k540,34.05728847,131.97308203,,,,
R2,412k560,34.05710936,131.97311541,,,,
R2,412k580,34.05692947,131.97313151,,,,
R2,412k600,34.05674727,131.97312483,,,,
R2,417k100,34.03295644,131.93697746,,,,
R2,483k100,34.05646337,131.33632035,,,,
R2,484k900,34.05650602,131.32745264,,,,
R2,485k400,34.05657978,131.32248223,,,,
R2,486k800,34.05845213,131.3094292,,,,
R2,486k820,34.05840362,131.30922249,,,,
R2,486k840,34.05838138,131.30900867,,,,
R2,486k860,34.05839081,131.30879224,,,,
R2,486k880,34.05843074,131.30858367,,,,
R2,487k100,34.06007224,131.3075461,,,,
R2,487k120,34.06025094,131.3075122,,,,
R2,487k800,34.06039927,131.30127028,,,,
R2,494k700,34.04174599,131.24623875,,,,
R2,496k120,34.04472509,131.23173983,,,,
R2,496k140,34.04476773,131.23152879,,,,
R2,496k160,34.04478617,131.2313174,,,,
R2,496k180,34.04477784,131.23109836,,,,
R188,0k040,34.17607898,132.22590664,,,,
R188,0k060,34.17590883,132.22583817,,,,
R188,0k080,34.17573628,132.22576678,,,,
R188,0k100,34.17556771,132.22569845,,,,
R188,0k160,34.17508826,132.22550035,,,,
R188,0k180,34.17491789,132.22542984,,,,
R188,0k200,34.17473523,132.22534911,,,,
R188,0k280,34.17406635,132.22507282,,,,
R188,0k300,34.17389452,132.22500187,,,,
R188,0k420,34.17292678,132.2246006,,,,
R188,0k440,34.17275628,132.22453067,,,,
R188,0k460,34.1725853,132.22445957,,,,
R188,0k480,34.17241479,132.22438964,,,,
R188,0k500,34.17224442,132.22431927,,,,
R188,1k060,34.17027651,132.22350209,,,,
R188,1k140,34.16931579,132.22310371,,,,
R188,1k160,34.16914795,132.22303521,,,,
R188,1k180,34.16897633,132.22296432,,,,
R188,1k200,34.16880107,132.22289201,,,,
R188,1k220,34.16863031,132.22282083,,,,
R188,1k240,34.1684605,132.22275238,,,,
R188,1k260,34.16828997,132.22268175,,,,
R188,1k300,34.16795063,132.22254832,,,,
R188,1k400,34.1670231,132.22230833,,,,
R188,1k500,34.16610623,132.2223109,,,,
R188,1k600,34.16522765,132.22229909,,,,
R188,1k780,34.16363835,132.22234761,,,,
R188,1k800,34.16347738,132.22237308,,,,
R188,1k900,34.16259316,132.22250823,,,,
R188,2k300,34.15910612,132.22204292,,,,
R188,2k340,34.15880705,132.22187105,,,,
R188,2k360,34.1586433,132.22177745,,,,
R188,2k380,34.15848007,132.22168413,,,,
R188,2k400,34.15831692,132.22158993,,,,
R188,2k520,34.15737482,132.22104747,,,,
R188,2k540,34.15721158,132.22095378,,,,
R188,2k560,34.15704778,132.22085978,,,,
R188,2k580,34.1568847,132.22076688,,,,
R188,2k600,34.15672324,132.22067587,,,,
R188,2k900,34.15421916,132.2192254,,,,
R188,2k960,34.15373085,132.21894706,,,,
R188,2k980,34.15356934,132.21885392,,,,
R188,3k000,34.15340617,132.21875983,,,,
R188,3k020,34.15323188,132.21865923,,,,
R188,3k040,34.15306951,132.21856522,,,,
R188,3k060,34.15290747,132.21847117,,,,
R188,3k080,34.1527473,132.21837805,,,,
R188,3k100,34.15258407,132.21828444,,,,
R188,3k120,34.15243377,132.21819828,,,,
R188,3k140,34.15227107,132.21810471,,,,
R188,3k160,34.15210887,132.21801239,,,,
R188,3k180,34.1519458,132.2179196,,,,
R188,3k200,34.15179017,132.21783567,,,,
R188,3k220,34.15161785,132.21773478,,,,
R188,3k240,34.15145532,132.21763939,,,,
R188,3k260,34.15129161,132.21754337,,,,
R188,3k700,34.14774594,132.21524577,,,,
R188,3k720,34.14758879,132.21514141,,,,
R188,3k740,34.14742868,132.21504373,,,,
R188,3k760,34.14726421,132.21495588,,,,
R188,3k780,34.14709633,132.21487611,,,,
R188,3k800,34.14692144,132.21480657,,,,
R188,3k820,34.14676672,132.21474946,,,,
R188,3k840,34.14659453,132.21468575,,,,
R188,3k860,34.14642244,132.21462284,,,,
R188,3k880,34.14625147,132.21456023,,,,
R188,3k900,34.14607847,132.21449658,,,,
R188,4k100,34.14442739,132.21384414,,,,
R188,4k120,34.14425561,132.21371929,,,,
R188,4k140,34.1441148,132.21359194,,,,
R188,4k160,34.14397595,132.21344917,,,,
R188,4k180,34.1438409,132.21330903,,,,
R188,4k200,34.14370525,132.2131685,,,,
R188,4k560,34.14115064,132.21061269,,,,
R188,4k580,34.14100467,132.21048552,,,,
R188,4k600,34.1408586,132.2103584,,,,
R188,4k720,34.14003943,132.2096513,,,,
R188,4k740,34.1398995,132.20952017,,,,
R188,4k760,34.13975736,132.20938743,,,,
R188,4k780,34.13961527,132.2092546,,,,
R188,4k800,34.13947271,132.20912147,,,,
R188,4k820,34.13933186,132.20899058,,,,
R188,4k840,34.13919078,132.20885845,,,,
R188,4k860,34.1390484,132.20872456,,,,
R188,4k880,34.13890598,132.20859198,,,,
R188,4k900,34.13875805,132.20845342,,,,
R188,4k920,34.13861613,132.2083206,,,,
R188,4k940,34.13847329,132.20818736,,,,
R188,4k960,34.13833224,132.2080565,,,,
R188,4k980,34.1381882,132.20792672,,,,
R188,5k000,34.1380419,132.20779945,,,,
R188,5k100,34.13726942,132.20726326,,,,
R188,5k120,34.1371123,132.2071579,,,,
R188,5k140,34.13695511,132.20705352,,,,
R188,5k160,34.13679837,132.20694876,,,,
R188,5k180,34.13664717,132.20684076,,,,
R188,5k200,34.1364975,132.20672345,,,,
R188,5k300,34.13580157,132.20602098,,,,
R188,5k380,34.13528063,132.20545799,,,,
R188,5k400,34.13514786,132.20531394,,,,
R188,5k420,34.13500377,132.20515619,,,,
R188,5k440,34.13487195,132.20501054,,,,
R188,5k460,34.13473854,132.20486426,,,,
R188,5k500,34.13447535,132.20457407,,,,
R188,5k660,34.13329603,132.20327082,,,,
R188,5k680,34.13316277,132.20312505,,,,
R188,5k700,34.13303099,132.20298212,,,,
R188,5k720,34.13289864,132.20283857,,,,
R188,5k740,34.13276851,132.20269617,,,,
R188,5k760,34.13263639,132.20255164,,,,
R188,5k780,34.13250556,132.20240744,,,,
R188,5k820,34.13223162,132.20211762,,,,
R188,5k840,34.13209973,132.20197826,,,,
R188,5k860,34.13196558,132.20183647,,,,
R188,5k880,34.13183085,132.20169405,,,,
R188,5k920,34.13153528,132.20134652,,,,
R188,5k940,34.13140379,132.20120085,,,,
R188,5k960,34.13127159,132.20105557,,,,
R188,5k980,34.13113905,132.20091007,,,,
R188,6k000,34.13100799,132.20076443,,,,
R188,6k100,34.13035365,132.20004678,,,,
R188,6k220,34.1294431,132.19969955,,,,
R188,6k240,34.12926652,132.19966602,,,,
R188,6k260,34.12908582,132.19963149,,,,
R188,6k280,34.12890902,132.19959779,,,,
R188,6k300,34.12872957,132.19956362,,,,
R188,6k360,34.12823863,132.199471,,,,
R188,6k380,34.12806063,132.19943767,,,,
R188,6k400,34.12788209,132.19940395,,,,
R188,6k520,34.12674986,132.19922247,,,,
R188,6k540,34.12657027,132.19921042,,,,
R188,6k560,34.12639078,132.19921868,,,,
R188,6k580,34.12621153,132.19923237,,,,
R188,6k600,34.1260356,132.19924776,,,,
R188,6k620,34.12587598,132.19926122,,,,
R188,6k640,34.12569648,132.19927566,,,,
R188,6k660,34.12551767,132.19928955,,,,
R188,6k700,34.12516052,132.19933087,,,,
R188,6k860,34.12380778,132.19981119,,,,
R188,6k880,34.12363288,132.19987661,,,,
R188,6k900,34.12345993,132.19993978,,,,
R188,7k100,34.12176014,132.20060298,,,,
R188,7k140,34.12143427,132.20057911,,,,
R188,7k160,34.12127358,132.20047963,,,,
R188,7k180,34.1211124,132.20037991,,,,
R188,7k200,34.1209512,132.20028022,,,,
R188,7k220,34.12078161,132.20017159,,,,
R188,7k240,34.12062166,132.20005939,,,,
R188,7k260,34.120468,132.19994218,,,,
R188,7k280,34.12031853,132.19981867,,,,
R188,7k300,34.12017108,132.19968876,,,,
R188,7k340,34.11988759,132.19941101,,,,
R188,7k360,34.1197482,132.19927139,,,,
R188,7k380,34.11961112,132.1991334,,,,
R188,7k400,34.11947074,132.19899152,,,,
R188,7k520,34.11846226,132.19879503,,,,
R188,7k540,34.11828205,132.19881907,,,,
R188,7k560,34.1181032,132.19884317,,,,
R188,7k580,34.11792362,132.19886722,,,,
R188,7k600,34.11774473,132.19889088,,,,
R188,7k800,34.11587815,132.19911268,,,,
R188,7k820,34.1157005,132.19915138,,,,
R188,7k840,34.11552336,132.19919077,,,,
R188,7k880,34.11516942,132.19926668,,,,
R188,7k900,34.1149915,132.19930344,,,,
R188,8k020,34.11397031,132.19953238,,,,
R188,8k040,34.11379258,132.19957174,,,,
R188,8k060,34.1136143,132.19961264,,,,
R188,8k080,34.11343677,132.19965333,,,,
R188,8k100,34.11325903,132.1996926,,,,
R188,8k120,34.11308356,132.19973138,,,,
R188,8k140,34.11290471,132.19975767,,,,
R188,8k160,34.11272424,132.19976685,,,,
R188,8k180,34.11254294,132.19976213,,,,
R188,8k200,34.11236033,132.19975656,,,,
R188,8k220,34.11216818,132.19975123,,,,
R188,8k240,34.11198828,132.19974647,,,,
R188,8k260,34.11180713,132.19974263,,,,
R188,8k280,34.11162664,132.19973515,,,,
R188,8k300,34.11144641,132.19972996,,,,
R188,8k320,34.11125965,132.19972325,,,,
R188,8k340,34.11108016,132.19972063,,,,
R188,8k360,34.11089919,132.19971717,,,,
R188,8k380,34.11071885,132.19971456,,,,
R188,8k400,34.11053857,132.19971059,,,,
R188,8k460,34.1099539,132.1996863,,,,
R188,8k480,34.10977274,132.19967732,,,,
R188,8k500,34.10959386,132.1996678,,,,
R188,8k620,34.10862307,132.19990054,,,,
R188,8k640,34.10847001,132.20001632,,,,
R188,8k660,34.10831718,132.20013164,,,,
R188,8k680,34.1081631,132.20024579,,,,
R188,8k700,34.10800776,132.20035555,,,,
R188,8k720,34.10785313,132.20046155,,,,
R188,8k800,34.10729094,132.2009861,,,,
R188,8k900,34.1065163,132.2014998,,,,
R188,9k040,34.10524615,132.20164764,,,,
R188,9k060,34.10506708,132.20166929,,,,
R188,9k080,34.10488733,132.2016908,,,,
R188,9k100,34.1047086,132.20171215,,,,
R188,9k120,34.10453308,132.20173444,,,,
R188,9k140,34.10435928,132.20176673,,,,
R188,9k160,34.1041829,132.20181095,,,,
R188,9k180,34.10401091,132.20186408,,,,
R188,9k200,34.10383081,132.20191985,,,,
R188,9k220,34.10366317,132.20198103,,,,
R188,9k240,34.10349177,132.20204312,,,,
R188,9k260,34.10332056,132.20210595,,,,
R188,9k280,34.1031485,132.20216859,,,,
R188,9k300,34.10297682,132.20223111,,,,
R188,9k320,34.10281173,132.20229135,,,,
R188,9k340,34.10264128,132.20235405,,,,
R188,9k360,34.10246915,132.20241639,,,,
R188,9k380,34.10229797,132.20247936,,,,
R188,9k400,34.10212772,132.20254438,,,,
R188,9k420,34.10197194,132.20259737,,,,
R188,9k440,34.10179824,132.20265176,,,,
R188,9k460,34.10162614,132.20270349,,,,
R188,9k480,34.10145241,132.20275015,,,,
R188,9k500,34.10126344,132.20278816,,,,
R188,9k520,34.10108878,132.20283254,,,,
R188,9k540,34.10091322,132.20287787,,,,
R188,9k560,34.10073895,132.20292967,,,,
R188,9k580,34.10056779,132.20298967,,,,
R188,9k600,34.10039833,132.20305937,,,,
R188,9k620,34.10022333,132.20313288,,,,
R188,9k640,34.10005414,132.20320332,,,,
R188,9k660,34.09988383,132.20327438,,,,
R188,9k680,34.09971279,132.20334508,,,,
R188,9k700,34.09954238,132.20341613,,,,
R188,9k720,34.09935024,132.20349629,,,,
R188,9k740,34.09918084,132.20356933,,,,
R188,9k760,34.0990108,132.20364528,,,,
R188,9k780,34.09884285,132.2037214,,,,
R188,9k800,34.09868194,132.2037983,,,,
R188,9k920,34.09769904,132.20425232,,,,
R188,10k100,34.09615731,132.20492795,,,,
R188,10k400,34.0936741,132.20555711,,,,
R188,10k420,34.093512,132.20564742,,,,
R188,10k440,34.09334351,132.20571917,,,,
R188,10k460,34.09317378,132.20578828,,,,
R188,10k480,34.09300437,132.20585838,,,,
R188,10k500,34.09283437,132.20592738,,,,
R188,10k520,34.09265824,132.2060005,,,,
R188,10k540,34.09248831,132.20606996,,,,
R188,10k560,34.09231944,132.20613888,,,,
R188,10k580,34.09214997,132.20620937,,,,
R188,10k600,34.09197974,132.20627921,,,,
R188,10k660,34.09150353,132.20647541,,,,
R188,10k680,34.09133544,132.2065482,,,,
R188,10k700,34.09116954,132.20664538,,,,
R188,10k740,34.09085227,132.2068027,,,,
R188,10k800,34.09034034,132.20707238,,,,
R188,10k840,34.0899907,132.2072662,,,,
R188,10k900,34.08950681,132.20757163,,,,
R188,11k100,34.08790993,132.20860832,,,,
R188,11k200,34.08701854,132.20875029,,,,
R188,11k300,34.08613824,132.20885574,,,,
R188,11k320,34.08598383,132.20887357,,,,
R188,11k600,34.08345393,132.20904061,,,,
R188,11k620,34.08329772,132.20900667,,,,
R188,11k640,34.08312287,132.20895633,,,,
R188,11k660,34.08294991,132.20889658,,,,
R188,11k680,34.08277841,132.20882602,,,,
R188,11k700,34.08261102,132.20874474,,,,
R188,11k900,34.08091394,132.20813192,,,,
R188,12k100,34.07919474,132.20860754,,,,
R188,12k120,34.07901346,132.20858478,,,,
R188,12k180,34.07847265,132.20852851,,,,
R188,12k220,34.07808698,132.20856019,,,,
R188,12k240,34.07791055,132.20859534,,,,
R188,12k260,34.07773526,132.20863926,,,,
R188,12k280,34.07756011,132.20868396,,,,
R188,12k300,34.07738497,132.20872877,,,,
R188,12k320,34.07719934,132.2087727,,,,
R188,12k340,34.0770223,132.20879216,,,,
R188,12k360,34.0768446,132.20878649,,,,
R188,12k380,34.07666745,132.20876536,,,,
R188,12k400,34.0764916,132.20872501,,,,
R188,12k440,34.07617528,132.208613,,,,
R188,12k460,34.07600409,132.20854669,,,,
R188,12k480,34.07583346,132.20848027,,,,
R188,12k500,34.07564828,132.20840781,,,,
R188,12k520,34.07547655,132.20834949,,,,
R188,12k540,34.07529941,132.20831991,,,,
R188,12k560,34.07512105,132.20831199,,,,
R188,12k580,34.07494191,132.20830594,,,,
R188,12k600,34.07476124,132.20829941,,,,
R188,12k660,34.07427103,132.20828257,,,,
R188,12k680,34.07409097,132.20827663,,,,
R188,12k700,34.07391014,132.20827107,,,,
R188,12k820,34.07272384,132.20822512,,,,
R188,12k840,34.07254752,132.20818743,,,,
R188,12k860,34.07237532,132.20813002,,,,
R188,12k880,34.07220776,132.20804833,,,,
R188,12k900,34.07205155,132.20794909,,,,
R188,13k100,34.07070888,132.20665103,,,,
R188,13k200,34.06990159,132.2062462,,,,
R188,13k300,34.06900205,132.20603572,,,,
R188,13k400,34.0680935,132.205842,,,,
R188,13k500,34.06721246,132.20565611,,,,
R188,13k600,34.06647999,132.20502959,,,,
R188,13k740,34.06534328,132.20455033,,,,
R188,13k760,34.06516801,132.20460332,,,,
R188,13k780,34.06499418,132.20465587,,,,
R188,13k800,34.06482151,132.20470803,,,,
R188,13k820,34.06463522,132.20476261,,,,
R188,13k840,34.06445946,132.20481413,,,,
R188,13k860,34.06428431,132.20486548,,,,
R188,13k880,34.06410918,132.20491661,,,,
R188,13k900,34.06393278,132.20496771,,,,
R188,13k920,34.0637573,132.20501857,,,,
R188,13k940,34.06358235,132.2050693,,,,
R188,13k960,34.06340652,132.20512058,,,,
R188,13k980,34.06323115,132.20517174,,,,
R188,14k000,34.06305864,132.20522152,,,,
R188,14k020,34.06289277,132.20526964,,,,
R188,14k040,34.06271794,132.20532035,,,,
R188,14k060,34.06254366,132.2053709,,,,
R188,14k080,34.06236797,132.20542261,,,,
R188,14k100,34.0621927,132.20547316,,,,
R188,14k120,34.06200116,132.20552847,,,,
R188,14k140,34.06182627,132.20557848,,,,
R188,14k160,34.06165154,132.20562833,,,,
R188,14k180,34.06147692,132.20568111,,,,
R188,14k200,34.06130483,132.20573692,,,,
R188,14k220,34.06113249,132.20579247,,,,
R188,14k240,34.06095807,132.20584828,,,,
R188,14k260,34.06078543,132.20590884,,,,
R188,14k280,34.06061425,132.20597344,,,,
R188,14k300,34.06045517,132.20603348,,,,
R188,14k320,34.06029412,132.2061057,,,,
R188,14k340,34.06012251,132.20618066,,,,
R188,14k360,34.05995193,132.20625648,,,,
R188,14k380,34.05978301,132.20633808,,,,
R188,14k400,34.0596149,132.20642161,,,,
R188,14k440,34.05927021,132.2066006,,,,
R188,14k460,34.05910242,132.20668751,,,,
R188,14k500,34.05876942,132.20686475,,,,
R188,14k520,34.05860233,132.20696193,,,,
R188,14k540,34.0584395,132.20705876,,,,
R188,14k560,34.05827636,132.20715697,,,,
R188,14k660,34.05746837,132.2076915,,,,
R188,14k680,34.0573117,132.20779669,,,,
R188,14k700,34.05715455,132.20790063,,,,
R188,14k900,34.05549023,132.20836021,,,,
R188,14k920,34.05529623,132.20832137,,,,
R188,15k000,34.05460865,132.20846768,,,,
R188,15k020,34.05445053,132.20857352,,,,
R188,15k040,34.05429333,132.20867795,,,,
R188,15k060,34.05413649,132.20878161,,,,
R188,15k080,34.05397923,132.20888616,,,,
R188,15k100,34.05382089,132.2089908,,,,
R188,15k120,34.0536579,132.20910001,,,,
R188,15k140,34.05350561,132.20921274,,,,
R188,15k160,34.05336065,132.20933763,,,,
R188,15k180,34.05322093,132.20947433,,,,
R188,15k200,34.05309313,132.2096203,,,,
R188,15k220,34.05297006,132.20977824,,,,
R188,15k240,34.05284326,132.20993303,,,,
R188,15k260,34.05271651,132.21008872,,,,
R188,15k280,34.05258989,132.21024307,,,,
R188,15k300,34.05246314,132.2103976,,,,
R188,15k320,34.05233383,132.21055505,,,,
R188,15k340,34.05220728,132.21070983,,,,
R188,15k360,34.05208073,132.21086379,,,,
R188,15k400,34.05182262,132.21116648,,,,
R188,15k480,34.05120007,132.2115774,,,,
R188,15k500,34.05102685,132.21163441,,,,
R188,15k520,34.05085201,132.21168087,,,,
R188,15k540,34.0506768,132.2117269,,,,
R188,15k560,34.05050013,132.21177297,,,,
R188,15k580,34.05032304,132.21181916,,,,
R188,15k600,34.05014661,132.21186516,,,,
R188,15k620,34.0499714,132.21191086,,,,
R188,15k640,34.04979471,132.21195711,,,,
R188,15k660,34.04961916,132.21200318,,,,
R188,15k680,34.04944227,132.21204961,,,,
R188,15k700,34.04926565,132.21209596,,,,
R188,15k720,34.04909011,132.21214203,,,,
R188,15k740,34.04891364,132.21218835,,,,
R188,15k760,34.04873771,132.21223443,,,,
R188,15k780,34.0485613,132.21228056,,,,
R188,15k800,34.04838189,132.21232882,,,,
R188,16k020,34.04655334,132.21275749,,,,
R188,16k040,34.04637444,132.21277906,,,,
R188,16k060,34.04619295,132.21279199,,,,
R188,16k080,34.04601282,132.21279529,,,,
R188,16k160,34.04517296,132.21277335,,,,
R188,16k180,34.04499199,132.21278261,,,,
R188,16k200,34.0448137,132.21280191,,,,
R188,16k220,34.04465175,132.21282713,,,,
R188,16k240,34.04447465,132.21286491,,,,
R188,16k260,34.04429627,132.21290392,,,,
R188,16k280,34.04411969,132.21294198,,,,
R188,16k320,34.04374828,132.21302252,,,,
R188,16k340,34.04357131,132.21306089,,,,
R188,16k360,34.04339312,132.21309947,,,,
R188,16k380,34.04321693,132.21313761,,,,
R188,16k400,34.04303843,132.21317489,,,,
R188,16k520,34.04207168,132.21338465,,,,
R188,16k540,34.04187477,132.21342712,,,,
R188,16k560,34.04169732,132.21346547,,,,
R188,16k580,34.04151907,132.21350402,,,,
R188,16k600,34.04134232,132.21354228,,,,
R188,16k620,34.04115188,132.2135835,,,,
R188,16k640,34.04097552,132.21362213,,,,
R188,16k660,34.04079713,132.21366222,,,,
R188,16k680,34.04061958,132.21370214,,,,
R188,16k700,34.04043373,132.21374223,,,,
R188,16k720,34.04025852,132.21377957,,,,
R188,16k740,34.04008113,132.21381825,,,,
R188,16k760,34.03990459,132.21385671,,,,
R188,16k780,34.0397288,132.21389557,,,,
R188,16k800,34.03955019,132.21393587,,,,
R188,16k880,34.03885621,132.21421698,,,,
R188,17k000,34.03822262,132.21530312,,,,
R188,17k020,34.03813327,132.21549222,,,,
R188,17k040,34.03804259,132.21567872,,,,
R188,17k060,34.03795013,132.21586654,,,,
R188,17k080,34.03785998,132.21605345,,,,
R188,17k160,34.03743386,132.21676879,,,,
R188,17k300,34.03642388,132.21765403,,,,
R188,17k380,34.03575416,132.21802602,,,,
R188,17k400,34.0355766,132.21800495,,,,
R188,17k500,34.03474618,132.21781208,,,,
R188,17k520,34.03457034,132.2177419,,,,
R188,17k540,34.03440564,132.21765688,,,,
R188,17k560,34.03424637,132.21755739,,,,
R188,17k600,34.03394082,132.21731766,,,,
R188,17k620,34.03379136,132.21719475,,,,
R188,17k640,34.03364402,132.21707406,,,,
R188,17k660,34.03349585,132.21695189,,,,
R188,17k680,34.03334766,132.21682763,,,,
R188,17k700,34.03319807,132.21670401,,,,
R188,17k720,34.03304145,132.21660716,,,,
R188,17k740,34.03286924,132.21654385,,,,
R188,17k760,34.03269092,132.2165143,,,,
R188,17k800,34.03233143,132.21648409,,,,
R188,17k820,34.03214233,132.21650072,,,,
R188,17k840,34.03196455,132.21653094,,,,
R188,17k860,34.03178802,132.21657711,,,,
R188,17k900,34.03144548,132.2167135,,,,
R188,17k920,34.03127935,132.21678497,,,,
R188,17k940,34.03111169,132.21685826,,,,
R188,17k960,34.03094113,132.21693326,,,,
R188,17k980,34.03077319,132.21700665,,,,
R188,18k000,34.03060232,132.21708178,,,,
R188,18k020,34.03043322,132.21715589,,,,
R188,18k040,34.03026372,132.21723068,,,,
R188,18k060,34.03009516,132.21730492,,,,
R188,18k080,34.02992662,132.21737902,,,,
R188,18k100,34.02975861,132.21745355,,,,
R188,18k120,34.02958994,132.21752795,,,,
R188,18k140,34.02942142,132.21760332,,,,
R188,18k160,34.02925047,132.21767217,,,,
R188,18k180,34.0290758,132.21772359,,,,
R188,18k200,34.02890172,132.2177627,,,,
R188,18k220,34.02872125,132.21777562,,,,
R188,18k240,34.0285402,132.21776959,,,,
R188,18k260,34.02836193,132.21774508,,,,
R188,18k280,34.02818292,132.21771485,,,,
R188,18k300,34.0280039,132.21768283,,,,
R188,18k320,34.0278271,132.21765412,,,,
R188,18k340,34.02764789,132.21763375,,,,
R188,18k360,34.02746719,132.21762288,,,,
R188,18k380,34.02728634,132.2176231,,,,
R188,18k400,34.02710467,132.21763375,,,,
R188,18k420,34.0269225,132.21764975,,,,
R188,18k440,34.02674173,132.21766804,,,,
R188,18k460,34.02656233,132.21768591,,,,
R188,18k480,34.02638337,132.21770457,,,,
R188,18k500,34.02620054,132.21772227,,,,
R188,18k520,34.02602889,132.21774172,,,,
R188,18k540,34.02584733,132.21775998,,,,
R188,18k560,34.02566676,132.21777844,,,,
R188,18k580,34.02548663,132.21779644,,,,
R188,18k600,34.02530776,132.21781411,,,,
R188,18k620,34.02513104,132.21782708,,,,
R188,18k640,34.02495015,132.21783193,,,,
R188,18k660,34.02477027,132.21782761,,,,
R188,18k680,34.02458904,132.21781225,,,,
R188,18k700,34.02440778,132.21778742,,,,
R188,18k720,34.02422956,132.21775626,,,,
R188,18k740,34.02405039,132.21772348,,,,
R188,18k760,34.02387026,132.21769199,,,,
R188,18k780,34.02369059,132.21766009,,,,
R188,18k800,34.02351123,132.21762889,,,,
R188,19k080,34.02096068,132.21827557,,,,
R188,19k160,34.02025297,132.21819409,,,,
R188,19k180,34.02007871,132.21813899,,,,
R188,19k200,34.01990331,132.21808352,,,,
R188,19k260,34.01942437,132.21788071,,,,
R188,19k280,34.01926488,132.21777937,,,,
R188,19k300,34.0191108,132.21766195,,,,
R188,19k320,34.01894699,132.21753328,,,,
R188,19k340,34.0187971,132.2174156,,,,
R188,19k360,34.01864461,132.21729519,,,,
R188,19k380,34.01849919,132.2171859,,,,
R188,19k420,34.01832469,132.21708297,,,,
R188,19k440,34.01816043,132.21699798,,,,
R188,19k460,34.01798813,132.21692862,,,,
R188,19k480,34.01781374,132.21687441,,,,
R188,19k500,34.0176357,132.21683323,,,,
R188,19k520,34.01746712,132.21680655,,,,
R188,19k540,34.01728769,132.21679271,,,,
R188,19k560,34.01710637,132.21679265,,,,
R188,19k580,34.01692617,132.21680723,,,,
R188,19k780,34.01514885,132.21670784,,,,
R188,19k900,34.01412922,132.21654012,,,,
R188,20k160,34.0118808,132.21581278,,,,
R188,20k280,34.0109643,132.21508172,,,,
R188,20k320,34.01070132,132.21502235,,,,
R188,20k340,34.0105236,132.21498385,,,,
R188,20k360,34.01034423,132.21494473,,,,
R188,20k380,34.01016665,132.21490602,,,,
R188,20k400,34.00998784,132.21486699,,,,
R188,20k420,34.0097987,132.21482574,,,,
R188,20k440,34.00962037,132.21478679,,,,
R188,20k460,34.00944272,132.21474784,,,,
R188,20k480,34.00926441,132.21470785,,,,
R188,20k500,34.00908441,132.21467741,,,,
R188,20k520,34.00890374,132.21467151,,,,
R188,20k540,34.00872306,132.21467405,,,,
R188,20k560,34.0085412,132.21467743,,,,
R188,20k580,34.0083615,132.21468222,,,,
R188,20k600,34.0081824,132.21467867,,,,
R188,20k620,34.00801015,132.21467697,,,,
R188,20k640,34.00782832,132.21466233,,,,
R188,20k660,34.00764995,132.21463366,,,,
R188,20k680,34.0074734,132.21459065,,,,
R188,20k700,34.00729492,132.21454508,,,,
R188,20k720,34.00711654,132.21449986,,,,
R188,20k740,34.00693984,132.21445529,,,,
R188,20k760,34.00676353,132.21441041,,,,
R188,20k800,34.00640944,132.21430774,,,,
R188,20k940,34.00520921,132.21385278,,,,
R188,20k960,34.00503235,132.21381726,,,,
R188,20k980,34.00485583,132.21378199,,,,
R188,21k000,34.00467984,132.21374701,,,,
R188,21k020,34.00450436,132.21370795,,,,
R188,21k040,34.00432879,132.21366219,,,,
R188,21k060,34.00415528,132.21361091,,,,
R188,21k080,34.00398141,132.21355621,,,,
R188,21k100,34.00381063,132.21349615,,,,
R188,21k120,34.00364782,132.21343114,,,,
R188,21k140,34.00347959,132.21336134,,,,
R188,21k160,34.00331001,132.21329155,,,,
R188,21k180,34.00314306,132.21321732,,,,
R188,21k200,34.0029566,132.21313065,,,,
R188,21k220,34.00278763,132.21305478,,,,
R188,21k240,34.00261915,132.21297932,,,,
R188,21k260,34.00245021,132.21290567,,,,
R188,21k280,34.00228167,132.21282984,,,,
R188,21k300,34.00211469,132.21274819,,,,
R188,21k320,34.00195608,132.21265112,,,,
R188,21k340,34.00180201,132.21253918,,,,
R188,21k360,34.00165707,132.21241314,,,,
R188,21k380,34.00151924,132.2122738,,,,
R188,21k400,34.00138519,132.21212969,,,,
R188,21k440,34.001135,132.21186603,,,,
R188,21k460,34.00099851,132.21172498,,,,
R188,21k480,34.00086071,132.21158566,,,,
R188,21k520,34.00046762,132.2112084,,,,
R188,21k540,34.00032566,132.21107426,,,,
R188,21k560,34.00018455,132.21094365,,,,
R188,21k580,34.00004066,132.21081321,,,,
R188,21k600,33.99989557,132.21068442,,,,
R188,21k620,33.99975071,132.21055843,,,,
R188,21k640,33.99960373,132.21043329,,,,
R188,21k660,33.99945634,132.21031043,,,,
R188,21k680,33.99930789,132.21018931,,,,
R188,21k700,33.9991584,132.21006999,,,,
R188,21k820,33.99834679,132.20942576,,,,
R188,21k860,33.99805817,132.20916605,,,,
R188,21k880,33.99791369,132.20903581,,,,
R188,21k900,33.9977696,132.20890243,,,,
R188,21k920,33.99763209,132.2087686,,,,
R188,21k940,33.9974947,132.20862798,,,,
R188,21k980,33.99722759,132.20833667,,,,
R188,22k000,33.99709472,132.20818953,,,,
R188,22k080,33.99649971,132.20770504,,,,
R188,22k100,33.99633804,132.2076085,,,,
R188,22k120,33.99617706,132.20750737,,,,
R188,22k140,33.99601613,132.20740917,,,,
R188,22k160,33.99584895,132.20732834,,,,
R188,22k200,33.99549903,132.20721012,,,,
R188,22k220,33.99533174,132.20715611,,,,
R188,22k240,33.99515759,132.20709742,,,,
R188,22k260,33.99499169,132.20701233,,,,
R188,22k280,33.99483841,132.2068951,,,,
R188,22k300,33.99469658,132.20676316,,,,
R188,22k320,33.99455775,132.2066319,,,,
R188,22k340,33.99441708,132.20649942,,,,
R188,22k360,33.99427428,132.20636636,,,,
R188,22k380,33.99413145,132.2062317,,,,
R188,22k400,33.99399198,132.2060931,,,,
R188,22k460,33.99366233,132.20566293,,,,
R188,22k480,33.99354318,132.2054997,,,,
R188,22k500,33.99342395,132.20533698,,,,
R188,22k560,33.9930182,132.20481469,,,,
R188,22k580,33.99288885,132.20466431,,,,
R188,22k600,33.9927543,132.20451706,,,,
R188,22k620,33.99262251,132.20437773,,,,
R188,22k640,33.99248364,132.20423698,,,,
R188,22k660,33.99234431,132.20410128,,,,
R188,22k680,33.99220353,132.20396457,,,,
R188,22k700,33.99206701,132.20382699,,,,
R188,22k720,33.99192315,132.20369172,,,,
R188,22k740,33.99178344,132.20355457,,,,
R188,22k760,33.991644,132.20341529,,,,
R188,22k780,33.991506,132.20327533,,,,
R188,22k800,33.99136792,132.20313306,,,,
R188,22k820,33.99123296,132.20298977,,,,
R188,22k840,33.99109805,132.2028464,,,,
R188,22k860,33.99096205,132.20270259,,,,
R188,22k880,33.9908267,132.20256012,,,,
R188,22k900,33.99069127,132.20241726,,,,
R188,22k920,33.99055578,132.20227416,,,,
R188,22k940,33.99042096,132.20212981,,,,
R188,22k960,33.99028814,132.20198267,,,,
R188,22k980,33.99015751,132.20183382,,,,
R188,23k000,33.99002123,132.20168643,,,,
R188,23k020,33.98989224,132.20154599,,,,
R188,23k040,33.98975675,132.2014024,,,,
R188,23k060,33.98961596,132.20126839,,,,
R188,23k080,33.98946666,132.20114425,,,,
R188,23k100,33.98931621,132.20102737,,,,
R188,23k140,33.98901199,132.2008012,,,,
R188,23k160,33.98885026,132.20070597,,,,
R188,23k180,33.98868739,132.20061404,,,,
R188,23k200,33.98852418,132.20052277,,,,
R188,23k220,33.98836527,132.20043352,,,,
R188,23k240,33.98820228,132.20034164,,,,
R188,23k260,33.98803965,132.20025151,,,,
R188,23k280,33.98787685,132.20015992,,,,
R188,23k300,33.98770835,132.20005979,,,,
R188,23k320,33.98754511,132.19997088,,,,
R188,23k340,33.98738026,132.19987934,,,,
R188,23k360,33.98721607,132.19978998,,,,
R188,23k380,33.98704866,132.19970639,,,,
R188,23k400,33.98687496,132.19964306,,,,
R188,23k420,33.98669558,132.19959863,,,,
R188,23k440,33.98651542,132.19957611,,,,
R188,23k460,33.98633499,132.19957528,,,,
R188,23k500,33.98597521,132.19962706,,,,
R188,23k520,33.98580254,132.19966041,,,,
R188,23k540,33.98562527,132.19970484,,,,
R188,23k580,33.98527789,132.19982025,,,,
R188,23k600,33.98510847,132.19989051,,,,
R188,23k620,33.98493278,132.19995218,,,,
R188,23k660,33.98458768,132.20008448,,,,
R188,23k680,33.98441634,132.20015024,,,,
R188,23k700,33.98424555,132.20021548,,,,
R188,23k720,33.98407282,132.20028134,,,,
R188,23k740,33.98390128,132.2003477,,,,
R188,23k760,33.98373,132.20041393,,,,
R188,23k780,33.98355597,132.2004735,,,,
R188,23k800,33.9833767,132.20048559,,,,
R188,23k880,33.98269773,132.20020509,,,,
R188,23k900,33.98253164,132.20011785,,,,
R188,23k920,33.98236849,132.20002227,,,,
R188,23k940,33.98220843,132.19992748,,,,
R188,23k960,33.98204748,132.19982893,,,,
R188,23k980,33.98189438,132.19971593,,,,
R188,24k000,33.9817515,132.19958383,,,,
R188,24k040,33.98151447,132.19926227,,,,
R188,24k060,33.98141287,132.19908367,,,,
R188,24k080,33.98131864,132.1989021,,,,
R188,24k100,33.98121737,132.19872281,,,,
R188,24k200,33.98052418,132.19806783,,,,
R188,24k300,33.979675,132.19773422,,,,
R188,24k320,33.97950246,132.19766806,,,,
R188,24k340,33.97933026,132.19760309,,,,
R188,24k360,33.97916,132.19753094,,,,
R188,24k400,33.9788332,132.19734603,,,,
R188,24k420,33.97867236,132.19724897,,,,
R188,24k440,33.97851162,132.19715169,,,,
R188,24k460,33.97835035,132.19705435,,,,
R188,24k480,33.97818948,132.19695755,,,,
R188,24k500,33.97803118,132.19686694,,,,
R188,24k520,33.97787228,132.19677532,,,,
R188,24k560,33.9775493,132.19658145,,,,
R188,24k580,33.97738657,132.19649003,,,,
R188,24k600,33.97722255,132.19640034,,,,
R188,24k620,33.97707159,132.19632168,,,,
R188,24k640,33.97690383,132.19623896,,,,
R188,24k660,33.97673623,132.19616027,,,,
R188,24k680,33.976567,132.19608457,,,,
R188,24k700,33.97639716,132.19601301,,,,
R188,24k740,33.976054,132.19587079,,,,
R188,24k760,33.97588701,132.19579213,,,,
R188,24k780,33.97572103,132.19570746,,,,
R188,24k800,33.97555521,132.19562417,,,,
R188,24k820,33.97537907,132.19550809,,,,
R188,24k840,33.97522543,132.19539447,,,,
R188,24k860,33.97507773,132.19527353,,,,
R188,24k880,33.97493409,132.19514318,,,,
R188,24k900,33.97479711,132.19500393,,,,
R188,24k920,33.97467065,132.19487128,,,,
R188,24k940,33.97453536,132.19472917,,,,
R188,24k960,33.97440003,132.19458695,,,,
R188,24k980,33.97426491,132.19444488,,,,
R188,25k100,33.97336565,132.19348909,,,,
R188,25k140,33.97315049,132.19325698,,,,
R188,25k160,33.97301584,132.19311316,,,,
R188,25k180,33.97288124,132.19296946,,,,
R188,25k260,33.9723712,132.19243925,,,,
R188,25k280,33.97222815,132.19230695,,,,
R188,25k300,33.97208079,132.19218022,,,,
R188,25k320,33.97194147,132.19206754,,,,
R188,25k340,33.97178975,132.19195125,,,,
R188,25k360,33.9716335,132.19184146,,,,
R188,25k380,33.97147649,132.19173498,,,,
R188,25k400,33.97131127,132.19163635,,,,
R188,25k520,33.97028626,132.19114845,,,,
R188,25k540,33.97011659,132.19107848,,,,
R188,25k560,33.96994673,132.19100795,,,,
R188,25k580,33.96977672,132.1909386,,,,
R188,25k600,33.96960615,132.19086707,,,,
R188,25k620,33.96942289,132.19079191,,,,
R188,25k640,33.96925159,132.19072129,,,,
R188,25k660,33.96908237,132.19065152,,,,
R188,25k680,33.96890426,132.1905782,,,,
R188,25k800,33.96793439,132.19018521,,,,
R188,25k820,33.96776349,132.190115,,,,
R188,25k840,33.96759275,132.19004457,,,,
R188,26k020,33.96604873,132.18930137,,,,
R188,26k040,33.9658937,132.1891951,,,,
R188,26k060,33.96573913,132.18908378,,,,
R188,26k080,33.96558738,132.18896819,,,,
R188,26k100,33.96543888,132.18884654,,,,
R188,26k120,33.96531173,132.18873966,,,,
R188,26k140,33.96516342,132.18861634,,,,
R188,26k160,33.96501633,132.18849301,,,,
R188,26k180,33.96486787,132.18836914,,,,
R188,26k200,33.96471956,132.18824562,,,,
R188,26k220,33.96458637,132.18813268,,,,
R188,26k240,33.96443851,132.18800823,,,,
R188,26k260,33.96428968,132.1878842,,,,
R188,26k280,33.96414549,132.18775711,,,,
R188,26k300,33.96400133,132.18762767,,,,
R188,26k320,33.96386325,132.18748815,,,,
R188,26k340,33.96373226,132.18734226,,,,
R188,26k360,33.96360461,132.18718775,,,,
R188,26k380,33.96348458,132.18702585,,,,
R188,26k400,33.96337179,132.18685871,,,,
R188,26k420,33.96326664,132.18668562,,,,
R188,26k440,33.96316729,132.18650577,,,,
R188,26k460,33.96307533,132.18632077,,,,
R188,26k480,33.96299031,132.18612984,,,,
R188,26k500,33.96291351,132.18593576,,,,
R188,26k980,33.96356139,132.1810018,,,,
R188,27k000,33.96361565,132.1807952,,,,
R188,27k020,33.96366933,132.18059017,,,,
R188,27k040,33.9637241,132.18038107,,,,
R188,27k060,33.96377771,132.18017525,,,,
R188,27k080,33.96383122,132.17996889,,,,
R188,27k100,33.96388451,132.17976343,,,,
R188,27k120,33.96393529,132.17957047,,,,
R188,27k140,33.96398948,132.17936498,,,,
R188,27k160,33.96404424,132.17915731,,,,
R188,27k180,33.96409868,132.17895084,,,,
R188,27k200,33.96415244,132.17874681,,,,
R188,27k340,33.96382749,132.17740269,,,,
R188,27k420,33.96335251,132.17678816,,,,
R188,27k440,33.96322999,132.17662528,,,,
R188,27k460,33.96310726,132.17646166,,,,
R188,27k500,33.96286188,132.17615211,,,,
R188,29k320,33.95709877,132.15794314,,,,
R188,29k340,33.95706796,132.15773165,,,,
R188,29k360,33.9570362,132.15751372,,,,
R188,29k380,33.957005,132.15729962,,,,
R188,29k400,33.95697389,132.15708597,,,,
R188,29k420,33.95694256,132.15687156,,,,
R188,29k440,33.95691127,132.15665713,,,,
R188,29k460,33.9568804,132.15644308,,,,
R188,29k480,33.95685044,132.15622943,,,,
R188,29k500,33.95682051,132.15601472,,,,
R188,29k520,33.95679088,132.15580158,,,,
R188,29k540,33.9567611,132.15558771,,,,
R188,29k560,33.95673123,132.15537299,,,,
R188,29k580,33.95670157,132.15515771,,,,
R188,29k600,33.95667198,132.15494322,,,,
R188,29k800,33.95636795,132.15281409,,,,
R188,29k820,33.95634217,132.15259017,,,,
R188,29k840,33.95633069,132.15237377,,,,
R188,29k860,33.95633068,132.15215622,,,,
R188,29k880,33.9563445,132.15194106,,,,
R188,29k920,33.9563753,132.15151612,,,,
R188,29k940,33.95640073,132.15130308,,,,
R188,29k960,33.95642644,132.15108766,,,,
R188,30k000,33.95647496,132.15065875,,,,
R188,30k080,33.95657899,132.14972588,,,,
R188,30k100,33.95660148,132.1495112,,,,
R188,30k240,33.95666323,132.14815377,,,,
R188,30k260,33.95667055,132.14793813,,,,
R188,30k320,33.95669449,132.14728791,,,,
R188,30k440,33.95667886,132.14591192,,,,
R188,30k460,33.95667035,132.14569602,,,,
R188,30k480,33.95666232,132.14548088,,,,
R188,30k500,33.95665676,132.14526487,,,,
R188,30k560,33.95663288,132.14456631,,,,
R188,30k580,33.95663102,132.14434905,,,,
R188,30k600,33.95663727,132.14413168,,,,
R188,30k620,33.95665204,132.14391595,,,,
R188,30k640,33.95667376,132.14370225,,,,
R188,30k660,33.95670244,132.14348818,,,,
R188,30k680,33.95673196,132.14327584,,,,
R188,30k700,33.95676098,132.14306265,,,,
R188,30k720,33.95679159,132.1428446,,,,
R188,30k740,33.95681549,132.14263166,,,,
R188,30k760,33.9568315,132.1424151,,,,
R188,30k780,33.95684168,132.14219861,,,,
R188,30k800,33.95684915,132.14198087,,,,
R188,31k100,33.95747551,132.1387336,,,,
R188,31k120,33.95751921,132.13853251,,,,
R188,31k140,33.95755566,132.13832941,,,,
R188,31k160,33.95758467,132.13812437,,,,
R188,31k180,33.95760621,132.13791835,,,,
R188,31k200,33.95762077,132.13771124,,,,
R188,31k220,33.95762989,132.1375038,,,,
R188,31k240,33.95763535,132.13729607,,,,
R188,31k260,33.95763871,132.13708841,,,,
R188,31k280,33.95764173,132.13688051,,,,
R188,31k300,33.9576447,132.13667273,,,,
R188,31k320,33.95764771,132.13646486,,,,
R188,31k340,33.9576507,132.13625716,,,,
R188,31k360,33.9576537,132.13604934,,,,
R188,31k380,33.95765668,132.13584161,,,,
R188,31k420,33.95765802,132.13530454,,,,
R188,31k440,33.95766227,132.13507061,,,,
R188,31k460,33.95766588,132.13487116,,,,
R188,31k480,33.9576698,132.13465584,,,,
R188,31k500,33.95767368,132.13444264,,,,
R188,31k520,33.9576776,132.13422624,,,,
R188,31k540,33.95768153,132.13400982,,,,
R188,31k560,33.95768546,132.13379342,,,,
R188,31k580,33.95768938,132.13357701,,,,
R188,31k600,33.9576933,132.13336061,,,,
R188,31k620,33.95769724,132.13314419,,,,
R188,31k640,33.95770117,132.13292779,,,,
R188,31k660,33.9577051,132.13271133,,,,
R188,31k680,33.95770902,132.13249492,,,,
R188,31k720,33.95770842,132.1320417,,,,
R188,31k740,33.95771084,132.13183007,,,,
R188,31k760,33.95771326,132.13161844,,,,
R188,31k780,33.95771568,132.1314068,,,,
R188,31k800,33.95771809,132.13119511,,,,
R188,31k820,33.95772051,132.13098349,,,,
R188,31k840,33.95772293,132.13077192,,,,
R188,31k860,33.95772535,132.13056029,,,,
R188,31k880,33.95772777,132.13034866,,,,
R188,31k900,33.95772992,132.13013697,,,,
R188,32k300,33.95757898,132.12579151,,,,
R188,32k320,33.95757752,132.12557527,,,,
R188,32k340,33.95757586,132.12535904,,,,
R188,32k360,33.95757439,132.12514257,,,,
R188,32k380,33.95757293,132.12492634,,,,
R188,32k400,33.95757127,132.1247101,,,,
R188,32k420,33.9575698,132.12449386,,,,
R188,32k440,33.95756815,132.12427762,,,,
R188,32k460,33.95756668,132.12406139,,,,
R188,32k480,33.95756501,132.12384515,,,,
R188,32k500,33.95756355,132.12362891,,,,
R188,32k520,33.95756208,132.12341268,,,,
R188,32k540,33.95756041,132.12319644,,,,
R188,32k560,33.95755895,132.1229802,,,,
R188,32k580,33.95755728,132.12276374,,,,
R188,32k620,33.95754582,132.12230463,,,,
R188,32k640,33.95754437,132.12209003,,,,
R188,32k660,33.9575432,132.1218752,,,,
R188,32k680,33.9575415,132.1216606,,,,
R188,32k700,33.95753989,132.12144782,,,,
R188,32k720,33.95753863,132.12123264,,,,
R188,32k740,33.95753707,132.12101787,,,,
R188,32k760,33.9575359,132.12080309,,,,
R188,32k780,33.95753646,132.12058838,,,,
R188,32k800,33.95754339,132.12037439,,,,
R188,32k820,33.95755915,132.12016039,,,,
R188,32k840,33.9575866,132.11994793,,,,
R188,32k860,33.95762624,132.11973903,,,,
R188,32k880,33.95767823,132.1195339,,,,
R188,33k520,33.96179718,132.11479336,,,,
R188,33k540,33.96192169,132.1146369,,,,
R188,33k560,33.96203466,132.11446885,,,,
R188,33k580,33.96213264,132.1142871,,,,
R188,33k600,33.96221687,132.11409303,,,,
R188,33k620,33.9622838,132.11389159,,,,
R188,33k640,33.96233836,132.11368545,,,,
R188,33k660,33.96238411,132.11347629,,,,
R188,33k680,33.96242555,132.11326519,,,,
R188,33k700,33.96246763,132.11305478,,,,
R188,33k720,33.96250908,132.11284366,,,,
R188,33k740,33.96254958,132.11263319,,,,
R188,33k760,33.96259092,132.11242251,,,,
R188,33k780,33.96263226,132.11221185,,,,
R188,33k840,33.9627541,132.11157861,,,,
R188,33k860,33.96279524,132.11136792,,,,
R188,33k880,33.96283585,132.1111569,,,,
R188,33k900,33.96287501,132.1109465,,,,
R188,33k920,33.9629117,132.11073444,,,,
R188,33k940,33.96294424,132.1105215,,,,
R188,33k960,33.96297095,132.11030735,,,,
R188,33k980,33.96299175,132.11009243,,,,
R188,34k000,33.9630072,132.1098743,,,,
R188,34k020,33.96301626,132.1096588,,,,
R188,34k040,33.96301944,132.10944231,,,,
R188,34k060,33.96301848,132.10922635,,,,
R188,34k080,33.96301429,132.10900995,,,,
R188,34k100,33.9630087,132.10879652,,,,
R188,34k500,33.9624984,132.10523041,,,,
R188,34k540,33.96230761,132.10482549,,,,
R188,34k560,33.96221243,132.10464164,,,,
R188,34k580,33.96211698,132.10445814,,,,
R188,34k600,33.96202147,132.10427548,,,,
R188,34k620,33.96192606,132.10409087,,,,
R188,34k640,33.96183098,132.10390742,,,,
R188,34k660,33.96173447,132.10372492,,,,
R188,34k680,33.96163901,132.10354182,,,,
R188,34k700,33.96154506,132.1033552,,,,
R188,34k720,33.96145402,132.10318186,,,,
R188,34k740,33.96135901,132.10299878,,,,
R188,34k760,33.96126317,132.1028165,,,,
R188,34k780,33.96116781,132.10263197,,,,
R188,34k800,33.96107269,132.10244681,,,,
R188,34k820,33.96096895,132.102251,,,,
R188,34k840,33.96087245,132.10206731,,,,
R188,34k860,33.96077761,132.10188498,,,,
R188,34k880,33.96068098,132.10170229,,,,
R188,34k900,33.96058427,132.10151767,,,,
R188,35k120,33.96004965,132.09932475,,,,
R188,35k140,33.95999376,132.0991182,,,,
R188,35k160,33.95990596,132.09893034,,,,
R188,35k180,33.95980816,132.09874843,,,,
R188,35k200,33.95970939,132.09856415,,,,
R188,35k400,33.95855311,132.09711267,,,,
R188,35k540,33.95730144,132.09647884,,,,
R188,35k560,33.95716,132.09634141,,,,
R188,35k580,33.95702218,132.09620462,,,,
R188,35k620,33.95672322,132.09597301,,,,
R188,35k640,33.95656287,132.09586983,,,,
R188,35k660,33.956402,132.0957661,,,,
R188,35k680,33.95624208,132.09566243,,,,
R188,35k700,33.95608456,132.09555435,,,,
R188,35k720,33.95593372,132.09542582,,,,
R188,35k740,33.95579558,132.0952851,,,,
R188,35k760,33.95565689,132.09514265,,,,
R188,35k780,33.95551847,132.0950009,,,,
R188,35k800,33.9553815,132.09486036,,,,
R188,35k820,33.95524854,132.09472353,,,,
R188,35k840,33.95511125,132.09458255,,,,
R188,35k860,33.95497247,132.09444032,,,,
R188,35k880,33.95483487,132.09429909,,,,
R188,35k900,33.95469813,132.09416185,,,,
R188,35k980,33.95418724,132.09363716,,,,
R188,36k000,33.9540505,132.09349631,,,,
R188,36k020,33.95391462,132.09335636,,,,
R188,36k040,33.95377832,132.09321525,,,,
R188,36k060,33.9536417,132.09307344,,,,
R188,36k080,33.9535057,132.09293227,,,,
R188,36k100,33.95337007,132.09279145,,,,
R188,36k120,33.95322264,132.09263821,,,,
R188,36k140,33.95308739,132.09249617,,,,
R188,36k160,33.952951,132.09235292,,,,
R188,36k200,33.95267856,132.09206914,,,,
R188,36k220,33.95253322,132.09191712,,,,
R188,36k240,33.95239659,132.09177384,,,,
R188,36k260,33.95226068,132.09163131,,,,
R188,36k280,33.95212513,132.09148907,,,,
R188,36k300,33.95198932,132.09134649,,,,
R188,36k380,33.951496,132.09078605,,,,
R188,36k400,33.95136118,132.09064395,,,,
R188,36k420,33.95120969,132.09050282,,,,
R188,36k440,33.95106091,132.09038099,,,,
R188,36k460,33.950906,132.09026988,,,,
R188,36k480,33.9507497,132.09016241,,,,
R188,36k500,33.9505911,132.09006281,,,,
R188,36k520,33.95041612,132.08994485,,,,
R188,36k580,33.94999081,132.08955123,,,,
R188,36k600,33.94987591,132.08938272,,,,
R188,36k620,33.94977316,132.08920525,,,,
R188,36k640,33.94967155,132.08902399,,,,
R188,36k660,33.94957127,132.08884522,,,,
R188,36k680,33.94947076,132.08866594,,,,
R188,36k700,33.94936958,132.08848597,,,,
R188,36k720,33.94926885,132.08830646,,,,
R188,36k760,33.94906661,132.08794711,,,,
R188,36k780,33.94896595,132.08776804,,,,
R188,36k800,33.94886416,132.08759639,,,,
R188,36k900,33.94835901,132.08669014,,,,
R188,37k000,33.9478615,132.08580015,,,,
R188,37k200,33.94771101,132.08553761,,,,
R188,37k220,33.94760957,132.08535778,,,,
R188,37k240,33.94750903,132.08517889,,,,
R188,37k260,33.94740817,132.08499948,,,,
R188,37k280,33.94730744,132.08482053,,,,
R188,37k300,33.94720707,132.08464225,,,,
R188,37k540,33.94605192,132.08246014,,,,
R188,37k560,33.94594967,132.08227995,,,,
R188,37k580,33.94584914,132.08210279,,,,
R188,37k600,33.94574786,132.08192346,,,,
R188,37k620,33.94565324,132.08175754,,,,
R188,37k640,33.94555185,132.08157886,,,,
R188,37k660,33.94544941,132.08139994,,,,
R188,37k680,33.94534738,132.08122179,,,,
R188,37k700,33.94524541,132.08104624,,,,
R188,37k720,33.94514015,132.08085355,,,,
R188,37k740,33.94504424,132.08067144,,,,
R188,37k760,33.94494982,132.08048495,,,,
R188,37k780,33.94485895,132.08029824,,,,
R188,37k800,33.94477307,132.08010924,,,,
R188,37k820,33.94469471,132.07992207,,,,
R188,37k840,33.94462077,132.07972488,,,,
R188,37k860,33.94455409,132.07952357,,,,
R188,37k880,33.94449372,132.07932076,,,,
R188,37k900,33.94444023,132.07911384,,,,
R188,37k940,33.94434815,132.07867554,,,,
R188,37k960,33.94431627,132.07846307,,,,
R188,37k980,33.9442908,132.07825186,,,,
R188,38k000,33.94426755,132.0780293,,,,
R188,38k020,33.94426193,132.07784081,,,,
R188,38k040,33.94425572,132.07762398,,,,
R188,38k060,33.94425581,132.07740788,,,,
R188,38k080,33.9442619,132.07719168,,,,
R188,38k100,33.94426905,132.07697702,,,,
R188,38k120,33.94428282,132.07674747,,,,
R188,38k140,33.94429817,132.07653142,,,,
R188,38k160,33.94431647,132.07631607,,,,
R188,38k180,33.9443343,132.07610096,,,,
R188,38k200,33.94435271,132.07588515,,,,
R188,38k220,33.94437081,132.07567535,,,,
R188,38k240,33.94438873,132.07546054,,,,
R188,38k280,33.94441868,132.07502758,,,,
R188,38k300,33.94442693,132.07480895,,,,
R188,38k320,33.94443609,132.07459452,,,,
R188,38k340,33.94443693,132.07437906,,,,
R188,38k360,33.94443246,132.07416226,,,,
R188,38k380,33.94442137,132.07394513,,,,
R188,38k400,33.94440315,132.07372986,,,,
R188,38k420,33.9443795,132.07352291,,,,
R188,38k440,33.94434738,132.0733099,,,,
R188,38k460,33.94430964,132.07309865,,,,
R188,38k480,33.94426331,132.07288917,,,,
R188,38k500,33.94421301,132.07268246,,,,
R188,38k520,33.94415296,132.0724721,,,,
R188,38k540,33.94408505,132.07227074,,,,
R188,38k560,33.94401178,132.07207317,,,,
R188,38k580,33.94393274,132.07187812,,,,
R188,38k600,33.94384776,132.0716895,,,,
R188,38k620,33.94376408,132.0714976,,,,
R188,38k640,33.94366542,132.07131654,,,,
R188,38k660,33.94355994,132.07114106,,,,
R188,38k680,33.9434522,132.07096839,,,,
R188,38k700,33.94333853,132.07080051,,,,
R188,38k720,33.94321344,132.07061526,,,,
R188,38k740,33.94309622,132.07044952,,,,
R188,38k760,33.94297776,132.07028825,,,,
R188,38k780,33.94285827,132.07012712,,,,
R188,38k800,33.94273837,132.06996521,,,,
R188,38k820,33.94262303,132.06980947,,,,
R188,38k840,33.94250212,132.06964737,,,,
R188,38k860,33.94238196,132.06948581,,,,
R188,38k880,33.94226281,132.06932516,,,,
R188,38k900,33.94215323,132.0691584,,,,
R188,38k920,33.94203849,132.06900327,,,,
R188,38k960,33.94179877,132.06867844,,,,
R188,38k980,33.941678,132.06851505,,,,
R188,39k000,33.94155893,132.06835259,,,,
R188,39k020,33.94144371,132.06819385,,,,
R188,39k040,33.94132455,132.06803074,,,,
R188,39k060,33.94120547,132.06786672,,,,
R188,39k080,33.94108757,132.06770464,,,,
R188,39k100,33.94096733,132.06753946,,,,
R188,39k120,33.94085055,132.06737971,,,,
R188,39k140,33.94073013,132.06721663,,,,
R188,39k160,33.94060988,132.06705397,,,,
R188,39k180,33.94049006,132.06689065,,,,
R188,39k200,33.94036822,132.06672143,,,,
R188,39k220,33.94024969,132.06656151,,,,
R188,39k240,33.9401326,132.06639964,,,,
R188,39k260,33.94001438,132.06623775,,,,
R188,39k280,33.9398946,132.06607565,,,,
R188,39k300,33.93977587,132.06591342,,,,
R188,39k320,33.93965853,132.06575032,,,,
R188,39k340,33.9395384,132.06558912,,,,
R188,39k360,33.93942024,132.06542594,,,,
R188,39k380,33.93930214,132.06526406,,,,
R188,39k400,33.93918484,132.06510129,,,,
R188,39k420,33.93906783,132.06494048,,,,
R188,39k440,33.93894945,132.06477754,,,,
R188,39k460,33.93883125,132.06461517,,,,
R188,39k480,33.93871381,132.06445246,,,,
R188,39k500,33.93859596,132.06428415,,,,
R188,39k520,33.93847585,132.0641193,,,,
R188,39k540,33.93835726,132.06395657,,,,
R188,39k560,33.93824264,132.06378987,,,,
R188,39k580,33.9381287,132.06362274,,,,
R188,39k600,33.93801523,132.06345483,,,,
R188,39k760,33.93700772,132.06204237,,,,
R188,39k780,33.93688909,132.06187963,,,,
R188,39k800,33.93676881,132.06171816,,,,
R188,40k000,33.93544372,132.06031606,,,,
R188,40k020,33.9352936,132.06019767,,,,
R188,40k040,33.93514276,132.06007891,,,,
R188,40k060,33.93499162,132.05996117,,,,
R188,40k080,33.93484379,132.05983709,,,,
R188,40k100,33.93470368,132.05970265,,,,
R188,40k120,33.93455684,132.0595494,,,,
R188,40k140,33.93442615,132.05939968,,,,
R188,40k160,33.93430206,132.05924238,,,,
R188,40k180,33.93418205,132.05908019,,,,
R188,40k200,33.93406284,132.0589187,,,,
R188,40k220,33.93394528,132.05876144,,,,
R188,40k240,33.93383056,132.05859408,,,,
R188,40k260,33.93372342,132.05841969,,,,
R188,40k280,33.9336236,132.05823937,,,,
R188,40k300,33.93353069,132.05805268,,,,
R188,40k420,33.93305738,132.05689297,,,,
R188,40k440,33.93298051,132.05669903,,,,
R188,40k460,33.93290305,132.05650436,,,,
R188,40k480,33.9328257,132.05630757,,,,
R188,40k500,33.93274854,132.05611168,,,,
R188,40k560,33.93253153,132.05556546,,,,
R188,40k580,33.93245374,132.05537001,,,,
R188,40k600,33.93236762,132.05517778,,,,
R188,40k900,33.93035474,132.05295167,,,,
R188,40k920,33.93021258,132.0528116,,,,
R188,40k940,33.93006886,132.05267238,,,,
R188,40k960,33.92992499,132.05253631,,,,
R188,40k980,33.92978104,132.05240181,,,,
R188,41k100,33.92893783,132.05166799,,,,
R188,41k200,33.92817008,132.05109356,,,,
R188,41k400,33.92651011,132.0506366,,,,
R188,41k900,33.92197106,132.05081998,,,,
R188,41k920,33.92179409,132.05085352,,,,
R188,41k940,33.92161573,132.0508876,,,,
R188,41k960,33.92143785,132.05092067,,,,
R188,41k980,33.92125991,132.05095494,,,,
R188,42k000,33.9210821,132.05098786,,,,
R188,42k020,33.92088598,132.05102412,,,,
R188,42k040,33.9207079,132.051058,,,,
R188,42k060,33.92052999,132.05109088,,,,
R188,42k080,33.92035146,132.05112426,,,,
R188,42k100,33.92017331,132.05115832,,,,
R188,42k220,33.91910821,132.05126721,,,,
R188,42k240,33.91893024,132.05123047,,,,
R188,42k260,33.91875621,132.05117122,,,,
R188,42k280,33.91858796,132.0510913,,,,
R188,42k300,33.91842814,132.05099121,,,,
R188,42k320,33.91825739,132.05085679,,,,
R188,42k340,33.91811772,132.05072142,,,,
R188,42k360,33.9179783,132.05058465,,,,
R188,42k380,33.91783927,132.05044792,,,,
R188,42k400,33.91769943,132.05030968,,,,
R188,42k540,33.91696247,132.04912717,,,,
R188,42k560,33.91688078,132.04893489,,,,
R188,42k580,33.91679907,132.04874222,,,,
R188,42k600,33.91671625,132.0485494,,,,
R188,42k620,33.9166324,132.04835156,,,,
R188,42k640,33.91655067,132.04815891,,,,
R188,42k660,33.91646905,132.04796593,,,,
R188,42k680,33.91638716,132.04777313,,,,
R188,42k700,33.91630505,132.04758083,,,,
R188,42k720,33.91622674,132.0473958,,,,
R188,42k740,33.91614523,132.04720365,,,,
R188,42k760,33.91606312,132.04701021,,,,
R188,42k780,33.91598129,132.04681742,,,,
R188,42k820,33.91583382,132.04643428,,,,
R188,42k840,33.91574672,132.0462402,,,,
R188,42k860,33.91565996,132.0460464,,,,
R188,42k880,33.91557334,132.04585207,,,,
R188,42k900,33.91548748,132.04565876,,,,
R188,42k920,33.91540106,132.04546614,,,,
R188,42k940,33.91531623,132.045274,,,,
R188,42k960,33.91522975,132.04508023,,,,
R188,42k980,33.91513767,132.04488922,,,,
R188,43k000,33.91503051,132.04471152,,,,
R188,43k080,33.91447552,132.04415641,,,,
R188,43k120,33.91419472,132.04394475,,,,
R188,43k160,33.91387876,132.04373838,,,,
R188,43k180,33.91372005,132.04363346,,,,
R188,43k200,33.91356314,132.0435295,,,,
R188,43k220,33.91339508,132.04341895,,,,
R188,43k240,33.91324218,132.04330275,,,,
R188,43k260,33.91309648,132.04317236,,,,
R188,43k280,33.91295998,132.04303097,,,,
R188,43k300,33.91283235,132.04287645,,,,
R188,43k320,33.91272247,132.04272387,,,,
R188,43k340,33.91260574,132.04255693,,,,
R188,43k360,33.91248992,132.04239055,,,,
R188,43k380,33.91237447,132.04222488,,,,
R188,43k400,33.91226208,132.04206262,,,,
R188,43k420,33.91214654,132.0418965,,,,
R188,43k440,33.91203099,132.04173053,,,,
R188,43k460,33.91191544,132.04156441,,,,
R188,43k480,33.91179924,132.04139804,,,,
R188,43k500,33.91168471,132.04123358,,,,
R188,43k560,33.91133399,132.04071123,,,,
R188,43k580,33.91122359,132.04054048,,,,
R188,43k600,33.91111323,132.04036924,,,,
R188,43k620,33.91100086,132.04019518,,,,
R188,43k640,33.91089055,132.04002494,,,,
R188,43k660,33.91077907,132.03985334,,,,
R188,43k680,33.91066875,132.03968295,,,,
R188,43k700,33.91056049,132.03950364,,,,
R188,43k740,33.91034151,132.03916193,,,,
R188,43k760,33.91023185,132.03899277,,,,
R188,43k780,33.91012219,132.03882261,,,,
R188,43k800,33.91001245,132.03865087,,,,
R188,43k820,33.90990435,132.03848224,,,,
R188,43k840,33.90979435,132.0383111,,,,
R188,43k860,33.90968477,132.03813972,,,,
R188,43k880,33.90957541,132.03796787,,,,
R188,43k900,33.90946582,132.03779771,,,,
R188,44k020,33.90892872,132.03674942,,,,
R188,44k040,33.90887054,132.03654585,,,,
R188,44k060,33.90881826,132.03633866,,,,
R188,44k080,33.9087662,132.03613158,,,,
R188,44k100,33.90871431,132.0359248,,,,
R188,44k120,33.9086565,132.03569428,,,,
R188,44k140,33.90860382,132.03548437,,,,
R188,44k160,33.9085524,132.03527905,,,,
R188,44k180,33.90850063,132.03507241,,,,
R188,44k200,33.90844898,132.03486538,,,,
R188,44k300,33.90823815,132.03378976,,,,
R188,44k660,33.9070098,132.0303028,,,,
R188,44k680,33.90690893,132.03012629,,,,
R188,44k700,33.90678944,132.02996641,,,,
R188,44k860,33.90569502,132.0288324,,,,
R188,44k880,33.90558198,132.02866508,,,,
R188,44k940,33.90519369,132.02810607,,,,
R188,44k960,33.9050727,132.0279473,,,,
R188,44k980,33.90494343,132.02779472,,,,
R188,45k000,33.90480803,132.02765147,,,,
R188,45k180,33.90316799,132.02711316,,,,
R188,45k200,33.90298759,132.02708004,,,,
R188,45k220,33.90281526,132.02701952,,,,
R188,45k240,33.90267214,132.02692152,,,,
R188,45k280,33.90237038,132.02665438,,,,
R188,45k320,33.90215309,132.02635297,,,,
R188,45k340,33.90206332,132.02616455,,,,
R188,45k380,33.9019632,132.02574828,,,,
R188,45k400,33.9019386,132.02553261,,,,
R188,45k420,33.90191849,132.02530955,,,,
R188,45k440,33.90190276,132.02509408,,,,
R188,45k460,33.90190749,132.02487808,,,,
R188,45k500,33.90193773,132.02466177,,,,
R188,45k540,33.90206991,132.0242154,,,,
R188,45k560,33.90216122,132.02403026,,,,
R188,45k580,33.9022589,132.02385676,,,,
R188,45k600,33.90238246,132.02370207,,,,
R188,45k640,33.90271305,132.02347248,,,,
R188,45k660,33.90287605,132.02337712,,,,
R188,45k680,33.90303726,132.02328192,,,,
R188,45k700,33.90319888,132.02318695,,,,
R188,45k720,33.90334249,132.02310106,,,,
R188,45k740,33.90350394,132.02300504,,,,
R188,45k780,33.90382451,132.02280683,,,,
R188,46k080,33.90592416,132.02048299,,,,
R188,46k120,33.90607725,132.02032552,,,,
R188,46k160,33.90634432,132.02003583,,,,
R188,46k180,33.90647011,132.01988062,,,,
R188,46k200,33.90658981,132.01971909,,,,
R188,46k260,33.90690941,132.01925638,,,,
R188,46k280,33.90700964,132.01907606,,,,
R188,46k300,33.90708968,132.01888244,,,,
R188,46k320,33.90715541,132.01865093,,,,
R188,46k340,33.90719074,132.0184373,,,,
R188,46k400,33.90720036,132.01779075,,,,
R188,46k700,33.90798566,132.01472888,,,,
R188,46k720,33.90807321,132.01456262,,,,
R188,46k740,33.90816801,132.01438084,,,,
R188,46k760,33.90826367,132.0141969,,,,
R188,46k800,33.90845285,132.01382926,,,,
R188,46k820,33.9085449,132.01363741,,,,
R188,46k860,33.90871109,132.0132551,,,,
R188,46k880,33.90879317,132.0130623,,,,
R188,46k900,33.9088749,132.01287008,,,,
R188,46k940,33.90904036,132.01248092,,,,
R188,46k960,33.90911795,132.01228586,,,,
R188,46k980,33.90919308,132.01208919,,,,
R188,47k020,33.90932954,132.01169941,,,,
R188,47k040,33.90939798,132.01149783,,,,
R188,47k080,33.9095272,132.01109414,,,,
R188,47k100,33.9095709,132.0108853,,,,
R188,47k120,33.90959568,132.0106591,,,,
R188,47k140,33.90961735,132.0104457,,,,
R188,47k160,33.90963908,132.01023083,,,,
R188,47k180,33.90966418,132.01001763,,,,
R188,47k260,33.90994423,132.00923209,,,,
R188,47k280,33.91003615,132.00905035,,,,
R188,47k300,33.91014094,132.00885909,,,,
R188,47k600,33.91218623,132.00682459,,,,
R188,47k640,33.91250125,132.00662349,,,,
R188,47k660,33.91266036,132.0065221,,,,
R188,47k680,33.91281987,132.00642117,,,,
R188,47k700,33.91297941,132.00631992,,,,
R188,47k800,33.91371302,132.0056373,,,,
R188,47k860,33.91407018,132.00523963,,,,
R188,47k900,33.91433269,132.00493915,,,,
R188,48k200,33.91569159,132.00222783,,,,
R188,48k260,33.91561157,132.00160151,,,,
R188,48k280,33.91554517,132.00139881,,,,
R188,48k300,33.9154791,132.00119893,,,,
R188,48k340,33.91540315,132.00074744,,,,
R188,48k360,33.91540959,132.00053394,,,,
R188,48k380,33.9154331,132.00032045,,,,
R188,48k420,33.91548306,131.99989301,,,,
R188,48k480,33.91567578,131.99929319,,,,
R188,48k500,33.91577605,131.99911954,,,,
R188,48k520,33.91590406,131.99895893,,,,
R188,48k540,33.91604478,131.99882624,,,,
R188,48k560,33.91619433,131.998709,,,,
R188,48k580,33.91634503,131.99859028,,,,
R188,48k600,33.91649511,131.99847351,,,,
R188,48k620,33.91664755,131.99835963,,,,
R188,48k640,33.91680572,131.99825582,,,,
R188,48k660,33.91696672,131.99816405,,,,
R188,48k700,33.91730242,131.99800775,,,,
R188,48k760,33.9177883,131.99772834,,,,
R188,48k780,33.91794252,131.99761754,,,,
R188,48k820,33.9182546,131.99736916,,,,
R188,48k840,33.91840339,131.99724932,,,,
R188,48k860,33.91854233,131.9971125,,,,
R188,48k880,33.91866459,131.99695458,,,,
R188,48k900,33.91876957,131.99677906,,,,
R188,48k940,33.91892781,131.99638936,,,,
R188,48k960,33.91900212,131.99619174,,,,
R188,48k980,33.91907614,131.99599554,,,,
R188,49k000,33.91915045,131.99579742,,,,
R188,49k100,33.91961331,131.99489038,,,,
R188,49k240,33.92066785,131.99406539,,,,
R188,49k260,33.92081744,131.99394651,,,,
R188,49k280,33.92095686,131.99381027,,,,
R188,49k300,33.92108341,131.99365737,,,,
R188,49k320,33.92119849,131.99348946,,,,
R188,49k360,33.92142329,131.99315409,,,,
R188,49k380,33.92153651,131.99298527,,,,
R188,49k400,33.92164918,131.99281873,,,,
R188,49k420,33.92176384,131.99263562,,,,
R188,49k460,33.92199041,131.99229962,,,,
R188,49k500,33.92222397,131.99196939,,,,
R188,49k520,33.92235967,131.99181508,,,,
R188,49k540,33.92249943,131.99167972,,,,
R188,49k560,33.9226413,131.99154748,,,,
R188,49k580,33.92278352,131.99141499,,,,
R188,49k600,33.92292787,131.99128207,,,,
R188,49k620,33.92305596,131.99114713,,,,
R188,49k660,33.92329228,131.99081996,,,,
R188,49k680,33.92339169,131.99063842,,,,
R188,49k700,33.923485,131.99045444,,,,
R188,49k720,33.9235799,131.99027231,,,,
R188,49k740,33.92367576,131.99009049,,,,
R188,49k760,33.92377106,131.98990732,,,,
R188,49k780,33.92387208,131.98972873,,,,
R188,49k800,33.92399212,131.9895698,,,,
R188,49k820,33.9241432,131.98940524,,,,
R188,49k840,33.9242764,131.98925815,,,,
R188,49k860,33.92440835,131.98911211,,,,
R188,49k900,33.92467451,131.98881981,,,,
R188,49k920,33.92480424,131.98866935,,,,
R188,49k940,33.92493223,131.98851581,,,,
R188,49k960,33.92505612,131.98835877,,,,
R188,49k980,33.92517749,131.98820044,,,,
R188,50k000,33.92530574,131.98805103,,,,
R188,50k020,33.92543419,131.98788298,,,,
R188,50k040,33.92555606,131.98772184,,,,
R188,50k080,33.92579203,131.98739407,,,,
R188,50k100,33.92589505,131.98721562,,,,
R188,50k140,33.92606263,131.98681869,,,,
R188,50k160,33.92612393,131.98661408,,,,
R188,50k180,33.92617011,131.98640474,,,,
R188,50k200,33.92621248,131.98619222,,,,
R188,50k220,33.92625346,131.98598752,,,,
R188,50k240,33.9262979,131.98577757,,,,
R188,50k280,33.92641066,131.9853662,,,,
R188,50k900,33.92987609,131.98055075,,,,
R188,50k920,33.92992438,131.98035273,,,,
R188,50k940,33.92997493,131.98014739,,,,
R188,51k020,33.93019603,131.97933958,,,,
R188,51k040,33.93026143,131.9791195,,,,
R188,51k060,33.93030517,131.97893253,,,,
R188,51k080,33.93035762,131.97872477,,,,
R188,51k100,33.93040928,131.9785148,,,,
R188,51k140,33.93050849,131.97811014,,,,
R188,51k160,33.93055948,131.97790304,,,,
R188,51k180,33.9306099,131.9776967,,,,
R188,51k200,33.93066363,131.97748214,,,,
R188,51k300,33.93061114,131.97640427,,,,
R188,51k320,33.93056878,131.97621903,,,,
R188,51k360,33.93048132,131.97580046,,,,
R188,51k380,33.93045534,131.97558751,,,,
R188,51k400,33.93043273,131.97537344,,,,
R188,51k420,33.93041276,131.97517833,,,,
R188,51k440,33.93039019,131.9749638,,,,
R188,51k460,33.9303676,131.97474926,,,,
R188,51k480,33.93034578,131.97453458,,,,
R188,51k500,33.9303232,131.97432004,,,,
R188,52k100,33.93372074,131.97081898,,,,
R188,52k120,33.9338762,131.97076678,,,,
R188,52k140,33.93405105,131.97071109,,,,
R188,52k160,33.93422433,131.97065545,,,,
R188,52k180,33.93439706,131.97060093,,,,
R188,52k200,33.93457044,131.97054572,,,,
R188,52k220,33.93473882,131.97049119,,,,
R188,52k240,33.93491153,131.97043479,,,,
R188,52k260,33.93508461,131.97037826,,,,
R188,52k280,33.93525861,131.97032237,,,,
R188,52k300,33.9354339,131.97026512,,,,
R188,52k320,33.93560972,131.97020674,,,,
R188,52k340,33.93578427,131.97014973,,,,
R188,52k360,33.9359566,131.97009344,,,,
R188,52k380,33.93613041,131.97003666,,,,
R188,52k400,33.93630791,131.96998349,,,,
R188,52k420,33.93648896,131.96992552,,,,
R188,52k440,33.93666241,131.96987026,,,,
R188,52k460,33.93683645,131.96981368,,,,
R188,52k480,33.93700932,131.96975822,,,,
R188,52k500,33.93718351,131.96970035,,,,
R188,52k520,33.93734992,131.96963228,,,,
R188,52k540,33.93751577,131.96955174,,,,
R188,52k560,33.93767805,131.96945681,,,,
R188,52k600,33.93799334,131.9692518,,,,
R188,52k620,33.93815492,131.96914549,,,,
R188,52k640,33.93831339,131.96904155,,,,
R188,52k660,33.93847223,131.96893741,,,,
R188,52k680,33.93863115,131.96883299,,,,
R188,52k700,33.93879092,131.96873019,,,,
R188,52k800,33.93958139,131.96820966,,,,
R188,52k840,33.93988238,131.96801067,,,,
R188,52k880,33.940198,131.96780315,,,,
R188,52k900,33.94035579,131.96769877,,,,
R188,52k920,33.94052168,131.96758899,,,,
R188,52k940,33.94067948,131.9674846,,,,
R188,52k960,33.94083772,131.96738047,,,,
R188,52k980,33.94099473,131.96727699,,,,
R188,53k000,33.941153,131.96717293,,,,
R188,53k300,33.94354361,131.9656096,,,,
R188,53k320,33.94369076,131.96551116,,,,
R188,53k340,33.94384762,131.96540709,,,,
R188,53k400,33.94431572,131.96508563,,,,
R188,53k440,33.94459709,131.96487047,,,,
R188,53k500,33.94503844,131.96449881,,,,
R188,53k540,33.94536748,131.9642048,,,,
R188,53k560,33.94551197,131.96407523,,,,
R188,53k580,33.94565728,131.96394507,,,,
R188,53k600,33.94579361,131.96382725,,,,
R188,53k620,33.9459412,131.96369532,,,,
R188,53k640,33.94607516,131.96356977,,,,
R188,53k660,33.94623208,131.96343527,,,,
R188,53k680,33.94637828,131.9633057,,,,
R188,53k700,33.94652395,131.96317604,,,,
R188,53k720,33.94665287,131.96306236,,,,
R188,53k740,33.94679754,131.96293186,,,,
R188,53k760,33.94694313,131.96280285,,,,
R188,53k780,33.94708766,131.96267363,,,,
R188,53k800,33.9472337,131.96254306,,,,
R188,53k820,33.94737484,131.96241684,,,,
R188,53k840,33.94751998,131.96228708,,,,
R188,53k860,33.94766359,131.96215639,,,,
R188,53k880,33.94780757,131.96202394,,,,
R188,53k900,33.94794556,131.9618966,,,,
R188,53k920,33.94809413,131.96176282,,,,
R188,53k940,33.94823847,131.96163368,,,,
R188,53k960,33.94838311,131.96150442,,,,
R188,53k980,33.94852628,131.96137444,,,,
R188,54k000,33.94867095,131.96124506,,,,
R188,54k020,33.94881193,131.96111027,,,,
R188,54k040,33.94894706,131.96096666,,,,
R188,54k060,33.94907816,131.96081771,,,,
R188,54k080,33.94920538,131.96066277,,,,
R188,54k100,33.94932713,131.96050203,,,,
R188,54k120,33.94944129,131.96033556,,,,
R188,54k140,33.94955334,131.96016581,,,,
R188,54k160,33.94966492,131.95999597,,,,
R188,54k180,33.94977688,131.95982537,,,,
R188,54k200,33.94988909,131.95965121,,,,
R188,54k220,33.95000563,131.95948204,,,,
R188,54k240,33.95011562,131.95931194,,,,
R188,54k260,33.95022766,131.95913941,,,,
R188,54k280,33.95033828,131.95896873,,,,
R188,54k300,33.95044929,131.95879812,,,,
R188,54k320,33.95056034,131.95862713,,,,
R188,54k340,33.95067101,131.95845635,,,,
R188,54k360,33.95078173,131.95828547,,,,
R188,54k380,33.95089316,131.95811351,,,,
R188,54k400,33.95100271,131.95794445,,,,
R188,54k420,33.95112078,131.95776185,,,,
R188,54k440,33.95123161,131.95759079,,,,
R188,54k480,33.95145322,131.95724805,,,,
R188,54k500,33.95156641,131.95708121,,,,
R188,54k800,33.95321182,131.95453817,,,,
R188,54k820,33.95331942,131.95437346,,,,
R188,54k840,33.95343156,131.95420252,,,,
R188,54k860,33.95354263,131.95403175,,,,
R188,54k880,33.95365687,131.95385755,,,,
R188,54k900,33.95376689,131.95368987,,,,
R188,54k920,33.95386423,131.95354168,,,,
R188,54k940,33.95397706,131.95336966,,,,
R188,54k960,33.95408789,131.95319923,,,,
R188,54k980,33.95420026,131.95302794,,,,
R188,55k000,33.95431203,131.95285607,,,,
R188,55k020,33.95443882,131.9526611,,,,
R188,55k040,33.95455058,131.95248923,,,,
R188,55k060,33.95466081,131.95231824,,,,
R188,55k080,33.9547721,131.9521471,,,,
R188,55k100,33.9548846,131.95197187,,,,
R188,55k400,33.95653744,131.9494446,,,,
R188,55k420,33.95665438,131.94926365,,,,
R188,55k440,33.95676624,131.94909128,,,,
R188,55k480,33.95698747,131.94874888,,,,
R188,55k500,33.95709885,131.94857724,,,,
R188,55k520,33.95721024,131.94840559,,,,
R188,55k540,33.95732078,131.94823375,,,,
R188,55k560,33.95743133,131.9480619,,,,
R188,55k580,33.95754201,131.94789133,,,,
R188,55k600,33.95765319,131.94771777,,,,
R188,55k620,33.95775761,131.9475576,,,,
R188,55k640,33.95786876,131.94738632,,,,
R188,55k660,33.95797944,131.94721575,,,,
R188,55k680,33.95809105,131.94704375,,,,
R188,55k700,33.95819709,131.94687707,,,,
R188,55k760,33.95855373,131.94632977,,,,
R188,55k780,33.95866498,131.94615858,,,,
R188,55k800,33.95877622,131.94598739,,,,
R188,55k920,33.95941461,131.9449946,,,,
R188,55k940,33.95952479,131.94482358,,,,
R188,55k960,33.95963436,131.94465197,,,,
R188,55k980,33.9597444,131.94447966,,,,
R188,56k000,33.95984864,131.94431702,,,,
R188,56k020,33.95997469,131.94413154,,,,
R188,56k040,33.96008128,131.94396413,,,,
R188,56k080,33.96029931,131.94361872,,,,
R188,56k100,33.96041095,131.94344269,,,,
R188,56k160,33.96073443,131.94292939,,,,
R188,56k200,33.9609554,131.94258093,,,,
R188,56k220,33.96106245,131.94241278,,,,
R188,56k240,33.96117077,131.94224116,,,,
R188,56k260,33.96127941,131.94206755,,,,
R188,56k280,33.96138698,131.94189409,,,,
R188,56k300,33.96148882,131.94172806,,,,
R188,56k340,33.96174301,131.94138188,,,,
R188,56k360,33.9618774,131.94123819,,,,
R188,56k380,33.96202289,131.94111124,,,,
R188,56k400,33.96217754,131.94100202,,,,
R188,56k420,33.96233199,131.94091509,,,,
R188,56k440,33.96250139,131.94084352,,,,
R188,56k460,33.96267614,131.94078575,,,,
R188,56k480,33.96284894,131.94073028,,,,
R188,56k500,33.96302382,131.94067409,,,,
R188,56k540,33.96336233,131.94056572,,,,
R188,56k800,33.96554127,131.93953749,,,,
R188,56k820,33.96566206,131.9394077,,,,
R188,56k840,33.96578537,131.93925453,,,,
R188,56k860,33.96590306,131.93909089,,,,
R188,56k880,33.96600989,131.93891873,,,,
R188,56k900,33.9661057,131.93873759,,,,
R188,56k920,33.96621328,131.93853349,,,,
R188,56k940,33.96630961,131.93835083,,,,
R188,56k960,33.9664051,131.93816802,,,,
R188,56k980,33.96650159,131.93798593,,,,
R188,57k000,33.96660271,131.93780798,,,,
R188,57k020,33.96670611,131.93764192,,,,
R188,57k040,33.96681928,131.93747377,,,,
R188,57k060,33.96694004,131.93731074,,,,
R188,57k100,33.96719401,131.93700319,,,,
R188,57k220,33.96794622,131.93615442,,,,
R188,57k240,33.96807697,131.9360053,,,,
R188,57k260,33.96820585,131.93585588,,,,
R188,57k280,33.96833419,131.93570566,,,,
R188,57k300,33.96845576,131.93554716,,,,
R188,57k320,33.96855992,131.93539457,,,,
R188,57k340,33.96866408,131.93522105,,,,
R188,57k360,33.96875934,131.93503757,,,,
R188,57k400,33.96892078,131.93465305,,,,
R188,57k520,33.96929957,131.93333303,,,,
R188,57k540,33.96935639,131.93312635,,,,
R188,57k560,33.96941321,131.93292136,,,,
R188,57k580,33.96946958,131.93271559,,,,
R188,57k600,33.96952576,131.93251094,,,,
R188,57k620,33.96958691,131.9322898,,,,
R188,57k640,33.96964403,131.93208372,,,,
R188,57k660,33.96970105,131.93187797,,,,
R188,57k680,33.96975822,131.93167082,,,,
R188,57k700,33.96981553,131.9314636,,,,
R188,57k720,33.96987079,131.93126489,,,,
R188,57k740,33.9699278,131.93105839,,,,
R188,57k780,33.97004051,131.93064684,,,,
R188,57k800,33.97009146,131.93044478,,,,
R188,57k940,33.97048222,131.92901624,,,,
R188,57k960,33.97053859,131.92881034,,,,
R188,57k980,33.97059488,131.92860466,,,,
R188,58k000,33.97065119,131.92839898,,,,
R188,58k020,33.97071184,131.92817739,,,,
R188,58k040,33.97076874,131.9279717,,,,
R188,58k100,33.97094037,131.92735138,,,,
R188,58k440,33.97189046,131.92389873,,,,
R188,58k460,33.97194685,131.92369332,,,,
R188,58k480,33.97200318,131.92348741,,,,
R188,58k500,33.97205951,131.92328149,,,,
R188,58k520,33.97211435,131.92308175,,,,
R188,58k540,33.97217068,131.92287656,,,,
R188,58k560,33.97222736,131.92267006,,,,
R188,58k580,33.97228368,131.92246414,,,,
R188,58k600,33.97233989,131.92225866,,,,
R188,58k800,33.97270859,131.92010643,,,,
R188,58k820,33.97272714,131.91992086,,,,
R188,58k840,33.9727478,131.91970514,,,,
R188,58k860,33.97276787,131.91949026,,,,
R188,58k880,33.97278831,131.91927451,,,,
R188,58k900,33.97280936,131.91905886,,,,
R188,58k920,33.97283053,131.91883398,,,,
R188,58k940,33.97285196,131.91861837,,,,
R188,58k960,33.9728733,131.91840368,,,,
R188,59k000,33.97291798,131.91797431,,,,
R188,59k020,33.97293593,131.91777055,,,,
R188,59k040,33.97295442,131.9175555,,,,
R188,59k060,33.97296911,131.91733937,,,,
R188,59k080,33.97297949,131.91712318,,,,
R188,59k100,33.97298474,131.91690544,,,,
R188,59k120,33.97298591,131.91666932,,,,
R188,59k140,33.97298247,131.91645177,,,,
R188,59k160,33.9729753,131.91623613,,,,
R188,59k180,33.97296288,131.91601899,,,,
R188,59k200,33.97294436,131.91580341,,,,
R188,59k320,33.97276364,131.91456368,,,,
R188,59k500,33.97235496,131.91263948,,,,
R188,59k520,33.97231906,131.91241875,,,,
R188,59k540,33.97228521,131.91220735,,,,
R188,59k560,33.97225911,131.91199357,,,,
R188,59k580,33.97224252,131.9117793,,,,
R188,59k600,33.97223321,131.91156477,,,,
R188,59k620,33.97223767,131.91134963,,,,
R188,59k640,33.97225162,131.91113571,,,,
R188,59k660,33.97227673,131.91092217,,,,
R188,59k680,33.97231233,131.91071071,,,,
R188,59k700,33.97235878,131.9105033,,,,
R188,59k720,33.97241407,131.91028908,,,,
R188,59k760,33.9725295,131.90988036,,,,
R188,59k780,33.97258852,131.90967521,,,,
R188,59k800,33.97263749,131.90948552,,,,
R188,59k820,33.97269699,131.90928209,,,,
R188,59k840,33.97275695,131.90907654,,,,
R188,59k860,33.972816,131.90887072,,,,
R188,59k880,33.97287261,131.90866474,,,,
R188,59k900,33.97292469,131.90845608,,,,
R188,59k920,33.97296893,131.90824559,,,,
R188,59k940,33.97300375,131.90803235,,,,
R188,59k960,33.97303298,131.90781833,,,,
R188,60k000,33.97308389,131.90738951,,,,
R188,60k020,33.97310878,131.90718149,,,,
R188,60k040,33.9731339,131.9069674,,,,
R188,60k060,33.97315934,131.90674937,,,,
R188,60k080,33.97318617,131.90653592,,,,
R188,60k740,33.97574346,131.90024247,,,,
R188,60k760,33.97586777,131.90008341,,,,
R188,60k800,33.97611106,131.89976134,,,,
R188,60k820,33.97623862,131.89960843,,,,
R188,60k880,33.97662052,131.89918813,,,,
R188,60k900,33.97675925,131.89904468,,,,
R188,60k920,33.9769123,131.89889326,,,,
R188,60k940,33.97705475,131.89875725,,,,
R188,60k960,33.97719805,131.89862646,,,,
R188,60k980,33.97734592,131.89849819,,,,
R188,61k000,33.97749502,131.89837319,,,,
R188,61k380,33.98001676,131.89570217,,,,
R188,61k400,33.98012358,131.89552649,,,,
R188,61k420,33.98023867,131.89533681,,,,
R188,61k440,33.9803445,131.89516058,,,,
R188,61k460,33.98045423,131.89498956,,,,
R188,61k480,33.98056734,131.89482033,,,,
R188,61k500,33.98068575,131.89465411,,,,
R188,61k520,33.98079141,131.89451629,,,,
R188,61k540,33.98091145,131.89435929,,,,
R188,61k560,33.98105746,131.89419977,,,,
R188,61k580,33.98118988,131.89405106,,,,
R188,61k640,33.98159658,131.89361939,,,,
R188,61k660,33.98173025,131.89346525,,,,
R188,61k680,33.98186206,131.89332399,,,,
R188,61k700,33.98199474,131.8931759,,,,
R188,61k720,33.98212711,131.89302408,,,,
R188,61k740,33.98225559,131.89287492,,,,
R188,61k760,33.98237243,131.89273664,,,,
R188,61k780,33.98249768,131.89257971,,,,
R188,61k800,33.9826208,131.89241931,,,,
R188,61k820,33.98272959,131.89227307,,,,
R188,61k840,33.98284505,131.89210949,,,,
R188,61k860,33.9829594,131.89194173,,,,
R188,61k880,33.98307108,131.89177205,,,,
R188,61k900,33.98317746,131.89159376,,,,
R188,62k220,33.98516889,131.88904191,,,,
R188,62k240,33.98530833,131.88889817,,,,
R188,62k260,33.98543118,131.88877113,,,,
R188,62k280,33.98557616,131.88864108,,,,
R188,62k300,33.98573068,131.88851627,,,,
R188,62k320,33.98590161,131.88838765,,,,
R188,62k340,33.98603086,131.88828475,,,,
R188,62k360,33.98618711,131.88817949,,,,
R188,62k380,33.98634763,131.88807953,,,,
R188,62k400,33.98653183,131.88797865,,,,
R188,62k420,33.98669864,131.88789723,,,,
R188,62k440,33.98686565,131.88781836,,,,
R188,62k460,33.98703736,131.88774922,,,,
R188,62k480,33.9872095,131.88768137,,,,
R188,62k520,33.98757892,131.88753787,,,,
R188,62k540,33.9877532,131.88747509,,,,
R188,62k560,33.98792328,131.88741154,,,,
R188,62k620,33.98844441,131.88720543,,,,
R188,62k640,33.98861312,131.88713102,,,,
R188,62k660,33.98878418,131.88705446,,,,
R188,62k700,33.98909332,131.8869036,,,,
R188,62k720,33.98924459,131.88681729,,,,
R188,62k740,33.98940487,131.88672117,,,,
R188,62k760,33.9895669,131.88661722,,,,
R188,62k780,33.98971923,131.88651004,,,,
R188,62k800,33.98986794,131.88640767,,,,
R188,62k820,33.99001859,131.88629164,,,,
R188,62k900,33.99055974,131.88572611,,,,
R188,63k100,33.99151753,131.88395876,,,,
R188,64k060,33.99196338,131.88242095,,,,
R188,64k080,33.99202436,131.88224769,,,,
R188,64k100,33.99210617,131.88205369,,,,
R188,64k120,33.9921987,131.88186341,,,,
R188,64k140,33.99230174,131.88168655,,,,
R188,64k160,33.9924179,131.88152064,,,,
R188,64k180,33.99252461,131.88138325,,,,
R188,64k300,33.99346001,131.88068088,,,,
R188,64k400,33.99434455,131.88051944,,,,
R188,64k700,33.99700176,131.88089791,,,,
R188,64k900,33.99880231,131.88062971,,,,
R188,65k000,33.99964873,131.88025771,,,,
R188,65k100,34.00046383,131.87977155,,,,
R188,65k300,34.0019964,131.87863104,,,,
R188,65k400,34.00274898,131.8780193,,,,
R188,65k500,34.00352098,131.87746369,,,,
R188,65k600,34.00432035,131.87694957,,,,
R188,65k700,34.00512386,131.87650481,,,,
R188,65k800,34.00594884,131.87609582,,,,
R188,65k900,34.00680972,131.87568069,,,,
R188,66k000,34.0076452,131.87527938,,,,
R188,66k120,34.00862749,131.87479727,,,,
R188,66k200,34.00931246,131.87448037,,,,
R188,66k220,34.00947428,131.87440696,,,,
R188,66k280,34.00995929,131.87417215,,,,
R188,66k300,34.01014749,131.87408022,,,,
R188,66k400,34.01100095,131.87371132,,,,
R188,66k500,34.01187046,131.87348354,,,,
R188,66k600,34.01278144,131.87342154,,,,
R188,66k700,34.01368067,131.87352109,,,,
R188,66k740,34.01403969,131.87357818,,,,
R188,66k800,34.01457403,131.8736591,,,,
R188,66k900,34.01549664,131.87377852,,,,
R188,66k920,34.01566941,131.87381047,,,,
R188,67k000,34.01636514,131.87385897,,,,
R188,67k060,34.01691676,131.87386816,,,,
R188,67k100,34.01726887,131.87385792,,,,
R188,67k200,34.01816439,131.87374636,,,,
R188,67k300,34.01904876,131.87353778,,,,
R188,67k400,34.01990941,131.87322189,,,,
R188,67k500,34.0207523,131.8727846,,,,
R188,67k600,34.02149762,131.87221743,,,,
R188,67k700,34.02225349,131.8716551,,,,
R188,67k920,34.0239694,131.87040962,,,,
R188,67k940,34.02412101,131.87029246,,,,
R188,67k960,34.02427271,131.87017548,,,,
R188,67k980,34.0244245,131.87005843,,,,
R188,68k000,34.02457657,131.86994261,,,,
R188,68k020,34.02472845,131.86982573,,,,
R188,68k040,34.02488019,131.86970884,,,,
R188,68k060,34.02503202,131.86959188,,,,
R188,68k080,34.02518378,131.86947499,,,,
R188,68k100,34.02531815,131.86936707,,,,
R188,68k120,34.02547063,131.86925086,,,,
R188,68k140,34.02562182,131.86913275,,,,
R188,68k220,34.02625871,131.86860991,,,,
R188,68k240,34.02640316,131.86848022,,,,
R188,68k260,34.02654583,131.86834787,,,,
R188,68k280,34.02669759,131.86820046,,,,
R188,68k300,34.02684106,131.86805237,,,,
R188,68k320,34.02697513,131.86790771,,,,
R188,68k340,34.02710649,131.86775944,,,,
R188,68k360,34.02723419,131.86760646,,,,
R188,68k440,34.02769718,131.86698574,,,,
R188,68k500,34.02802359,131.86646127,,,,
R188,68k520,34.02812498,131.86628157,,,,
R188,68k540,34.02822466,131.86610172,,,,
R188,68k560,34.0283225,131.86591978,,,,
R188,68k580,34.02841782,131.86573535,,,,
R188,68k600,34.02851185,131.86555011,,,,
R188,68k620,34.02860515,131.86536471,,,,
R188,68k640,34.02869828,131.86517916,,,,
R188,68k660,34.02879117,131.86499356,,,,
R188,68k680,34.02888393,131.86480784,,,,
R188,68k700,34.02897382,131.86463004,,,,
R188岩国南BP～藤生長野BP,2k300,34.15968764,132.20793582,,,,
R188岩国南BP～藤生長野BP,2k320,34.15950764,132.20794872,,,,
R188岩国南BP～藤生長野BP,2k340,34.15932764,132.20796156,,,,
R188岩国南BP～藤生長野BP,2k360,34.15914764,132.20797447,,,,
R188岩国南BP～藤生長野BP,2k380,34.15896763,132.20798731,,,,
R188岩国南BP～藤生長野BP,2k400,34.15878763,132.20800021,,,,
R188岩国南BP～藤生長野BP,2k420,34.15860763,132.20801305,,,,
R188岩国南BP～藤生長野BP,2k440,34.15842762,132.20802589,,,,
R188岩国南BP～藤生長野BP,2k460,34.15824762,132.2080388,,,,
R188岩国南BP～藤生長野BP,2k480,34.15806762,132.20805164,,,,
R188岩国南BP～藤生長野BP,2k500,34.15788761,132.20806449,,,,
R188岩国南BP～藤生長野BP,2k520,34.15770761,132.20807743,,,,
R188岩国南BP～藤生長野BP,2k540,34.15752747,132.2080874,,,,
R188岩国南BP～藤生長野BP,2k560,34.1573472,132.20808565,,,,
R188岩国南BP～藤生長野BP,2k580,34.15716726,132.20807147,,,,
R188岩国南BP～藤生長野BP,2k620,34.15681092,132.20800617,,,,
R188岩国南BP～藤生長野BP,2k640,34.15663567,132.20795531,,,,
R188岩国南BP～藤生長野BP,2k660,34.15646184,132.2078976,,,,
R188岩国南BP～藤生長野BP,2k680,34.15628806,132.2078398,,,,
R188岩国南BP～藤生長野BP,2k700,34.15611423,132.20778204,,,,
R188岩国南BP～藤生長野BP,2k720,34.15594044,132.20772429,,,,
R188岩国南BP～藤生長野BP,2k740,34.1557666,132.20766653,,,,
R188岩国南BP～藤生長野BP,2k760,34.15559278,132.20760878,,,,
R188岩国南BP～藤生長野BP,2k780,34.15541899,132.20755097,,,,
R188岩国南BP～藤生長野BP,2k800,34.15524516,132.20749322,,,,
R188岩国南BP～藤生長野BP,2k820,34.15507138,132.20743537,,,,
R188岩国南BP～藤生長野BP,2k840,34.1548976,132.20737761,,,,
R188岩国南BP～藤生長野BP,2k860,34.15472443,132.20731761,,,,
R188岩国南BP～藤生長野BP,2k880,34.15455283,132.20725128,,,,
R188岩国南BP～藤生長野BP,2k900,34.15438302,132.20717865,,,,
R188岩国南BP～藤生長野BP,2k920,34.15421512,132.20709976,,,,
R188岩国南BP～藤生長野BP,2k940,34.15404932,132.20701471,,,,
R188岩国南BP～藤生長野BP,2k960,34.15388579,132.20692359,,,,
R188岩国南BP～藤生長野BP,2k980,34.15372467,132.2068264,,,,
R188岩国南BP～藤生長野BP,3k000,34.15356506,132.20672574,,,,
R188岩国南BP～藤生長野BP,3k020,34.15340425,132.20662772,,,,
R188岩国南BP～藤生長野BP,3k040,34.15324226,132.2065327,,,,
R188岩国南BP～藤生長野BP,3k060,34.15307902,132.20644074,,,,
R188岩国南BP～藤生長野BP,3k080,34.15291467,132.20635176,,,,
R188岩国南BP～藤生長野BP,3k100,34.1527492,132.20626581,,,,
R188岩国南BP～藤生長野BP,3k120,34.15257419,132.20617907,,,,
R188岩国南BP～藤生長野BP,3k140,34.15241545,132.20609983,,,,
R188岩国南BP～藤生長野BP,3k160,34.15225022,132.20601287,,,,
R188岩国南BP～藤生長野BP,3k180,34.15208658,132.20592193,,,,
R188岩国南BP～藤生長野BP,3k200,34.15192445,132.20582702,,,,
R188岩国南BP～藤生長野BP,3k220,34.15176388,132.20572829,,,,
R188岩国南BP～藤生長野BP,3k240,34.15160496,132.20562572,,,,
R188岩国南BP～藤生長野BP,3k260,34.15143974,132.20553714,,,,
R188岩国南BP～藤生長野BP,3k280,34.1512815,132.20543307,,,,
R188岩国南BP～藤生長野BP,3k300,34.15112418,132.20532977,,,,
R188岩国南BP～藤生長野BP,3k320,34.15096388,132.20522812,,,,
R188岩国南BP～藤生長野BP,3k340,34.15080271,132.20513084,,,,
R188岩国南BP～藤生長野BP,3k360,34.15063992,132.20503746,,,,
R188岩国南BP～藤生長野BP,3k380,34.15047569,132.20494803,,,,
R188岩国南BP～藤生長野BP,3k400,34.15030996,132.20486242,,,,
R188岩国南BP～藤生長野BP,3k420,34.15014285,132.20478091,,,,
R188岩国南BP～藤生長野BP,3k440,34.14997438,132.20470352,,,,
R188岩国南BP～藤生長野BP,3k460,34.1498047,132.20463011,,,,
R188岩国南BP～藤生長野BP,3k480,34.14963383,132.20456088,,,,
R188岩国南BP～藤生長野BP,3k500,34.14946276,132.20449592,,,,
R188岩国南BP～藤生長野BP,3k520,34.14928999,132.20443363,,,,
R188岩国南BP～藤生長野BP,3k540,34.14911662,132.2043741,,,,
R188岩国南BP～藤生長野BP,3k560,34.14894258,132.2043174,,,,
R188岩国南BP～藤生長野BP,3k580,34.14876792,132.20426347,,,,
R188岩国南BP～藤生長野BP,3k600,34.14859267,132.20421232,,,,
R188岩国南BP～藤生長野BP,3k620,34.14841758,132.20416052,,,,
R188岩国南BP～藤生長野BP,3k640,34.1482431,132.20410577,,,,
R188岩国南BP～藤生長野BP,3k660,34.14806931,132.20404794,,,,
R188岩国南BP～藤生長野BP,3k680,34.14789622,132.20398722,,,,
R188岩国南BP～藤生長野BP,3k700,34.14773507,132.20392782,,,,
R188岩国南BP～藤生長野BP,3k740,34.14738247,132.20378549,,,,
R188岩国南BP～藤生長野BP,3k760,34.14721564,132.20370304,,,,
R188岩国南BP～藤生長野BP,3k780,34.14704993,132.20361761,,,,
R188岩国南BP～藤生長野BP,3k800,34.14688532,132.20352906,,,,
R188岩国南BP～藤生長野BP,3k820,34.14672186,132.20343748,,,,
R188岩国南BP～藤生長野BP,4k000,34.14530885,132.20248061,,,,
R188岩国南BP～藤生長野BP,4k020,34.14515899,132.20236002,,,,
R188岩国南BP～藤生長野BP,4k040,34.14501069,132.20223667,,,,
R188岩国南BP～藤生長野BP,4k060,34.14486398,132.20211052,,,,
R188岩国南BP～藤生長野BP,4k080,34.14471887,132.20198173,,,,
R188岩国南BP～藤生長野BP,4k100,34.14457545,132.20185029,,,,
R188岩国南BP～藤生長野BP,4k120,34.14443376,132.20171619,,,,
R188岩国南BP～藤生長野BP,4k140,34.14429379,132.20157948,,,,
R188岩国南BP～藤生長野BP,4k160,34.14415556,132.20144018,,,,
R188岩国南BP～藤生長野BP,4k180,34.14401916,132.20129839,,,,
R188岩国南BP～藤生長野BP,4k200,34.14388454,132.20115403,,,,
R188岩国南BP～藤生長野BP,4k220,34.14375176,132.20100734,,,,
R188岩国南BP～藤生長野BP,4k240,34.14362055,132.20085856,,,,
R188岩国南BP～藤生長野BP,4k260,34.14349076,132.20070805,,,,
R188岩国南BP～藤生長野BP,4k280,34.14336208,132.20055611,,,,
R188岩国南BP～藤生長野BP,4k300,34.14323431,132.20040307,,,,
R188岩国南BP～藤生長野BP,4k320,34.14310717,132.20024909,,,,
R188岩国南BP～藤生長野BP,4k340,34.14298049,132.20009482,,,,
R188岩国南BP～藤生長野BP,4k360,34.14285394,132.19994031,,,,
R188岩国南BP～藤生長野BP,4k380,34.14272729,132.19978601,,,,
R188岩国南BP～藤生長野BP,4k400,34.14260019,132.1996322,,,,
R188岩国南BP～藤生長野BP,4k420,34.14247229,132.19947932,,,,
R188岩国南BP～藤生長野BP,4k440,34.14234339,132.19932773,,,,
R188岩国南BP～藤生長野BP,4k460,34.14221304,132.19917791,,,,
R188岩国南BP～藤生長野BP,4k480,34.14208105,132.19903017,,,,
R188岩国南BP～藤生長野BP,4k500,34.14194712,132.19888503,,,,
R188岩国南BP～藤生長野BP,4k520,34.14181099,132.19874285,,,,
R188岩国南BP～藤生長野BP,4k540,34.14167236,132.19860413,,,,
R188岩国南BP～藤生長野BP,4k560,34.14153126,132.19846916,,,,
R188岩国南BP～藤生長野BP,4k580,34.14138772,132.19833798,,,,
R188岩国南BP～藤生長野BP,4k600,34.14124176,132.19821067,,,,
R188岩国南BP～藤生長野BP,4k900,34.13883166,132.19677632,,,,
R188岩国南BP～藤生長野BP,4k920,34.13867548,132.19666928,,,,
R188岩国南BP～藤生長野BP,4k940,34.13852546,132.19654845,,,,
R188岩国南BP～藤生長野BP,4k960,34.1383791,132.19642201,,,,
R188岩国南BP～藤生長野BP,4k980,34.13823209,132.19629623,,,,
R188岩国南BP～藤生長野BP,5k000,34.13808317,132.19617347,,,,
R188岩国南BP～藤生長野BP,5k020,34.13793039,132.19605921,,,,
R188岩国南BP～藤生長野BP,5k040,34.1377729,132.1959535,,,,
R188岩国南BP～藤生長野BP,5k060,34.13761185,132.19585545,,,,
R188岩国南BP～藤生長野BP,5k080,34.13744899,132.19576246,,,,
R188岩国南BP～藤生長野BP,5k100,34.13728614,132.19566947,,,,
R188岩国南BP～藤生長野BP,5k120,34.13712694,132.19556737,,,,
R188岩国南BP～藤生長野BP,5k140,34.13696729,132.19546656,,,,
R188岩国南BP～藤生長野BP,5k160,34.13680734,132.19536657,,,,
R188岩国南BP～藤生長野BP,5k180,34.13664694,132.19526786,,,,
R188岩国南BP～藤生長野BP,5k200,34.13648559,132.19517066,,,,
R188岩国南BP～藤生長野BP,5k320,34.13562286,132.19460915,,,,
R188岩国南BP～藤生長野BP,5k340,34.13547766,132.19448174,,,,
R188岩国南BP～藤生長野BP,5k360,34.13532741,132.19436153,,,,
R188岩国南BP～藤生長野BP,5k380,34.13517262,132.19424968,,,,
R188岩国南BP～藤生長野BP,5k420,34.13486626,132.19406533,,,,
R188岩国南BP～藤生長野BP,5k440,34.13469973,132.1939822,,,,
R188岩国南BP～藤生長野BP,5k460,34.13453032,132.1939092,,,,
R190,0k000,34.05821939,131.36790791,,,,
R190,0k060,34.05767872,131.36791739,,,,
R190,0k080,34.05749834,131.36791934,,,,
R190,0k100,34.05732332,131.36792147,,,,
R190,0k140,34.05696281,131.36792812,,,,
R190,0k160,34.0567834,131.36793114,,,,
R190,0k180,34.05660229,131.36793397,,,,
R190,0k200,34.05639958,131.36793742,,,,
R190,0k220,34.0562198,131.36794034,,,,
R190,0k240,34.05603867,131.36794326,,,,
R190,0k260,34.05585754,131.36794577,,,,
R190,0k280,34.05567832,131.36794826,,,,
R190,0k300,34.05551821,131.36795035,,,,
R190,0k320,34.0553377,131.36795162,,,,
R190,0k420,34.05448472,131.36796716,,,,
R190,0k440,34.05430475,131.36797012,,,,
R190,0k460,34.05412269,131.3679732,,,,
R190,0k540,34.05335929,131.36798558,,,,
R190,0k560,34.05317742,131.3679895,,,,
R190,1k200,34.04779626,131.36574903,,,,
R190,1k400,34.04615917,131.36485565,,,,
R190,1k460,34.04566292,131.36460383,,,,
R190,1k480,34.04549713,131.36451917,,,,
R190,1k500,34.04532866,131.36443339,,,,
R190,1k520,34.04516185,131.36434892,,,,
R190,1k540,34.04499539,131.3642636,,,,
R190,1k560,34.04483178,131.36418014,,,,
R190,1k580,34.04466627,131.3640944,,,,
R190,1k600,34.04449274,131.36400396,,,,
R190,1k620,34.04432803,131.3639202,,,,
R190,1k640,34.04416224,131.36383475,,,,
R190,1k700,34.04367127,131.3635727,,,,
R190,1k720,34.04350827,131.36347856,,,,
R190,1k760,34.04318503,131.36328647,,,,
R190,1k780,34.04302403,131.36318727,,,,
R190,1k800,34.04286455,131.36307976,,,,
R190,1k820,34.04271167,131.36297751,,,,
R190,1k840,34.04255279,131.36287124,,,,
R190,1k880,34.04223953,131.36265028,,,,
R190,1k900,34.04208529,131.36253788,,,,
R190,1k920,34.04193406,131.36242241,,,,
R190,1k940,34.04178135,131.36230589,,,,
R190,1k960,34.04163,131.362186,,,,
R190,1k980,34.04147855,131.36206501,,,,
R190,2k020,34.04118312,131.36181423,,,,
R190,2k040,34.04103772,131.36168832,,,,
R190,2k060,34.04089191,131.3615619,,,,
R190,2k080,34.04074593,131.36143496,,,,
R190,2k120,34.04047958,131.36120477,,,,
R190,2k140,34.0403315,131.36107845,,,,
R190,2k160,34.04018341,131.36095196,,,,
R190,2k180,34.04003539,131.36082554,,,,
R190,2k200,34.03986683,131.36068152,,,,
R190,2k240,34.03957064,131.36042872,,,,
R190,2k260,34.03942353,131.36030334,,,,
R190,2k280,34.03927543,131.36017666,,,,
R190,2k300,34.03912844,131.36005069,,,,
R190,2k320,34.03898114,131.35992464,,,,
R190,2k340,34.03883345,131.35979963,,,,
R190,2k380,34.03853714,131.35954607,,,,
R190,2k400,34.03838846,131.35941819,,,,
R190,2k700,34.0361632,131.35757322,,,,
R190,2k720,34.03602253,131.35745827,,,,
R190,2k740,34.03587172,131.35733598,,,,
R190,2k760,34.03572287,131.35721606,,,,
R190,2k780,34.03557287,131.35709484,,,,
R190,2k800,34.03542661,131.3569764,,,,
R190,2k820,34.03527445,131.35685558,,,,
R190,2k840,34.03512211,131.35673516,,,,
R190,2k860,34.03496936,131.35661892,,,,
R190,2k880,34.03481353,131.35650694,,,,
R190,2k900,34.03465351,131.35640161,,,,
R190,2k920,34.03449109,131.35630755,,,,
R190,2k940,34.03432789,131.3562227,,,,
R190,2k960,34.03416001,131.35614837,,,,
R190,2k980,34.03398939,131.35608324,,,,
R190,3k000,34.03381321,131.35602674,,,,
R190,3k020,34.03363316,131.35598118,,,,
R190,3k040,34.0334551,131.35594631,,,,
R190,3k060,34.03327573,131.3559224,,,,
R190,3k100,34.03291552,131.35590598,,,,
R190,3k120,34.03273454,131.35591464,,,,
R190,3k140,34.03255471,131.35593315,,,,
R190,3k160,34.03237718,131.3559541,,,,
R190,3k180,34.03219699,131.35598017,,,,
R190,3k220,34.03184374,131.35603511,,,,
R190,3k240,34.03166597,131.35606271,,,,
R190,3k260,34.03148488,131.35609204,,,,
R190,3k280,34.03130801,131.3561171,,,,
R190,3k300,34.03113516,131.35613292,,,,
R190,3k320,34.03095505,131.35614971,,,,
R190,3k340,34.03077498,131.35616421,,,,
R190,3k360,34.03059534,131.35617561,,,,
R190,3k380,34.0304156,131.35618262,,,,
R190,3k400,34.03022485,131.35618602,,,,
R190,3k420,34.03004371,131.3561858,,,,
R190,3k440,34.02986356,131.356184,,,,
R190,3k460,34.02968196,131.3561778,,,,
R190,3k480,34.02950118,131.35616875,,,,
R190,3k520,34.02914457,131.35614041,,,,
R190,3k540,34.02896453,131.3561219,,,,
R190,3k560,34.02878534,131.35609937,,,,
R190,3k580,34.02860505,131.35607333,,,,
R190,3k600,34.02842143,131.35604544,,,,
R190,3k620,34.02824193,131.35601461,,,,
R190,3k640,34.02806196,131.35598465,,,,
R190,3k660,34.02788346,131.35595515,,,,
R190,3k700,34.02751821,131.35589434,,,,
R190,3k720,34.02733916,131.35586468,,,,
R190,3k740,34.02716031,131.35583498,,,,
R190,3k760,34.026982,131.35580551,,,,
R190,3k780,34.02680447,131.35577618,,,,
R190,3k800,34.02663714,131.35574853,,,,
R190,3k840,34.02628,131.3556893,,,,
R190,3k860,34.02610059,131.35565942,,,,
R190,3k880,34.02592191,131.3556299,,,,
R190,3k900,34.02574382,131.35560025,,,,
R190,3k920,34.02556709,131.35557237,,,,
R190,3k940,34.02538788,131.35554208,,,,
R190,3k960,34.0252087,131.35551216,,,,
R190,3k980,34.02502919,131.355482,,,,
R190,4k000,34.02485078,131.35545203,,,,
R190,4k020,34.02467172,131.35542294,,,,
R190,4k040,34.02449103,131.35539292,,,,
R190,4k060,34.02431253,131.35536293,,,,
R190,4k080,34.02413346,131.35533291,,,,
R190,4k100,34.02395553,131.35530336,,,,
R190,4k120,34.02377457,131.35528473,,,,
R190,4k140,34.02359414,131.35527227,,,,
R190,4k160,34.02341343,131.3552654,,,,
R190,4k180,34.02323301,131.35526371,,,,
R190,4k200,34.02306312,131.35526296,,,,
R190,4k500,34.02040373,131.35586475,,,,
R190,4k520,34.02023038,131.35590543,,,,
R190,4k540,34.02005113,131.35593936,,,,
R190,4k580,34.01969369,131.35600309,,,,
R190,4k600,34.01951632,131.35603139,,,,
R190,4k640,34.01915722,131.35607963,,,,
R190,4k660,34.01897776,131.35610105,,,,
R190,4k680,34.01879775,131.35612047,,,,
R190,4k700,34.01861659,131.35613791,,,,
R190,4k720,34.01843728,131.35615402,,,,
R190,4k760,34.0180777,131.35618671,,,,
R190,4k780,34.0178964,131.35620185,,,,
R190,4k800,34.01771642,131.35621497,,,,
R190,4k840,34.01736513,131.35622568,,,,
R190,4k860,34.01718317,131.3562247,,,,
R190,4k880,34.01700237,131.35621847,,,,
R190,4k900,34.01682741,131.35620813,,,,
R190,4k920,34.01664744,131.35619581,,,,
R190,4k940,34.01646824,131.35617816,,,,
R190,4k960,34.01628916,131.35615638,,,,
R190,4k980,34.01611013,131.35613127,,,,
R190,5k000,34.01590939,131.35609875,,,,
R190,5k040,34.01555256,131.35602695,,,,
R190,5k060,34.01537571,131.355984,,,,
R190,5k080,34.01519792,131.35593959,,,,
R190,5k100,34.01503845,131.35589766,,,,
R190,5k120,34.01486887,131.35585241,,,,
R190,5k140,34.01469397,131.35580254,,,,
R190,5k160,34.01451945,131.35575266,,,,
R190,5k180,34.01434218,131.35570238,,,,
R190,5k200,34.01416118,131.35565219,,,,
R190,5k220,34.01398269,131.35560257,,,,
R190,5k240,34.01380823,131.35555453,,,,
R190,5k260,34.01363034,131.35550591,,,,
R190,5k280,34.01345359,131.3554575,,,,
R190,5k320,34.0131025,131.35536139,,,,
R190,5k340,34.01292904,131.35531375,,,,
R190,5k360,34.01275174,131.35526459,,,,
R190,5k380,34.01257451,131.35521566,,,,
R190,5k400,34.0124001,131.35516774,,,,
R190,5k440,34.01205125,131.3550718,,,,
R190,5k460,34.01187764,131.35502414,,,,
R190,5k480,34.01170032,131.35497543,,,,
R190,5k500,34.01152372,131.35492703,,,,
R190,5k520,34.01134948,131.35488043,,,,
R190,5k540,34.01117299,131.35483342,,,,
R190,5k560,34.01099714,131.35478612,,,,
R190,5k580,34.01082126,131.35473896,,,,
R190,5k620,34.01047007,131.35464473,,,,
R190,5k640,34.01029396,131.35459774,,,,
R190,5k660,34.01011732,131.35455046,,,,
R190,5k680,34.0099431,131.35450384,,,,
R190,5k700,34.00976626,131.35445652,,,,
R190,5k720,34.00957792,131.35440814,,,,
R190,5k740,34.00940441,131.3543602,,,,
R190,5k760,34.00922974,131.35431216,,,,
R190,5k780,34.00905534,131.35426375,,,,
R190,5k800,34.00887978,131.35421525,,,,
R190,5k820,34.00870405,131.35416712,,,,
R190,5k840,34.00853229,131.35411972,,,,
R190,5k860,34.00835704,131.3540711,,,,
R190,5k880,34.00818265,131.35402316,,,,
R190,5k920,34.00783164,131.35392756,,,,
R190,5k940,34.00765689,131.35388043,,,,
R190,5k960,34.00748116,131.35383374,,,,
R190,5k980,34.00730761,131.35378745,,,,
R190,6k000,34.0071321,131.35374049,,,,
R190,6k020,34.00695236,131.35368898,,,,
R190,6k040,34.00677878,131.35363925,,,,
R190,6k100,34.00625107,131.35349258,,,,
R190,6k120,34.00607516,131.35344372,,,,
R190,6k140,34.0058999,131.35339506,,,,
R190,6k160,34.00572296,131.35334593,,,,
R190,6k200,34.00537002,131.35324795,,,,
R190,6k260,34.00484174,131.35310321,,,,
R190,6k280,34.00466579,131.35305511,,,,
R190,6k300,34.00449192,131.35300743,,,,
R190,6k320,34.00431701,131.35295523,,,,
R190,6k360,34.00397028,131.35283732,,,,
R190,6k380,34.0037964,131.35277684,,,,
R190,6k400,34.00362405,131.35271407,,,,
R190,6k420,34.00345191,131.35264799,,,,
R190,6k440,34.0032819,131.35257959,,,,
R190,6k460,34.00311177,131.35250891,,,,
R190,6k480,34.00294122,131.35243495,,,,
R190,6k500,34.00277323,131.35235931,,,,
R190,6k520,34.00260501,131.35228078,,,,
R190,6k560,34.00227145,131.35211498,,,,
R190,6k580,34.00210629,131.35202781,,,,
R190,6k600,34.00194202,131.3519394,,,,
R190,6k620,34.00178191,131.35184767,,,,
R190,6k640,34.00162046,131.35175103,,,,
R190,6k660,34.00145935,131.3516518,,,,
R190,6k680,34.00129942,131.3515491,,,,
R190,6k700,34.00114142,131.35144516,,,,
R190,6k720,34.00098151,131.35133598,,,,
R190,6k740,34.00082465,131.35122915,,,,
R190,6k760,34.0006668,131.35112164,,,,
R190,7k240,33.99682643,131.3487748,,,,
R190,7k260,33.99664987,131.34872956,,,,
R190,7k280,33.99647301,131.34869074,,,,
R190,7k300,33.99629491,131.34865692,,,,
R190,7k320,33.99611595,131.3486286,,,,
R190,7k340,33.99593521,131.34860413,,,,
R190,7k360,33.99575711,131.34858134,,,,
R190,7k380,33.99557573,131.3485603,,,,
R190,7k400,33.99539588,131.34853907,,,,
R190,7k420,33.99521779,131.34851581,,,,
R190,7k440,33.99503961,131.34848705,,,,
R190,7k460,33.9948619,131.34845256,,,,
R190,7k480,33.99468602,131.34841238,,,,
R190,7k500,33.9945064,131.34836706,,,,
R190,7k520,33.99433532,131.34832006,,,,
R190,7k540,33.99416138,131.34826274,,,,
R190,7k560,33.99398793,131.3482027,,,,
R190,7k580,33.993818,131.34813397,,,,
R190,7k600,33.9936486,131.34806057,,,,
R190,7k620,33.99348045,131.34798405,,,,
R190,7k640,33.99331206,131.34790642,,,,
R190,7k660,33.99314526,131.34782586,,,,
R190,7k680,33.9929781,131.34774512,,,,
R190,7k700,33.99280764,131.34766256,,,,
R190,7k720,33.99264046,131.34758131,,,,
R190,7k740,33.99247497,131.34750114,,,,
R190,7k760,33.9923069,131.34741947,,,,
R190,7k780,33.99213982,131.34733975,,,,
R190,7k800,33.99195188,131.34732599,,,,
R190,8k120,33.98939028,131.34572026,,,,
R190,8k140,33.98923497,131.34561013,,,,
R190,8k160,33.9890811,131.34549887,,,,
R190,8k180,33.98892541,131.34538954,,,,
R190,8k200,33.98877826,131.345284,,,,
R190,8k220,33.98862435,131.3451751,,,,
R190,8k240,33.98846971,131.34506543,,,,
R190,8k260,33.98831469,131.34495471,,,,
R190,8k280,33.9881597,131.34484348,,,,
R190,8k300,33.98800578,131.34473458,,,,
R190,8k320,33.98785112,131.34462357,,,,
R190,8k340,33.98769531,131.34451496,,,,
R190,8k360,33.98754138,131.34440472,,,,
R190,8k380,33.98738615,131.34429492,,,,
R190,8k400,33.98720694,131.34423106,,,,
R190,8k420,33.98707284,131.34407366,,,,
R190,8k440,33.9869176,131.34396388,,,,
R190,8k460,33.98676182,131.34385426,,,,
R190,8k480,33.98660611,131.34374362,,,,
R190,8k500,33.98645129,131.34363254,,,,
R190,8k520,33.98629508,131.34352288,,,,
R190,8k540,33.98613977,131.34341146,,,,
R190,8k560,33.9859835,131.34330149,,,,
R190,8k580,33.98582806,131.3431921,,,,
R190,8k600,33.98567522,131.34308328,,,,
R190,8k620,33.9855202,131.34297259,,,,
R190,8k640,33.98536557,131.34285979,,,,
R190,8k660,33.98521305,131.34274235,,,,
R190,8k680,33.98506297,131.34261999,,,,
R190,8k900,33.98362672,131.34130531,,,,
R190,8k940,33.98334498,131.34105555,,,,
R190,9k040,33.98237261,131.34061547,,,,
R190,9k060,33.98219733,131.34056122,,,,
R190,9k080,33.98202256,131.34050688,,,,
R190,9k100,33.98184723,131.34045248,,,,
R190,9k120,33.98167203,131.34039789,,,,
R190,9k140,33.98149692,131.34034333,,,,
R190,9k160,33.98132153,131.34028868,,,,
R190,9k180,33.98114603,131.34023411,,,,
R190,9k200,33.98097127,131.34017978,,,,
R190,9k220,33.98079741,131.34012584,,,,
R190,9k240,33.98062206,131.34007239,,,,
R190,9k260,33.980447,131.34001761,,,,
R190,9k280,33.98027103,131.33996337,,,,
R190,9k320,33.9799264,131.33986105,,,,
R190,9k340,33.9797515,131.33980846,,,,
R190,9k360,33.97957592,131.33975434,,,,
R190,9k380,33.97940086,131.33969518,,,,
R190,9k400,33.97922816,131.33962837,,,,
R190,9k420,33.97906074,131.3395528,,,,
R190,9k440,33.97889622,131.33946153,,,,
R190,9k460,33.97873774,131.33935673,,,,
R190,9k480,33.97858676,131.33924085,,,,
R190,9k500,33.97844454,131.33910988,,,,
R190,9k520,33.97830311,131.33897219,,,,
R190,9k540,33.97816316,131.3388342,,,,
R190,9k560,33.97802472,131.33869487,,,,
R190,9k580,33.97788741,131.33855367,,,,
R190,9k600,33.97774966,131.33841424,,,,
R190,9k620,33.97761473,131.33828115,,,,
R190,9k640,33.97747651,131.33814205,,,,
R190,9k660,33.97733829,131.33800297,,,,
R190,9k680,33.9771993,131.33786428,,,,
R190,9k780,33.97646568,131.33712263,,,,
R190,9k800,33.97633863,131.3369936,,,,
R190,9k820,33.97620144,131.33685554,,,,
R190,9k840,33.97606185,131.33671627,,,,
R190,9k860,33.97592422,131.33657778,,,,
R190,9k880,33.9757859,131.33643918,,,,
R190,9k900,33.97564759,131.3362988,,,,
R190,9k920,33.97551192,131.3361597,,,,
R190,9k940,33.97537308,131.33601919,,,,
R190,9k960,33.97523516,131.33587984,,,,
R190,9k980,33.97509694,131.33574021,,,,
R190,10k000,33.97496001,131.33560123,,,,
R190,10k020,33.97482126,131.33546314,,,,
R190,10k040,33.97467987,131.33532985,,,,
R190,10k060,33.97453766,131.33519668,,,,
R190,10k080,33.9743945,131.33506348,,,,
R190,10k100,33.97425004,131.33492818,,,,
R190,10k120,33.97410871,131.33479553,,,,
R190,10k140,33.97396585,131.33466261,,,,
R190,10k160,33.97382525,131.33452775,,,,
R190,10k180,33.9736853,131.33439409,,,,
R190,10k520,33.97119245,131.33230533,,,,
R190,10k540,33.97104388,131.33218246,,,,
R190,10k560,33.97089393,131.33206103,,,,
R190,10k580,33.97074472,131.33194037,,,,
R190,10k600,33.97059527,131.3318238,,,,
R190,10k620,33.97044365,131.33170892,,,,
R190,10k640,33.97028987,131.33159621,,,,
R190,10k660,33.97013523,131.33148476,,,,
R190,10k680,33.96998024,131.33137494,,,,
R190,10k700,33.9698207,131.331264,,,,
R190,10k720,33.96966357,131.33115852,,,,
R190,10k740,33.96950581,131.33105525,,,,
R190,10k760,33.9693463,131.33095234,,,,
R190,10k780,33.96918777,131.33085198,,,,
R190,10k820,33.96887056,131.33065695,,,,
R190,10k840,33.96870775,131.33056095,,,,
R190,10k860,33.96854502,131.33046752,,,,
R190,10k880,33.96838126,131.3303768,,,,
R190,10k900,33.96821915,131.33028723,,,,
R190,10k920,33.96805415,131.3301981,,,,
R190,10k940,33.96788933,131.33011512,,,,
R190,10k960,33.96772138,131.33003043,,,,
R190,10k980,33.9675554,131.32994605,,,,
R190,11k000,33.96739031,131.32986267,,,,
R190,11k020,33.96722438,131.32977984,,,,
R190,11k040,33.96705859,131.3296933,,,,
R190,11k060,33.9668972,131.32959582,,,,
R190,11k080,33.96674194,131.32948556,,,,
R190,11k120,33.96643925,131.32924999,,,,
R190,11k140,33.96629311,131.32912269,,,,
R190,11k160,33.96615096,131.32898975,,,,
R190,11k180,33.96601367,131.32884962,,,,
R190,11k200,33.96588055,131.32870271,,,,
R190,11k220,33.96575178,131.32854792,,,,
R190,11k240,33.96562861,131.32838759,,,,
R190,11k260,33.96551255,131.32822163,,,,
R190,11k280,33.96540025,131.32805277,,,,
R190,11k300,33.96529251,131.32787734,,,,
R190,11k320,33.96518841,131.32770227,,,,
R190,11k340,33.96508271,131.32752646,,,,
R190,11k360,33.96497798,131.32735022,,,,
R190,11k380,33.96487242,131.32717458,,,,
R190,11k420,33.96465861,131.32681642,,,,
R190,11k440,33.96455367,131.32664157,,,,
R190,11k460,33.96444862,131.32646652,,,,
R190,11k480,33.96434319,131.32629039,,,,
R190,11k500,33.96424251,131.32612288,,,,
R190,11k520,33.96413666,131.32594764,,,,
R190,11k540,33.96403176,131.3257733,,,,
R190,11k560,33.96392564,131.32559799,,,,
R190,11k580,33.96382271,131.32542099,,,,
R190,11k600,33.96371727,131.32523609,,,,
R190,11k620,33.96361763,131.32505758,,,,
R190,11k640,33.96351832,131.3248755,,,,
R190,11k660,33.96342241,131.32469295,,,,
R190,11k680,33.96333004,131.32450811,,,,
R190,11k740,33.96309989,131.32396524,,,,
R190,11k760,33.96303024,131.323765,,,,
R190,11k780,33.96296792,131.32356311,,,,
R190,11k820,33.96285471,131.32311501,,,,
R190,11k840,33.96281118,131.32290514,,,,
R190,11k860,33.96277189,131.32269391,,,,
R190,11k880,33.96273618,131.3224827,,,,
R190,11k900,33.96269929,131.32226451,,,,
R190,11k920,33.96266413,131.32205313,,,,
R190,11k940,33.96262846,131.32184214,,,,
R190,11k960,33.96259221,131.32162945,,,,
R190,11k980,33.96255653,131.32141752,,,,
R190,12k000,33.96252054,131.3212051,,,,
R190,12k020,33.96248729,131.32098097,,,,
R190,12k040,33.96245315,131.32077192,,,,
R190,12k060,33.962418,131.3205629,,,,
R190,12k080,33.96237985,131.32035384,,,,
R190,12k100,33.96233661,131.32013784,,,,
R190,12k120,33.96228867,131.3199327,,,,
R190,12k140,33.96223783,131.31973014,,,,
R190,12k160,33.96218371,131.31952584,,,,
R190,12k180,33.96212654,131.31932441,,,,
R190,12k200,33.962069,131.31913276,,,,
R190,12k220,33.96200577,131.31893488,,,,
R190,12k240,33.96193808,131.31873755,,,,
R190,12k260,33.96186759,131.3185425,,,,
R190,12k280,33.96179357,131.31834846,,,,
R190,12k300,33.96171531,131.31814694,,,,
R190,12k320,33.96162369,131.31792665,,,,
R190,12k340,33.96153901,131.31773688,,,,
R190,12k360,33.96145062,131.31754905,,,,
R190,12k380,33.96136061,131.31736244,,,,
R190,12k400,33.96126935,131.31717863,,,,
R190,12k420,33.96117823,131.31699337,,,,
R190,12k440,33.9610875,131.31680755,,,,
R190,12k460,33.96099644,131.31662063,,,,
R190,12k480,33.96090443,131.31643495,,,,
R190,12k500,33.96080915,131.31624334,,,,
R190,12k520,33.96071696,131.31605861,,,,
R190,12k540,33.9606239,131.31587263,,,,
R190,12k560,33.96053268,131.31568718,,,,
R190,12k580,33.96044012,131.31550218,,,,
R190,12k620,33.96025471,131.31512858,,,,
R190,12k640,33.9601626,131.31494329,,,,
R190,12k660,33.9600706,131.31475737,,,,
R190,12k680,33.95997825,131.31456984,,,,
R190,12k700,33.95988629,131.3143831,,,,
R190,12k720,33.95979339,131.31419757,,,,
R190,12k740,33.95970152,131.31401236,,,,
R190,12k760,33.95960993,131.3138259,,,,
R190,12k780,33.95951881,131.31364174,,,,
R190,12k800,33.95942698,131.31345572,,,,
R190,12k820,33.95933365,131.31326755,,,,
R190,12k840,33.95924199,131.31308273,,,,
R190,12k860,33.9591499,131.31289662,,,,
R190,12k880,33.95905701,131.31271161,,,,
R190,12k920,33.95887164,131.31234127,,,,
R190,12k940,33.9587786,131.31215557,,,,
R190,12k960,33.95868606,131.31197086,,,,
R190,12k980,33.9585937,131.3117852,,,,
R190,13k000,33.95850145,131.31159973,,,,
R190,13k020,33.95840949,131.31141487,,,,
R190,13k040,33.95831733,131.3112296,,,,
R190,13k060,33.95822478,131.31104355,,,,
R190,13k080,33.95813181,131.31085621,,,,
R190,13k100,33.95804063,131.31067023,,,,
R190,13k120,33.95795887,131.31050341,,,,
R190,13k140,33.95786793,131.31031833,,,,
R190,13k160,33.95777568,131.31013288,,,,
R190,13k180,33.95768299,131.30994612,,,,
R190,13k220,33.95749055,131.30955775,,,,
R190,13k240,33.95739727,131.30937062,,,,
R190,13k260,33.95730438,131.30918428,,,,
R190,13k280,33.9572133,131.30899932,,,,
R190,13k300,33.9571249,131.30881804,,,,
R190,13k320,33.95703245,131.30863032,,,,
R190,13k340,33.95694028,131.30844455,,,,
R190,13k360,33.95684811,131.30825742,,,,
R190,13k380,33.95675741,131.30807325,,,,
R190,13k420,33.95659519,131.30774246,,,,
R190,13k440,33.95650305,131.30755986,,,,
R190,13k460,33.95640606,131.30737243,,,,
R190,13k480,33.95630938,131.30719012,,,,
R190,13k540,33.95596205,131.30662237,,,,
R190,13k560,33.95584579,131.30645395,,,,
R190,13k580,33.9557297,131.30629056,,,,
R190,13k600,33.9556078,131.30612993,,,,
R190,13k620,33.9554822,131.30597303,,,,
R190,13k640,33.95535357,131.30581996,,,,
R190,13k660,33.95522263,131.30567115,,,,
R190,13k680,33.95508826,131.30552638,,,,
R190,13k700,33.95494913,131.30538575,,,,
R190,13k720,33.95480778,131.30525132,,,,
R190,13k740,33.95466265,131.30512144,,,,
R190,13k760,33.95451433,131.30499735,,,,
R190,13k780,33.95436458,131.30487631,,,,
R190,13k900,33.95347737,131.30428596,,,,
R190,13k920,33.95331081,131.30419789,,,,
R190,13k940,33.95314554,131.30411511,,,,
R190,13k960,33.9529788,131.30403504,,,,
R190,14k020,33.95242153,131.30377759,,,,
R190,14k040,33.95225316,131.30370062,,,,
R190,14k060,33.95208575,131.30362298,,,,
R190,14k080,33.95191651,131.3035436,,,,
R190,14k120,33.95154291,131.30337422,,,,
R190,14k140,33.95137526,131.30329565,,,,
R190,14k160,33.95120754,131.30321853,,,,
R190,14k180,33.95103824,131.30314066,,,,
R190,14k220,33.95066147,131.30296662,,,,
R190,14k240,33.95049357,131.30288818,,,,
R190,14k260,33.95032408,131.30281024,,,,
R190,14k280,33.95015851,131.30273412,,,,
R190,14k360,33.94946479,131.302414,,,,
R190,14k420,33.94906061,131.30222504,,,,
R190,14k440,33.94889198,131.30214407,,,,
R190,14k460,33.94872671,131.30206097,,,,
R190,14k480,33.9485494,131.3019698,,,,
R190,14k500,33.94838444,131.30188431,,,,
R190,14k520,33.94821751,131.301799,,,,
R190,14k540,33.94805375,131.30171041,,,,
R190,14k560,33.9478871,131.30162222,,,,
R190,14k600,33.9475661,131.30144465,,,,
R190,14k620,33.94740413,131.30135099,,,,
R190,14k640,33.94724452,131.30125182,,,,
R190,14k660,33.94708774,131.30114436,,,,
R190,14k680,33.94693575,131.30102847,,,,
R190,14k700,33.94678013,131.30089812,,,,
R190,14k720,33.94663451,131.30076771,,,,
R190,14k740,33.9464952,131.30062832,,,,
R190,14k760,33.94636223,131.30048034,,,,
R190,14k780,33.946235,131.30032779,,,,
R190,14k800,33.94611517,131.30017142,,,,
R190,14k820,33.94599858,131.3000084,,,,
R190,14k840,33.94588485,131.2998385,,,,
R190,14k860,33.94577541,131.29966589,,,,
R190,14k880,33.94567051,131.29949062,,,,
R190,14k900,33.94557456,131.29932278,,,,
R190,14k920,33.94546928,131.29913353,,,,
R190,14k940,33.94537392,131.29895023,,,,
R190,14k960,33.94527957,131.29876661,,,,
R190,14k980,33.94518647,131.29858272,,,,
R190,15k000,33.9450903,131.29839486,,,,
R190,15k020,33.94500009,131.29820974,,,,
R190,15k040,33.94490811,131.29802382,,,,
R190,15k060,33.94481527,131.29783612,,,,
R190,15k080,33.94472388,131.29765006,,,,
R190,15k100,33.94463428,131.29746726,,,,
R190,15k120,33.94454263,131.29728112,,,,
R190,15k140,33.94445017,131.29709422,,,,
R190,15k160,33.9443605,131.2969067,,,,
R190,15k180,33.94427245,131.29671702,,,,
R190,15k300,33.94379724,131.29554519,,,,
R190,15k320,33.94371722,131.29535007,,,,
R190,15k340,33.94364272,131.29515263,,,,
R190,15k360,33.94356769,131.29495615,,,,
R190,15k380,33.94349339,131.29476081,,,,
R190,15k400,33.94341962,131.29456719,,,,
R190,15k420,33.94334501,131.2943715,,,,
R190,15k440,33.94327079,131.29417225,,,,
R190,15k460,33.94319989,131.293974,,,,
R190,15k480,33.94313513,131.29377389,,,,
R190,15k500,33.94307276,131.2935674,,,,
R190,15k520,33.94302036,131.29336178,,,,
R190,15k540,33.94297307,131.29315424,,,,
R190,15k560,33.94292979,131.2929445,,,,
R190,15k580,33.94288809,131.29273458,,,,
R190,15k600,33.94284567,131.2925257,,,,
R190,15k620,33.94280155,131.29231475,,,,
R190,15k640,33.94276002,131.29210415,,,,
R190,15k660,33.94271738,131.29189387,,,,
R190,15k680,33.94267538,131.29168387,,,,
R190,15k700,33.94263825,131.29146872,,,,
R190,15k720,33.94259086,131.29126028,,,,
R190,15k740,33.94254977,131.2910479,,,,
R190,15k760,33.94250893,131.29083781,,,,
R190,15k780,33.9424687,131.2906278,,,,
R190,15k920,33.94234836,131.28913474,,,,
R190,15k940,33.94235599,131.28892078,,,,
R190,15k960,33.94236366,131.28870268,,,,
R190,15k980,33.94237163,131.28848621,,,,
R190,16k000,33.94237794,131.2882935,,,,
R190,16k020,33.94238651,131.28807984,,,,
R190,16k040,33.94239454,131.28786567,,,,
R190,16k060,33.94240195,131.2876487,,,,
R190,16k080,33.94240906,131.28743377,,,,
R190,16k200,33.94246257,131.2861099,,,,
R190,16k220,33.94247851,131.2858757,,,,
R190,16k240,33.9424962,131.28565916,,,,
R190,16k260,33.94252147,131.28544669,,,,
R190,16k280,33.94255427,131.28523351,,,,
R190,16k300,33.94259211,131.28502828,,,,
R190,16k320,33.94263761,131.28481687,,,,
R190,16k340,33.9426917,131.28460941,,,,
R190,16k360,33.94275145,131.28440488,,,,
R190,16k380,33.94281369,131.28420407,,,,
R190,16k400,33.94287688,131.28401576,,,,
R190,16k420,33.94294563,131.28381435,,,,
R190,16k440,33.94300965,131.28361273,,,,
R190,16k460,33.94306839,131.28341071,,,,
R190,16k480,33.9431197,131.28320324,,,,
R190,16k500,33.94316913,131.28298712,,,,
R190,16k520,33.94320427,131.28277029,,,,
R190,16k540,33.94324791,131.28255956,,,,
R190,16k560,33.94328524,131.28234825,,,,
R190,16k580,33.94331834,131.28213448,,,,
R190,16k600,33.94334896,131.28193773,,,,
R190,16k620,33.94337402,131.28172341,,,,
R190,16k640,33.94339698,131.2815082,,,,
R190,16k660,33.9434161,131.28129168,,,,
R190,16k680,33.94342815,131.28107574,,,,
R190,16k700,33.94343316,131.28086221,,,,
R190,16k720,33.94341558,131.28064538,,,,
R190,16k740,33.94339134,131.28043073,,,,
R190,16k760,33.94335433,131.2802188,,,,
R190,16k780,33.94330779,131.2800091,,,,
R190,16k820,33.94320217,131.27959145,,,,
R190,16k840,33.94314804,131.27938638,,,,
R190,16k860,33.94309338,131.27917911,,,,
R190,16k880,33.94303932,131.27897353,,,,
R190,16k900,33.94298734,131.27877581,,,,
R190,16k920,33.94293388,131.27857027,,,,
R190,16k940,33.9428799,131.27836418,,,,
R190,16k960,33.94282738,131.2781576,,,,
R190,16k980,33.94277873,131.27794968,,,,
R190,17k100,33.94254565,131.27667998,,,,
R190,17k120,33.94250795,131.27646469,,,,
R190,17k140,33.94247259,131.27625186,,,,
R190,17k160,33.94243688,131.27603955,,,,
R190,17k180,33.94240113,131.27582654,,,,
R190,17k200,33.9423673,131.27561906,,,,
R190,17k220,33.94233222,131.27540826,,,,
R190,17k240,33.94229914,131.27519515,,,,
R190,17k260,33.94226627,131.27498223,,,,
R190,17k280,33.9422377,131.27476805,,,,
R190,17k300,33.94221494,131.27455012,,,,
R190,17k320,33.94219987,131.2743344,,,,
R190,17k340,33.94218996,131.27411824,,,,
R190,17k360,33.94218633,131.27390147,,,,
R190,17k380,33.94218889,131.27368506,,,,
R190,17k400,33.94219685,131.27347946,,,,
R190,17k420,33.94220978,131.27326543,,,,
R190,17k440,33.94222848,131.27305125,,,,
R190,17k460,33.94225048,131.27283691,,,,
R190,17k480,33.94227402,131.27262258,,,,
R190,17k500,33.94229808,131.27240787,,,,
R190,17k520,33.94232269,131.27219348,,,,
R190,17k540,33.94234641,131.27197918,,,,
R190,17k560,33.94237016,131.27176466,,,,
R190,17k580,33.94239335,131.27155005,,,,
R190,17k600,33.94241574,131.271339,,,,
R190,17k620,33.94243954,131.27112587,,,,
R190,17k640,33.94246245,131.27091191,,,,
R190,17k660,33.94248604,131.27069713,,,,
R190,17k680,33.94250919,131.27048274,,,,
R190,17k700,33.94253273,131.2702684,,,,
R190,17k720,33.94255815,131.27004244,,,,
R190,17k740,33.94258186,131.26982789,,,,
R190,17k760,33.94260533,131.26961377,,,,
R190,17k780,33.94262957,131.26939955,,,,
R190,17k800,33.94265414,131.26918585,,,,
R190,17k820,33.94267907,131.26897083,,,,
R190,17k840,33.94270329,131.26875684,,,,
R190,17k860,33.94272735,131.26854258,,,,
R190,17k880,33.9427516,131.26832676,,,,
R190,18k020,33.94292259,131.26673123,,,,
R190,18k040,33.94294243,131.26651609,,,,
R190,18k060,33.9429576,131.26630149,,,,
R190,18k080,33.94296962,131.26608482,,,,
R190,18k100,33.942978,131.26587031,,,,
R190,18k120,33.94298286,131.26565521,,,,
R190,18k140,33.94298496,131.26543929,,,,
R190,18k160,33.94298361,131.26522383,,,,
R190,18k180,33.94297817,131.26500708,,,,
R190,18k220,33.94295735,131.26457835,,,,
R190,18k240,33.94293987,131.26436338,,,,
R190,18k260,33.94292325,131.26414865,,,,
R190,18k280,33.94290703,131.26393265,,,,
R190,18k620,33.94262579,131.26025949,,,,
R190,18k640,33.94260886,131.26004396,,,,
R190,18k660,33.94259157,131.25982871,,,,
R190,18k680,33.9425743,131.25961184,,,,
R190,18k720,33.94254109,131.25918149,,,,
R190,18k740,33.94252411,131.2589655,,,,
R190,18k760,33.94250158,131.25875161,,,,
R190,18k780,33.94246909,131.25853822,,,,
R190,18k800,33.94242754,131.25832642,,,,
R190,18k820,33.94237556,131.25812151,,,,
R190,18k840,33.94231023,131.25791955,,,,
R190,18k860,33.9422341,131.2577228,,,,
R190,18k880,33.9421475,131.25753156,,,,
R190,18k900,33.94205564,131.25734835,,,,
R190,18k920,33.94195902,131.25716142,,,,
R190,18k940,33.94186499,131.25697844,,,,
R190,18k960,33.9417688,131.25679331,,,,
R190,19k080,33.94145228,131.25559614,,,,
R190,20k000,33.94171595,131.25542425,,,,
R190,20k020,33.94188319,131.25534087,,,,
R190,20k040,33.94204656,131.25524598,,,,
R190,20k060,33.94220893,131.25515065,,,,
R190,20k080,33.94237214,131.25505534,,,,
R190,20k100,33.94253567,131.25496138,,,,
R190,20k120,33.94269743,131.25486563,,,,
R190,20k140,33.94286047,131.25477043,,,,
R190,20k160,33.94302307,131.25467623,,,,
R190,20k180,33.94318507,131.25458264,,,,
R190,20k200,33.94334792,131.25448855,,,,
R190,20k220,33.94351061,131.25439354,,,,
R190,20k240,33.9436741,131.2542968,,,,
R190,20k260,33.94383584,131.25420259,,,,
R190,20k280,33.94399826,131.25410901,,,,
R190,20k320,33.94432117,131.25392243,,,,
R190,20k340,33.94448275,131.25382341,,,,
R190,20k360,33.94464061,131.25371874,,,,
R190,20k380,33.94479977,131.25361452,,,,
R190,20k400,33.94495772,131.25350953,,,,
R190,20k420,33.94511716,131.2534059,,,,
R190,20k440,33.94527641,131.25330189,,,,
R190,20k460,33.94543413,131.25319783,,,,
R190,20k480,33.94559305,131.25309402,,,,
R190,20k500,33.94575239,131.25298969,,,,
R190,20k520,33.94591018,131.25288532,,,,
R190,20k540,33.94606967,131.25278088,,,,
R190,20k560,33.94622859,131.25267707,,,,
R190,20k920,33.94872761,131.25029133,,,,
R190,20k940,33.94883739,131.25011876,,,,
R190,20k960,33.94894752,131.24994678,,,,
R190,20k980,33.94905695,131.24977475,,,,
R190,21k020,33.94925586,131.24946518,,,,
R190,21k040,33.9493665,131.24929426,,,,
R190,21k060,33.94947699,131.24912321,,,,
R190,21k080,33.94958719,131.24895186,,,,
R190,21k220,33.95035554,131.24775858,,,,
R190,21k240,33.95046525,131.2475865,,,,
R190,21k260,33.95057543,131.2474137,,,,
R190,21k280,33.95068632,131.24724242,,,,
R190,21k320,33.95092872,131.246868,,,,
R190,21k340,33.95103992,131.24669584,,,,
R190,21k360,33.95115007,131.24652533,,,,
R190,21k380,33.95126157,131.24635347,,,,
R190,21k400,33.9513726,131.24618232,,,,
R190,21k420,33.95148346,131.24600958,,,,
R190,21k440,33.95159508,131.24583753,,,,
R190,21k460,33.95170578,131.24566579,,,,
R190,21k480,33.95181675,131.245494,,,,
R190,21k500,33.95191099,131.24533421,,,,
R190,21k580,33.95225459,131.24457147,,,,
R190,21k600,33.95229504,131.24435255,,,,
R190,21k620,33.95232298,131.24413779,,,,
R190,21k640,33.95233756,131.24392229,,,,
R190,21k660,33.9523494,131.24370747,,,,
R190,21k680,33.95236133,131.24349127,,,,
R190,21k700,33.95237256,131.24327387,,,,
R190,21k800,33.95260457,131.24223111,,,,
R190,21k920,33.95332162,131.24131032,,,,
R190,21k940,33.95345964,131.24117299,,,,
R190,21k960,33.95359891,131.24103492,,,,
R190,21k980,33.95373835,131.24089638,,,,
R190,22k020,33.95396605,131.24066891,,,,
R190,22k040,33.95410211,131.24052508,,,,
R190,22k060,33.95423291,131.24037793,,,,
R190,22k080,33.95436101,131.24022571,,,,
R190,22k100,33.95447926,131.24008331,,,,
R190,22k500,33.95711549,131.23681644,,,,
R190,22k520,33.95723988,131.23665964,,,,
R190,22k540,33.95736425,131.23650317,,,,
R190,22k560,33.95749006,131.23634791,,,,
R190,22k580,33.95761717,131.23619434,,,,
R190,22k720,33.95845789,131.2352501,,,,
R190,22k740,33.95859404,131.23510836,,,,
R190,22k760,33.95873136,131.23496815,,,,
R190,22k780,33.95886996,131.23482962,,,,
R190,22k800,33.95901283,131.2346892,,,,
R190,22k820,33.95915348,131.23455402,,,,
R190,22k840,33.95929529,131.23442037,,,,
R190,22k860,33.95943645,131.23428586,,,,
R190,22k880,33.95957659,131.23414968,,,,
R190,22k900,33.9597132,131.23401397,,,,
R190,22k920,33.95985104,131.2338741,,,,
R190,22k940,33.95998745,131.2337327,,,,
R190,22k960,33.96012271,131.23358944,,,,
R190,22k980,33.96025666,131.23344483,,,,
R190,23k000,33.96038187,131.23330641,,,,
R190,23k020,33.96051309,131.23315812,,,,
R190,23k040,33.96064316,131.23300839,,,,
R190,23k060,33.96077195,131.23285693,,,,
R190,23k080,33.96089945,131.23270392,,,,
R190,23k100,33.9610254,131.23255011,,,,
R190,23k200,33.96182573,131.23203958,,,,
R190,23k220,33.96200385,131.23200646,,,,
R190,23k240,33.96218203,131.2319734,,,,
R190,23k260,33.9623602,131.23194019,,,,
R190,23k280,33.962525,131.23191008,,,,
R190,23k320,33.9627115,131.23187477,,,,
R190,23k340,33.96288926,131.23184242,,,,
R190,23k360,33.96306692,131.23181078,,,,
R190,23k420,33.96355662,131.23172351,,,,
R190,23k440,33.96373611,131.2316911,,,,
R190,23k460,33.96391183,131.23165931,,,,
R190,23k500,33.96424715,131.23159657,,,,
R190,23k520,33.96442731,131.23158326,,,,
R190,23k540,33.96460641,131.23158078,,,,
R190,23k560,33.96478432,131.23159309,,,,
R190,23k580,33.96496381,131.23162225,,,,
R190,23k620,33.96539727,131.23171565,,,,
R190,23k640,33.9655745,131.23175454,,,,
R190,23k660,33.96575192,131.23179345,,,,
R190,23k680,33.96592934,131.23183236,,,,
R190,23k740,33.96640617,131.23191446,,,,
R190,23k760,33.96658639,131.23190718,,,,
R190,23k780,33.96676661,131.23190012,,,,
R190,23k800,33.96693952,131.2318933,,,,
R190,23k820,33.96711995,131.23188603,,,,
R190,23k840,33.96729998,131.23187873,,,,
R190,23k860,33.9674802,131.23187167,,,,
R190,23k880,33.96766043,131.23186438,,,,
R190,23k940,33.96818966,131.23184379,,,,
R190,23k960,33.96835077,131.23183805,,,,
R190,23k980,33.96853125,131.23183129,,,,
R190,24k000,33.96873112,131.23182606,,,,
R190,24k020,33.96891202,131.23182009,,,,
R190,24k040,33.96909198,131.23181452,,,,
R190,24k060,33.9692723,131.23180824,,,,
R190,24k080,33.9694528,131.23180193,,,,
R190,24k100,33.96963315,131.23179668,,,,
R190,24k220,33.97045538,131.23106344,,,,
R190,24k240,33.97057585,131.23090018,,,,
R190,24k260,33.97069446,131.23073739,,,,
R190,24k280,33.97081131,131.23057763,,,,
R190,24k300,33.97093034,131.23041529,,,,
R190,24k320,33.97104974,131.2302521,,,,
R190,24k340,33.97116873,131.23008912,,,,
R190,24k360,33.97128723,131.22992681,,,,
R190,24k380,33.97140697,131.22976247,,,,
R190,24k400,33.97152978,131.22959434,,,,
R190,24k420,33.97164704,131.22943164,,,,
R190,24k440,33.97176722,131.22926775,,,,
R190,24k460,33.9718862,131.22910444,,,,
R190,24k480,33.97200389,131.22894251,,,,
R190,24k520,33.97224463,131.22861568,,,,
R190,24k540,33.97236154,131.2284551,,,,
R190,24k560,33.97247987,131.22829358,,,,
R190,24k580,33.97259892,131.22813039,,,,
R190,24k600,33.9727167,131.22796997,,,,
R190,24k620,33.97283332,131.22781015,,,,
R190,24k640,33.97295141,131.22764898,,,,
R190,24k660,33.97307129,131.22748635,,,,
R190,24k680,33.97318916,131.22732706,,,,
R190,24k700,33.9733066,131.22716521,,,,
R190,24k720,33.9734256,131.22700136,,,,
R190,24k740,33.97354241,131.22683948,,,,
R190,24k760,33.97365843,131.22667768,,,,
R190,24k780,33.97377696,131.22651274,,,,
R190,24k820,33.97400669,131.22619259,,,,
R190,24k840,33.97412581,131.22602969,,,,
R190,24k860,33.9742461,131.22586604,,,,
R190,24k880,33.9743618,131.22570149,,,,
R190,24k900,33.97448085,131.22551917,,,,
R190,24k920,33.97458841,131.22534089,,,,
R190,24k940,33.97468753,131.22516325,,,,
R190,24k960,33.97478356,131.22497964,,,,
R190,24k980,33.97487582,131.22478991,,,,
R190,25k000,33.9749558,131.22461433,,,,
R190,25k020,33.97503291,131.22442275,,,,
R190,25k040,33.97510636,131.22422437,,,,
R190,25k060,33.97517392,131.22402219,,,,
R190,25k080,33.97523705,131.22382046,,,,
R190,25k120,33.97536168,131.22340071,,,,
R190,25k140,33.97541915,131.22319669,,,,
R190,25k160,33.97547492,131.22299067,,,,
R190,25k180,33.97552918,131.22278342,,,,
R190,25k200,33.97558143,131.22257548,,,,
R190,25k220,33.97563077,131.22236895,,,,
R190,25k240,33.97568017,131.22215792,,,,
R190,25k260,33.97572777,131.22195032,,,,
R190,25k280,33.97577535,131.22174283,,,,
R190,25k300,33.97582399,131.22153213,,,,
R190,25k320,33.97587183,131.2213239,,,,
R190,25k340,33.97592005,131.22111579,,,,
R190,25k360,33.97596898,131.2209059,,,,
R190,25k380,33.97601657,131.22069628,,,,
R190,25k420,33.97611301,131.22028283,,,,
R190,25k440,33.97616165,131.22007365,,,,
R190,25k460,33.97621043,131.21986475,,,,
R190,25k480,33.97625887,131.21965644,,,,
R190,25k500,33.97630765,131.21944755,,,,
R190,25k520,33.97635575,131.21923984,,,,
R190,25k540,33.97640457,131.21903072,,,,
R190,25k560,33.97645322,131.21882154,,,,
R190,25k580,33.97650137,131.21861361,,,,
R190,25k600,33.9765498,131.21840531,,,,
R190,25k620,33.9765967,131.21819768,,,,
R190,25k640,33.97664324,131.21798898,,,,
R190,25k660,33.97669012,131.21777967,,,,
R190,25k680,33.97673498,131.2175697,,,,
R190,25k720,33.9768229,131.21715003,,,,
R190,25k740,33.97686397,131.21693826,,,,
R190,25k760,33.97690122,131.21672623,,,,
R190,25k780,33.9769379,131.21651411,,,,
R190,25k800,33.97697121,131.21630111,,,,
R190,25k820,33.97700202,131.21608804,,,,
R190,25k840,33.97703072,131.2158749,,,,
R190,25k860,33.97705701,131.21566078,,,,
R190,25k880,33.97708091,131.21544543,,,,
R190,25k900,33.97710257,131.21522932,,,,
R190,25k920,33.97712196,131.21501501,,,,
R190,25k940,33.9771379,131.2147984,,,,
R190,25k960,33.97715239,131.214583,,,,
R190,25k980,33.97716452,131.21436614,,,,
R190,26k020,33.97717381,131.21394263,,,,
R190,26k040,33.97718427,131.21372433,,,,
R190,26k060,33.9771934,131.21350676,,,,
R190,26k080,33.97720116,131.21328695,,,,
R190,26k100,33.97720726,131.21307062,,,,
R190,26k120,33.97721085,131.21285255,,,,
R190,26k140,33.97721369,131.21263589,,,,
R190,26k160,33.97721344,131.21241726,,,,
R190,26k180,33.9772119,131.21220073,,,,
R190,26k260,33.97719304,131.21143164,,,,
R190,26k280,33.97718724,131.21121296,,,,
R190,26k300,33.97718143,131.2109936,,,,
R190,26k320,33.9771702,131.21079218,,,,
R190,26k340,33.9771637,131.21057651,,,,
R190,26k360,33.9771566,131.21035995,,,,
R190,26k380,33.97715042,131.21014221,,,,
R190,26k400,33.97714327,131.20991257,,,,
R190,26k420,33.97713594,131.20970062,,,,
R190,26k440,33.97712898,131.20948268,,,,
R190,26k460,33.97712231,131.20926794,,,,
R190,26k480,33.97711502,131.20905116,,,,
R190,26k500,33.97710833,131.20883552,,,,
R190,26k520,33.97710104,131.20861919,,,,
R190,26k540,33.97709417,131.20840401,,,,
R190,26k560,33.97708744,131.2081872,,,,
R190,26k580,33.97708085,131.20796902,,,,
R190,26k620,33.97706841,131.20753194,,,,
R190,26k640,33.97706137,131.20731563,,,,
R190,26k660,33.97705438,131.2071007,,,,
R190,26k680,33.97704821,131.20688482,,,,
R190,26k700,33.97704237,131.20667351,,,,
R190,26k720,33.97703599,131.20645719,,,,
R190,26k740,33.97702871,131.20624238,,,,
R190,26k760,33.97702208,131.2060271,,,,
R190,26k780,33.97701507,131.20581206,,,,
R190,26k800,33.97700857,131.20560089,,,,
R190,26k820,33.97700242,131.20538868,,,,
R190,26k840,33.9769969,131.20517254,,,,
R190,26k860,33.97699067,131.20495781,,,,
R190,26k880,33.976985,131.20474271,,,,
R190,26k920,33.97696974,131.20429434,,,,
R190,26k940,33.9769636,131.20407643,,,,
R190,26k960,33.9769568,131.2038609,,,,
R190,26k980,33.97694908,131.20364579,,,,
R190,27k020,33.97687192,131.20323277,,,,
R190,27k100,33.97656135,131.20244956,,,,
R190,27k120,33.97647982,131.20226037,,,,
R190,27k140,33.97639414,131.20206827,,,,
R190,27k160,33.97630876,131.20187652,,,,
R190,27k220,33.97607756,131.20135098,,,,
R190,27k240,33.97599649,131.20115827,,,,
R190,27k260,33.97591742,131.20096798,,,,
R190,27k280,33.97583724,131.20077325,,,,
R190,27k320,33.97566524,131.20035411,,,,
R190,27k340,33.97558502,131.20016143,,,,
R190,27k360,33.97550473,131.19996803,,,,
R190,27k380,33.97542547,131.19977507,,,,
R190,27k400,33.97534276,131.19956098,,,,
R190,27k420,33.97527443,131.1993631,,,,
R190,27k440,33.97521474,131.19916085,,,,
R190,27k460,33.97516256,131.1989546,,,,
R190,27k480,33.97512041,131.198747,,,,
R190,27k520,33.97505647,131.19831518,,,,
R190,27k540,33.97504035,131.19809777,,,,
R190,27k560,33.97503347,131.19788026,,,,
R190,27k580,33.97503492,131.19766415,,,,
R190,27k600,33.97504658,131.19744991,,,,
R190,27k620,33.97506603,131.19723468,,,,
R190,27k640,33.97509161,131.19701962,,,,
R190,27k660,33.97512057,131.19680547,,,,
R190,27k680,33.97514976,131.19659092,,,,
R190,27k700,33.97517319,131.1964021,,,,
R190,27k720,33.97519957,131.19618668,,,,
R190,27k740,33.9752232,131.19597203,,,,
R190,27k760,33.9752443,131.1957575,,,,
R190,27k780,33.97526518,131.19554131,,,,
R190,27k820,33.97530348,131.19507405,,,,
R190,27k840,33.9753181,131.19485712,,,,
R190,27k860,33.97532997,131.1946411,,,,
R190,27k880,33.97534071,131.19442477,,,,
R190,27k900,33.97535099,131.19421482,,,,
R190,27k920,33.97535998,131.19399398,,,,
R190,27k940,33.97537068,131.19377833,,,,
R190,27k960,33.97538223,131.19356113,,,,
R190,27k980,33.97539583,131.19334527,,,,
R190,28k000,33.97541171,131.19312936,,,,
R190,28k020,33.97542907,131.19291448,,,,
R190,28k040,33.97544816,131.1926993,,,,
R190,28k060,33.97546915,131.19248473,,,,
R190,28k080,33.97549044,131.19227134,,,,
R190,28k120,33.97555386,131.19184233,,,,
R190,28k140,33.97558166,131.19162789,,,,
R190,28k160,33.9756098,131.19141434,,,,
R190,28k180,33.97563922,131.19119965,,,,
R190,28k200,33.97567112,131.19098779,,,,
R190,28k220,33.97570681,131.19077712,,,,
R190,28k240,33.97574759,131.19056582,,,,
R190,28k260,33.97579407,131.19035682,,,,
R190,28k280,33.97584825,131.19014895,,,,
R190,28k320,33.97598181,131.1897478,,,,
R190,28k340,33.97606069,131.18955381,,,,
R190,28k360,33.97614913,131.18936313,,,,
R190,28k380,33.97624369,131.18918032,,,,
R190,28k420,33.97644924,131.18882721,,,,
R190,28k440,33.97656033,131.18865719,,,,
R190,28k460,33.97667398,131.18848956,,,,
R190,28k480,33.97678953,131.18832631,,,,
R190,28k500,33.97690816,131.18816474,,,,
R190,28k520,33.97702637,131.18800305,,,,
R190,28k540,33.97714457,131.18784104,,,,
R190,28k560,33.97727057,131.18766925,,,,
R190,28k700,33.97803452,131.18661651,,,,
R190,28k720,33.97815364,131.18645547,,,,
R190,28k740,33.97827344,131.18629241,,,,
R190,28k760,33.97839315,131.18612985,,,,
R190,28k840,33.97875349,131.18563168,,,,
R190,28k860,33.97887261,131.18546851,,,,
R190,28k880,33.97899084,131.18530622,,,,
R190,28k900,33.97909215,131.18516821,,,,
R190,28k920,33.97920985,131.18500629,,,,
R190,28k940,33.97932942,131.18484146,,,,
R190,28k960,33.97944679,131.1846807,,,,
R190,28k980,33.97956653,131.18451634,,,,
R190,29k020,33.97982176,131.18416913,,,,
R190,29k040,33.97994127,131.18400576,,,,
R190,29k060,33.98005972,131.18384248,,,,
R190,29k080,33.9801787,131.18367916,,,,
R190,29k120,33.98041142,131.18336309,,,,
R190,29k140,33.98053085,131.18319871,,,,
R190,29k160,33.98065088,131.18303377,,,,
R190,29k180,33.98076756,131.18287188,,,,
R190,29k200,33.98088402,131.18271192,,,,
R190,29k220,33.98100587,131.18255137,,,,
R190,29k240,33.98113529,131.18240092,,,,
R190,29k260,33.98127519,131.1822671,,,,
R190,29k280,33.98142461,131.18215026,,,,
R190,29k300,33.98156752,131.18206032,,,,
R190,29k320,33.98173534,131.1819791,,,,
R190,29k340,33.98191011,131.18191688,,,,
R190,29k360,33.98208539,131.18186571,,,,
R190,29k380,33.98225995,131.18181835,,,,
R190,29k400,33.98242585,131.18177283,,,,
R190,29k420,33.98259769,131.18172839,,,,
R190,29k440,33.98277471,131.1816802,,,,
R190,29k460,33.98295053,131.18163185,,,,
R190,29k480,33.98312688,131.18158431,,,,
R190,29k520,33.98344487,131.18149726,,,,
R190,29k540,33.9836214,131.1814485,,,,
R190,29k560,33.98379746,131.18139939,,,,
R190,29k580,33.98397374,131.18134716,,,,
R190,29k620,33.98436323,131.18123079,,,,
R190,29k640,33.98453774,131.18117645,,,,
R190,29k660,33.98471269,131.1811234,,,,
R190,29k680,33.98488938,131.18106919,,,,
R190,29k700,33.98506373,131.18101607,,,,
R190,29k720,33.98523313,131.18096333,,,,
R190,29k740,33.98540933,131.18091046,,,,
R190,29k760,33.98558545,131.18085575,,,,
R190,29k780,33.9857609,131.18080293,,,,
R190,29k800,33.98592635,131.18075334,,,,
R190,29k820,33.98609362,131.18065008,,,,
R190,29k840,33.98627161,131.18061018,,,,
R190,29k860,33.98645291,131.18058773,,,,
R190,29k880,33.98663472,131.18058387,,,,
R190,29k900,33.98681082,131.18059625,,,,
R190,29k920,33.98698753,131.18062559,,,,
R190,29k940,33.98716626,131.18067294,,,,
R190,29k960,33.9873387,131.1807329,,,,
R190,29k980,33.98750824,131.1808119,,,,
R190,30k000,33.98768647,131.1809156,,,,
R190,30k020,33.98782688,131.18100622,,,,
R190,30k040,33.98797424,131.1811327,,,,
R190,30k060,33.98811215,131.18127241,,,,
R190,30k080,33.98825003,131.18141473,,,,
R190,30k100,33.98838249,131.18155161,,,,
R190,30k120,33.98852088,131.18169354,,,,
R190,30k140,33.98865736,131.18183541,,,,
R190,30k160,33.98879488,131.18197681,,,,
R190,30k180,33.98893246,131.18211885,,,,
R190,30k200,33.98905025,131.18224322,,,,
R190,30k640,33.99282643,131.18313153,,,,
R190,30k660,33.99300364,131.1831722,,,,
R190,30k680,33.99318297,131.183193,,,,
R190,30k700,33.99336281,131.18319112,,,,
R190,30k720,33.99354384,131.18316995,,,,
R190,30k740,33.99372299,131.18313817,,,,
R190,30k760,33.99390105,131.18310262,,,,
R190,30k780,33.99407844,131.18306599,,,,
R190,30k800,33.99425409,131.18302937,,,,
R190,30k820,33.99443134,131.18299344,,,,
R190,30k840,33.99460697,131.18295867,,,,
R190,30k860,33.99478492,131.18292197,,,,
R190,30k900,33.99513971,131.18284638,,,,
R190,30k920,33.99531818,131.18280143,,,,
R190,30k940,33.995496,131.18275876,,,,
R190,30k960,33.99567329,131.18271646,,,,
R190,30k980,33.99584941,131.18267305,,,,
R190,31k020,33.99623039,131.18257536,,,,
R190,31k040,33.99640726,131.18252847,,,,
R190,31k060,33.99658349,131.18248128,,,,
R190,31k080,33.99676024,131.18243372,,,,
R190,31k120,33.99708036,131.18234644,,,,
R190,31k140,33.9972556,131.18229809,,,,
R190,31k500,34.00041144,131.18295193,,,,
R190,31k520,34.00058656,131.18295163,,,,
R190,31k540,34.00076389,131.18292054,,,,
R190,31k620,34.001462,131.18253557,,,,
R190,31k640,34.00160147,131.18239645,,,,
R190,31k660,34.00173049,131.18224151,,,,
R190,31k680,34.00184659,131.18207142,,,,
R190,31k700,34.00196934,131.18188724,,,,
R190,31k720,34.00208197,131.18171823,,,,
R190,31k740,34.0021954,131.18154752,,,,
R190,31k760,34.00230865,131.18137906,,,,
R190,31k780,34.00242166,131.18121025,,,,
R190,31k820,34.00264968,131.18087624,,,,
R190,31k840,34.00276285,131.18070823,,,,
R190,31k860,34.00287771,131.18053807,,,,
R190,31k880,34.0029907,131.18036885,,,,
R190,31k900,34.0031183,131.18018173,,,,
R190,31k920,34.00323072,131.18001227,,,,
R190,31k940,34.0033457,131.17984411,,,,
R190,31k960,34.00346072,131.17967734,,,,
R190,32k020,34.00378337,131.1792003,,,,
R190,32k040,34.00389596,131.17903204,,,,
R190,32k060,34.0040089,131.17886471,,,,
R190,32k080,34.00412152,131.17869677,,,,
R190,32k400,34.00593325,131.17599562,,,,
R190,32k420,34.0060466,131.17582716,,,,
R190,32k440,34.00615987,131.17565862,,,,
R190,32k460,34.00627323,131.17549045,,,,
R190,32k480,34.00638648,131.1753219,,,,
R190,32k500,34.00649984,131.17515343,,,,
R190,32k520,34.00661311,131.17498519,,,,
R190,32k540,34.00672646,131.17481672,,,,
R190,32k560,34.0068399,131.17464835,,,,
R190,32k580,34.00695323,131.17448016,,,,
R190,32k600,34.00706644,131.17431155,,,,
R190,32k640,34.00729342,131.17397491,,,,
R190,32k660,34.00740669,131.17380666,,,,
R190,32k680,34.0075201,131.17363824,,,,
R190,32k700,34.00763178,131.17347258,,,,
R190,33k320,34.01118545,131.16828307,,,,
R190,33k340,34.01130013,131.16811602,,,,
R190,33k360,34.0114137,131.16795028,,,,
R190,33k380,34.01152818,131.16778393,,,,
R190,33k400,34.01165695,131.16759894,,,,
R190,33k420,34.01176713,131.16742949,,,,
R190,33k440,34.01187503,131.16725419,,,,
R190,33k460,34.0119801,131.16707916,,,,
R190,33k480,34.01208177,131.16689928,,,,
R190,33k500,34.01217629,131.16672871,,,,
R190,33k520,34.01227634,131.1665476,,,,
R190,33k540,34.01237529,131.16636782,,,,
R190,33k560,34.01247472,131.16618731,,,,
R190,33k580,34.0125714,131.16600543,,,,
R190,33k660,34.0128387,131.16519527,,,,
R190,33k680,34.01284087,131.16498118,,,,
R190,33k700,34.01281991,131.16476761,,,,
R190,33k720,34.01278547,131.16455719,,,,
R190,33k740,34.01274799,131.1643462,,,,
R190,33k760,34.01270994,131.16413519,,,,
R190,33k880,34.01292865,131.16293054,,,,
R190,33k900,34.01304587,131.16276855,,,,
R190,34k200,34.01501626,131.16059527,,,,
R190,34k220,34.01515588,131.16045255,,,,
R190,34k240,34.0153125,131.16034808,,,,
R190,34k260,34.01546972,131.16024104,,,,
R190,34k280,34.01562418,131.16013099,,,,
R190,34k300,34.01577537,131.16002212,,,,
R190,34k320,34.01592859,131.15990449,,,,
R190,34k340,34.01607697,131.15977989,,,,
R190,34k360,34.0162167,131.15964365,,,,
R190,34k380,34.01634876,131.15949516,,,,
R190,34k400,34.01646561,131.15934439,,,,
R190,34k420,34.01657794,131.15917588,,,,
R190,34k440,34.01668155,131.15899929,,,,
R190,34k460,34.01677682,131.15881611,,,,
R190,34k480,34.01687128,131.15863209,,,,
R190,34k540,34.0171817,131.1580173,,,,
R190,34k560,34.01727532,131.15783164,,,,
R190,34k580,34.01736864,131.15764656,,,,
R190,34k620,34.01753727,131.15731212,,,,
R190,34k640,34.01763082,131.15712749,,,,
R190,34k660,34.0177247,131.15694308,,,,
R190,34k680,34.01781782,131.15675839,,,,
R190,34k700,34.0179113,131.15657344,,,,
R190,34k720,34.01800487,131.15638961,,,,
R190,34k740,34.01809843,131.15620498,,,,
R190,34k760,34.018192,131.15601982,,,,
R190,34k780,34.01828591,131.1558349,,,,
R190,34k820,34.01847533,131.15546381,,,,
R190,34k840,34.0185688,131.15527909,,,,
R190,34k860,34.01866309,131.1550941,,,,
R190,34k880,34.01877012,131.15491986,,,,
R190,34k900,34.01889251,131.15476002,,,,
R190,34k920,34.01902776,131.15461776,,,,
R190,34k940,34.01917585,131.15449129,,,,
R190,34k960,34.01933067,131.15438301,,,,
R190,34k980,34.01948891,131.15427844,,,,
R190,35k000,34.01964722,131.15417502,,,,
R190,35k020,34.019807,131.15407401,,,,
R190,35k040,34.0199668,131.15397268,,,,
R190,35k060,34.02012629,131.15386985,,,,
R190,35k080,34.0202853,131.15376811,,,,
R190,35k100,34.02043867,131.15366575,,,,
R190,35k120,34.02059792,131.15356563,,,,
R190,35k140,34.02075819,131.15346521,,,,
R190,35k160,34.02091815,131.15336589,,,,
R190,35k180,34.02107955,131.15326619,,,,
R190,35k200,34.02122919,131.15317516,,,,
R190,35k220,34.02138961,131.15307659,,,,
R190,35k240,34.02154755,131.15297307,,,,
R190,35k260,34.02170307,131.15286348,,,,
R190,35k280,34.02185554,131.15274916,,,,
R190,35k300,34.02200202,131.15262278,,,,
R190,35k320,34.02214157,131.15248514,,,,
R190,35k340,34.02227371,131.15233778,,,,
R190,35k360,34.02239777,131.1521796,,,,
R190,35k380,34.0225123,131.1520121,,,,
R190,35k400,34.02261961,131.1518245,,,,
R190,35k420,34.02271441,131.15164099,,,,
R190,35k440,34.0227984,131.15144898,,,,
R190,35k460,34.02287086,131.15125088,,,,
R190,35k480,34.02293157,131.15104494,,,,
R190,35k500,34.02297675,131.15085843,,,,
R190,35k520,34.0230219,131.15064777,,,,
R190,35k540,34.02306194,131.15043887,,,,
R190,35k560,34.0231013,131.15022668,,,,
R190,35k580,34.02314056,131.15001589,,,,
R190,35k600,34.02317991,131.14980559,,,,
R190,35k620,34.02321871,131.14959418,,,,
R190,35k640,34.02325709,131.14938194,,,,
R190,35k660,34.02329672,131.14917125,,,,
R190,35k680,34.02334561,131.14896243,,,,
R190,35k720,34.02347322,131.14856692,,,,
R190,35k740,34.02352884,131.14835926,,,,
R190,35k760,34.02357423,131.1481472,,,,
R190,35k780,34.02361801,131.14793689,,,,
R190,35k900,34.0238348,131.14665171,,,,
R190,35k920,34.02385394,131.14643613,,,,
R190,35k940,34.02386809,131.14622023,,,,
R190,35k960,34.02388143,131.14600323,,,,
R190,35k980,34.02389538,131.14578729,,,,
R190,36k040,34.0239359,131.14518493,,,,
R190,36k060,34.0239507,131.14496753,,,,
R190,36k080,34.02396532,131.14475081,,,,
R190,36k100,34.0239775,131.14454283,,,,
R190,36k120,34.02397989,131.14432735,,,,
R190,36k140,34.02397292,131.14410964,,,,
R190,36k160,34.02395486,131.14389293,,,,
R190,36k200,34.02389619,131.14349568,,,,
R190,36k220,34.02386191,131.14328137,,,,
R190,36k240,34.02382763,131.14306889,,,,
R190,36k260,34.02379124,131.14285598,,,,
R190,36k280,34.02375619,131.14264214,,,,
R190,36k900,34.02320353,131.13679046,,,,
R190,36k920,34.02310176,131.13661054,,,,
R190,36k940,34.02302121,131.13641826,,,,
R190,36k960,34.0229404,131.13622498,,,,
R190,36k980,34.02285754,131.13603108,,,,
R190,37k000,34.02278865,131.13583547,,,,
R190,37k120,34.02296305,131.13461907,,,,
R190,37k140,34.02305865,131.13443657,,,,
R190,37k160,34.02315372,131.13424933,,,,
R190,37k180,34.02324708,131.13406616,,,,
R190,37k820,34.02580754,131.12799402,,,,
R190,37k840,34.02587209,131.12779226,,,,
R190,37k860,34.02592401,131.12758593,,,,
R190,37k880,34.02596591,131.12737491,,,,
R190,37k900,34.02600474,131.12716431,,,,
R190,37k920,34.0260435,131.12695227,,,,
R190,37k940,34.02608074,131.12674164,,,,
R190,37k960,34.02611878,131.12653102,,,,
R190,37k980,34.02615651,131.12632006,,,,
R190,38k000,34.02619626,131.12609574,,,,
R190,38k020,34.02623501,131.12588108,,,,
R190,38k040,34.02627069,131.12567041,,,,
R190,38k060,34.02630274,131.12545998,,,,
R190,38k080,34.02632405,131.12524368,,,,
R190,38k100,34.02632375,131.12501338,,,,
R190,38k180,34.02613631,131.12417798,,,,
R190,38k200,34.02607924,131.12400592,,,,
R190,38k280,34.02567852,131.12329098,,,,
R190,38k300,34.02554999,131.12312079,,,,
R190,38k320,34.02542888,131.12296055,,,,
R190,38k340,34.02530651,131.12280059,,,,
R190,38k360,34.02518486,131.12264141,,,,
R190,38k380,34.02506356,131.12248048,,,,
R190,38k700,34.02377342,131.11943936,,,,
R190,38k720,34.02370523,131.11923704,,,,
R190,38k740,34.02363594,131.11903518,,,,
R190,38k760,34.02356696,131.11883494,,,,
R190,38k780,34.02349799,131.11863522,,,,
R190,38k800,34.02342724,131.11842777,,,,
R190,38k820,34.02335798,131.11822693,,,,
R190,38k840,34.02328844,131.11802785,,,,
R190,38k860,34.02321988,131.1178276,,,,
R190,38k880,34.02314828,131.11762881,,,,
R190,38k900,34.02306793,131.11742897,,,,
R190,38k920,34.02298049,131.11723795,,,,
R190,38k940,34.02288758,131.11705261,,,,
R190,38k960,34.02278661,131.11687203,,,,
R190,38k980,34.02268033,131.11669702,,,,
R190,39k020,34.02245696,131.11637075,,,,
R190,39k040,34.02233352,131.11621287,,,,
R190,39k060,34.02220898,131.11605491,,,,
R190,39k080,34.02208563,131.11589965,,,,
R190,39k100,34.02196305,131.11574299,,,,
R190,39k120,34.02183904,131.1155854,,,,
R190,39k140,34.02171536,131.11542897,,,,
R190,39k160,34.02159145,131.11527188,,,,
R190,39k180,34.02146731,131.11511411,,,,
R190,39k200,34.0213515,131.1149662,,,,
R190,39k220,34.02124327,131.1147923,,,,
R190,39k300,34.02105495,131.11397282,,,,
R190,39k320,34.02105281,131.11375273,,,,
R190,39k340,34.02105453,131.11353719,,,,
R190,39k360,34.0210583,131.11332008,,,,
R190,39k380,34.02106221,131.11310322,,,,
R190,39k400,34.021067,131.11288262,,,,
R190,39k420,34.02107254,131.11266431,,,,
R190,39k440,34.02107849,131.11244918,,,,
R190,39k460,34.02108428,131.11223282,,,,
R190,39k480,34.02109916,131.11201694,,,,
R190,39k500,34.02113496,131.11179665,,,,
R190,39k520,34.0211887,131.11158971,,,,
R190,39k580,34.0214469,131.11102392,,,,
R190,39k620,34.02168442,131.11071432,,,,
R190,39k640,34.02182645,131.11058076,,,,
R190,39k660,34.02197929,131.11046651,,,,
R190,39k680,34.02213841,131.11036068,,,,
R190,39k700,34.02228279,131.11027219,,,,
R190,39k720,34.02244488,131.11017618,,,,
R190,39k740,34.02260659,131.11007885,,,,
R190,39k760,34.02276985,131.10998206,,,,
R190,39k780,34.02293067,131.10988611,,,,
R190,39k800,34.02307929,131.10979639,,,,
R190,39k820,34.02324013,131.10969623,,,,
R190,39k840,34.02340167,131.10959665,,,,
R190,39k860,34.02356292,131.10949595,,,,
R190,39k880,34.02372411,131.10939557,,,,
R190,39k920,34.02406909,131.10918485,,,,
R190,39k940,34.0242309,131.10908717,,,,
R190,39k960,34.02439273,131.10898866,,,,
R190,39k980,34.0245532,131.10889143,,,,
R190,40k000,34.024701,131.10880232,,,,
R190,40k020,34.02486098,131.10870196,,,,
R190,40k040,34.02501956,131.10859804,,,,
R190,40k060,34.02517584,131.10848881,,,,
R190,40k080,34.02532931,131.10837547,,,,
R190,40k100,34.02549879,131.10824395,,,,
R190,40k120,34.02564952,131.10812616,,,,
R190,40k140,34.02580039,131.10800692,,,,
R190,40k160,34.0259528,131.10788761,,,,
R190,40k180,34.02610323,131.10777059,,,,
R190,40k200,34.0262495,131.10765722,,,,
R190,40k220,34.02639662,131.1075346,,,,
R190,40k240,34.02654487,131.10740981,,,,
R190,40k260,34.02668893,131.10728198,,,,
R190,40k280,34.02683148,131.10714888,,,,
R190,40k300,34.0269773,131.10700855,,,,
R190,40k320,34.02711406,131.10686778,,,,
R190,40k340,34.02725157,131.10672628,,,,
R190,40k360,34.02738833,131.10658549,,,,
R190,40k380,34.02752488,131.10644549,,,,
R190,40k400,34.0276625,131.10630417,,,,
R190,40k420,34.02779461,131.10616779,,,,
R190,40k440,34.02793641,131.10602281,,,,
R190,40k460,34.02807347,131.10588174,,,,
R190,40k480,34.02821106,131.10574074,,,,
R190,40k500,34.02834416,131.10560401,,,,
R190,40k520,34.02848296,131.10546191,,,,
R190,40k540,34.0286204,131.10532093,,,,
R190,40k560,34.02875616,131.10518077,,,,
R190,40k580,34.02889481,131.10504007,,,,
R190,40k600,34.02903278,131.10489916,,,,
R190,40k620,34.02917011,131.10475801,,,,
R190,40k640,34.0293064,131.1046179,,,,
R190,40k660,34.02944357,131.1044769,,,,
R190,40k680,34.02958043,131.10433652,,,,
R190,40k700,34.02971829,131.10419542,,,,
R190,40k720,34.02985517,131.10405471,,,,
R190,40k740,34.02999141,131.10391345,,,,
R190,40k760,34.03012887,131.10377216,,,,
R190,40k780,34.0302667,131.10363138,,,,
R190,40k800,34.03040846,131.10348658,,,,
R190,41k400,34.03403991,131.0987822,,,,
R190,41k420,34.03414938,131.09861363,,,,
R190,41k440,34.03426965,131.09845293,,,,
R190,41k460,34.03440452,131.09830449,,,,
R190,41k480,34.03455232,131.09817592,,,,
R190,41k500,34.03470986,131.09806924,,,,
R190,41k520,34.03487664,131.09798248,,,,
R190,41k540,34.03504742,131.09791335,,,,
R190,41k560,34.03522014,131.09785743,,,,
R190,41k580,34.03539874,131.09781321,,,,
R190,41k680,34.03625572,131.09802975,,,,
R190,41k860,34.03748749,131.09696094,,,,
R190,41k920,34.0377533,131.09644332,,,,
R190,41k940,34.03784673,131.0962607,,,,
R190,41k960,34.037942,131.09607621,,,,
R190,42k020,34.03825908,131.09545851,,,,
R190,42k040,34.03835251,131.09527455,,,,
R190,42k060,34.03844727,131.09508886,,,,
R190,42k080,34.03854077,131.09490388,,,,
R190,42k140,34.03880357,131.09439704,,,,
R190,42k160,34.03889767,131.09421389,,,,
R190,42k180,34.03899162,131.09403012,,,,
R190,42k200,34.03908709,131.09384367,,,,
R190,42k220,34.03917743,131.09365826,,,,
R190,42k240,34.03926486,131.09346752,,,,
R190,42k260,34.03934708,131.09327494,,,,
R190,42k320,34.03954826,131.09274614,,,,
R190,42k340,34.03962005,131.09254731,,,,
R190,42k360,34.0396862,131.09234666,,,,
R190,42k380,34.03974807,131.09214292,,,,
R190,42k500,34.04006717,131.09083622,,,,
R190,42k520,34.04011659,131.09062742,,,,
R190,42k540,34.04015834,131.09042144,,,,
R190,42k560,34.04019365,131.09020383,,,,
R190,42k580,34.04022426,131.08998977,,,,
R190,42k600,34.04024617,131.08979514,,,,
R190,42k620,34.04025915,131.08958173,,,,
R190,42k640,34.04026129,131.08936546,,,,
R190,42k660,34.04025872,131.08914829,,,,
R190,42k680,34.04024577,131.0889326,,,,
R190,42k740,34.04015744,131.08833,,,,
R190,42k760,34.04012175,131.08811783,,,,
R190,42k780,34.04008585,131.08790546,,,,
R190,42k800,34.04004858,131.08768446,,,,
R190,42k820,34.04001335,131.08747063,,,,
R190,42k840,34.03997823,131.0872584,,,,
R190,42k860,34.03994559,131.08704593,,,,
R190,42k880,34.03991669,131.08683215,,,,
R190,42k900,34.03989524,131.08660978,,,,
R190,42k920,34.03988903,131.08639437,,,,
R190,42k940,34.03989654,131.08617757,,,,
R190,42k960,34.03991854,131.08596252,,,,
R190,42k980,34.03995198,131.08574906,,,,
R190,43k020,34.0400482,131.08534068,,,,
R190,43k040,34.04010302,131.08513355,,,,
R190,43k060,34.04015802,131.08492577,,,,
R190,43k080,34.04021047,131.08471774,,,,
R190,43k100,34.04026218,131.084514,,,,
R190,43k120,34.04031645,131.08430666,,,,
R190,43k140,34.04036935,131.08410073,,,,
R190,43k160,34.04042236,131.08389435,,,,
R190,43k200,34.04052964,131.08347992,,,,
R190,43k220,34.04058381,131.08327447,,,,
R190,43k240,34.04063826,131.0830672,,,,
R190,43k260,34.04069241,131.08285958,,,,
R190,43k280,34.04074767,131.08265383,,,,
R190,43k320,34.04085818,131.0822385,,,,
R190,43k340,34.04091266,131.0820332,,,,
R190,43k360,34.04096784,131.08182828,,,,
R190,43k380,34.04102652,131.08162347,,,,
R190,43k400,34.04109564,131.08142327,,,,
R190,43k420,34.04117256,131.08122852,,,,
R190,43k440,34.04125722,131.08103718,,,,
R190,43k460,34.0413413,131.08084678,,,,
R190,43k480,34.04142596,131.08065543,,,,
R190,43k520,34.04161306,131.08023453,,,,
R190,43k540,34.04169116,131.08004167,,,,
R190,43k560,34.04176809,131.07984466,,,,
R190,43k580,34.04184113,131.07964682,,,,
R190,43k920,34.04273407,131.07616663,,,,
R190,43k940,34.0427666,131.07595186,,,,
R190,43k960,34.04279333,131.07573932,,,,
R190,43k980,34.04281483,131.07552285,,,,
R190,44k000,34.04283273,131.07530552,,,,
R190,44k020,34.04284528,131.07508815,,,,
R190,44k040,34.04285224,131.07487189,,,,
R190,44k060,34.0428539,131.07465399,,,,
R190,44k080,34.04285594,131.07443656,,,,
R190,44k100,34.04285731,131.07421589,,,,
R190,44k120,34.04285929,131.07399985,,,,
R190,44k140,34.04286068,131.07378445,,,,
R190,44k160,34.04286251,131.07356703,,,,
R190,44k180,34.04286394,131.07335049,,,,
R190,44k220,34.04287342,131.07291977,,,,
R190,44k240,34.04289782,131.07270514,,,,
R190,44k260,34.04293626,131.0724907,,,,
R190,44k280,34.04298313,131.07227838,,,,
R190,44k300,34.04303199,131.07205839,,,,
R190,44k320,34.04307762,131.0718497,,,,
R190,44k340,34.04312366,131.07163924,,,,
R190,44k360,34.04316902,131.07142999,,,,
R190,44k380,34.04321427,131.07121951,,,,
R190,44k400,34.0432572,131.07102494,,,,
R190,44k420,34.04330352,131.07081672,,,,
R190,44k440,34.04335008,131.07060739,,,,
R190,44k460,34.043397,131.07039914,,,,
R190,44k480,34.04344495,131.07018981,,,,
R191,74k120,34.37175967,131.13199281,,,,
R191,74k140,34.37184655,131.13218336,,,,
R191,74k160,34.37191535,131.1323843,,,,
R191,74k180,34.37195838,131.13259294,,,,
R191,74k220,34.3719947,131.13302353,,,,
R191,74k240,34.37200879,131.13323999,,,,
R191,74k260,34.37202287,131.13345672,,,,
R191,74k280,34.37203677,131.13367341,,,,
R191,74k320,34.37207428,131.13410588,,,,
R191,74k340,34.37210351,131.13431953,,,,
R191,74k360,34.37213579,131.13453361,,,,
R191,74k380,34.37216777,131.134748,,,,
R191,74k420,34.37223942,131.13516459,,,,
R191,74k440,34.37228065,131.13537427,,,,
R191,74k460,34.37232281,131.13558578,,,,
R191,74k480,34.37236288,131.13579702,,,,
R191,74k520,34.37244529,131.13621762,,,,
R191,74k540,34.37248681,131.13642973,,,,
R191,74k560,34.37253517,131.13663955,,,,
R191,74k580,34.37259141,131.13684472,,,,
R191,74k620,34.37272671,131.13725064,,,,
R191,74k640,34.3728048,131.1374473,,,,
R191,74k660,34.37288754,131.13764051,,,,
R191,74k680,34.37296958,131.13783347,,,,
R191,74k720,34.37313677,131.13822529,,,,
R191,74k740,34.37322103,131.13841738,,,,
R191,74k760,34.3733045,131.13861034,,,,
R191,74k780,34.37338479,131.13880639,,,,
R191,74k820,34.37352897,131.13920416,,,,
R191,74k840,34.37359258,131.13940829,,,,
R191,74k860,34.37364959,131.13961438,,,,
R191,74k880,34.37370032,131.13982268,,,,
R191,75k320,34.37509891,131.14409057,,,,
R191,75k340,34.37511622,131.14430763,,,,
R191,75k360,34.37513416,131.14452343,,,,
R191,75k380,34.37515175,131.14473952,,,,
R191,75k420,34.37519083,131.14518454,,,,
R191,75k440,34.37521131,131.14540064,,,,
R191,75k460,34.37523464,131.14561466,,,,
R191,75k480,34.37526179,131.14583016,,,,
R191,75k520,34.3753247,131.14626259,,,,
R191,75k540,34.37535733,131.14647537,,,,
R191,75k560,34.37538882,131.14669018,,,,
R191,75k580,34.37540825,131.14690551,,,,
R191,75k620,34.37540045,131.14734091,,,,
R191,75k640,34.37536544,131.14755824,,,,
R191,75k660,34.37531323,131.14776857,,,,
R191,75k680,34.37524279,131.14797562,,,,
R191,75k720,34.37507884,131.14836567,,,,
R191,75k740,34.37499523,131.14856258,,,,
R191,75k760,34.37491193,131.14875866,,,,
R191,75k780,34.37482808,131.14895621,,,,
R191,75k920,34.37428236,131.15025421,,,,
R191,75k940,34.37420058,131.1504478,,,,
R191,75k960,34.37411971,131.15064248,,,,
R191,75k980,34.374038,131.15083715,,,,
R191,76k020,34.37386173,131.15125579,,,,
R191,76k040,34.37378041,131.15144941,,,,
R191,76k060,34.37369883,131.15164364,,,,
R191,76k080,34.37361739,131.15183848,,,,
R191,76k120,34.37345511,131.15222752,,,,
R191,76k140,34.37337364,131.1524213,,,,
R191,76k160,34.37329157,131.15261626,,,,
R191,76k180,34.3732096,131.15280998,,,,
R191,76k220,34.37304698,131.1531994,,,,
R191,76k240,34.37296703,131.15339399,,,,
R191,76k260,34.3728912,131.15359043,,,,
R191,76k280,34.37281649,131.15378955,,,,
R191,76k320,34.37267192,131.15418772,,,,
R191,76k340,34.37259979,131.15438675,,,,
R191,76k360,34.37252718,131.15458607,,,,
R191,76k380,34.3724617,131.15478828,,,,
R191,76k420,34.37235509,131.15520469,,,,
R191,76k480,34.37223318,131.15583898,,,,
R191,76k560,34.37207082,131.1568815,,,,
R191,76k580,34.37205422,131.15712403,,,,
R191,77k120,34.37143818,131.1625612,,,,
R191,77k140,34.37142587,131.16277642,,,,
R191,77k160,34.37141319,131.16299323,,,,
R191,77k180,34.37140138,131.16321042,,,,
R191,77k220,34.37137928,131.16364309,,,,
R191,77k240,34.37136852,131.16385856,,,,
R191,77k260,34.37135673,131.16407701,,,,
R191,77k280,34.37134953,131.16429277,,,,
R191,77k320,34.3713563,131.16472794,,,,
R191,77k340,34.3713715,131.16494335,,,,
R191,77k360,34.37139439,131.16515897,,,,
R191,77k380,34.37141871,131.16537268,,,,
R191,77k720,34.37182582,131.1690251,,,,
R191,77k740,34.37184947,131.16924068,,,,
R191,77k760,34.37187307,131.16945612,,,,
R191,77k780,34.37189674,131.16967179,,,,
R191,77k820,34.37194224,131.17010318,,,,
R191,77k840,34.37194919,131.17032036,,,,
R191,77k860,34.37194971,131.17053774,,,,
R191,77k880,34.37193303,131.17075406,,,,
R191,77k920,34.37181946,131.1711671,,,,
R191,77k940,34.37173837,131.17136119,,,,
R191,77k960,34.37164259,131.17154544,,,,
R191,78k320,34.36980789,131.1747949,,,,
R191,78k340,34.36970917,131.17497704,,,,
R191,78k360,34.36962102,131.17516602,,,,
R191,78k380,34.36954283,131.17536248,,,,
R191,78k420,34.36941442,131.17579942,,,,
R191,78k440,34.36937237,131.17601385,,,,
R191,78k460,34.36934063,131.17622696,,,,
R191,78k480,34.36931094,131.1764404,,,,
R191,78k520,34.36925355,131.17684217,,,,
R191,78k540,34.3692235,131.17705691,,,,
R191,78k560,34.36919334,131.17727224,,,,
R191,78k580,34.36916334,131.17748722,,,,
R191,78k620,34.36909858,131.17791154,,,,
R191,78k640,34.36906774,131.17812462,,,,
R191,78k660,34.36903687,131.17833794,,,,
R191,78k680,34.36900675,131.17855141,,,,
R191,78k720,34.36894418,131.17898253,,,,
R191,78k740,34.36891356,131.17919543,,,,
R191,78k760,34.36888292,131.17941113,,,,
R191,78k780,34.3688523,131.17962543,,,,
R191,78k820,34.36879218,131.18005146,,,,
R191,78k840,34.36876155,131.18026574,,,,
R191,78k860,34.36873045,131.18048065,,,,
R191,78k880,34.36870155,131.18069506,,,,
R191,78k920,34.36867101,131.1811306,,,,
R191,78k940,34.36867308,131.18134861,,,,
R191,78k960,34.36869018,131.18156674,,,,
R191,78k980,34.36872158,131.18177887,,,,
R191,79k120,34.36931763,131.18311062,,,,
R191,79k140,34.36944292,131.18326693,,,,
R191,79k160,34.36957062,131.18342053,,,,
R191,79k180,34.36969811,131.18357428,,,,
R191,79k220,34.36996516,131.18389501,,,,
R191,79k240,34.37009214,131.18404974,,,,
R191,79k260,34.37021817,131.18420334,,,,
R191,79k280,34.37034865,131.18435677,,,,
R191,79k520,34.37185941,131.18618049,,,,
R191,79k540,34.37198583,131.18633556,,,,
R191,79k560,34.37211496,131.18649127,,,,
R191,79k580,34.37224126,131.18664292,,,,
R191,79k620,34.37249587,131.18695029,,,,
R191,79k640,34.37262344,131.18710478,,,,
R191,79k660,34.37275021,131.18725929,,,,
R191,79k680,34.37287785,131.18741354,,,,
R191,79k720,34.37312572,131.18771213,,,,
R191,79k740,34.37325362,131.18786638,,,,
R191,79k760,34.37338154,131.18802162,,,,
R191,79k780,34.37350836,131.18817489,,,,
R191,79k820,34.37376546,131.18848184,,,,
R191,79k840,34.37389289,131.18863805,,,,
R191,79k920,34.37433633,131.18924656,,,,
R191,79k940,34.37443642,131.18942652,,,,
R191,79k960,34.37452733,131.18961529,,,,
R191,79k980,34.37460764,131.18981188,,,,
R191,80k120,34.37493057,131.19134093,,,,
R191,80k140,34.37496522,131.19155601,,,,
R191,80k220,34.37509308,131.19235057,,,,
R191,80k240,34.37512668,131.19256401,,,,
R191,80k260,34.37515998,131.19277917,,,,
R191,80k280,34.37519328,131.19299316,,,,
R191,80k320,34.37525782,131.19340167,,,,
R191,80k340,34.37529171,131.19361457,,,,
R191,80k360,34.3753261,131.19382807,,,,
R191,80k520,34.37561167,131.19562146,,,,
R191,80k540,34.37564541,131.19583636,,,,
R191,80k560,34.37568005,131.19605069,,,,
R191,80k580,34.37571441,131.19626598,,,,
R191,80k620,34.37577902,131.19667491,,,,
R191,80k640,34.37581385,131.19689104,,,,
R191,80k660,34.37584678,131.19710563,,,,
R191,80k680,34.37587581,131.19731967,,,,
R191,80k720,34.37592914,131.19775898,,,,
R191,80k740,34.37595365,131.197974,,,,
R191,80k760,34.37597851,131.19818873,,,,
R191,80k780,34.37600307,131.19840258,,,,
R191,80k820,34.37605212,131.19882679,,,,
R191,80k840,34.37607673,131.19904109,,,,
R191,80k860,34.37610162,131.19925605,,,,
R191,80k880,34.37612694,131.19947139,,,,
R191,81k020,34.37618652,131.20097381,,,,
R191,81k040,34.3761577,131.2011885,,,,
R191,81k060,34.3761172,131.20140019,,,,
R191,81k080,34.37606573,131.2016086,,,,
R191,81k120,34.37593219,131.20201556,,,,
R191,81k140,34.37585267,131.20221066,,,,
R191,81k160,34.37576554,131.20240102,,,,
R191,81k180,34.37567126,131.20258644,,,,
R191,81k220,34.37547262,131.20292467,,,,
R191,81k240,34.37535905,131.20309349,,,,
R191,81k260,34.37523905,131.20325575,,,,
R191,81k280,34.37511314,131.20341126,,,,
R191,81k320,34.37485222,131.20369365,,,,
R191,81k340,34.37471107,131.20382899,,,,
R191,81k360,34.37456769,131.20396082,,,,
R191,81k380,34.37442345,131.20409142,,,,
R191,81k420,34.37415515,131.20433431,,,,
R191,81k440,34.37401245,131.20446727,,,,
R191,81k460,34.37387382,131.2046064,,,,
R191,81k480,34.37374233,131.20475512,,,,
R191,81k540,34.37339473,131.2052696,,,,
R191,81k560,34.3732968,131.20545221,,,,
R191,81k640,34.37289887,131.20618006,,,,
R191,81k660,34.37278316,131.20634583,,,,
R191,81k680,34.37265903,131.20650136,,,,
R191,81k720,34.37239112,131.20679254,,,,
R191,81k740,34.37225488,131.20693467,,,,
R191,81k780,34.37198136,131.20721786,,,,
R191,81k920,34.37102632,131.20821109,,,,
R191,81k940,34.37089074,131.20835643,,,,
R191,81k960,34.37076052,131.20850597,,,,
R191,81k980,34.37063325,131.20866015,,,,
R191,82k020,34.37039534,131.20898684,,,,
R191,82k040,34.37028473,131.20915835,,,,
R191,82k060,34.37018022,131.2093343,,,,
R191,82k080,34.37008099,131.20951867,,,,
R191,82k140,34.36981314,131.21008682,,,,
R191,82k160,34.36972968,131.21027981,,,,
R191,82k520,34.3682239,131.2137447,,,,
R191,82k540,34.36814075,131.21393711,,,,
R191,82k560,34.36805685,131.21413116,,,,
R191,82k580,34.36797435,131.2143231,,,,
R191,82k720,34.36738795,131.21566861,,,,
R191,82k760,34.36721402,131.21604863,,,,
R191,82k780,34.36712563,131.21623771,,,,
R191,82k820,34.36694404,131.21661842,,,,
R191,82k840,34.3668523,131.2168054,,,,
R191,82k860,34.36675946,131.21699186,,,,
R191,82k880,34.36666537,131.21717845,,,,
R191,82k920,34.36647553,131.21754876,,,,
R191,82k940,34.36637969,131.21772997,,,,
R191,82k960,34.36628215,131.21791424,,,,
R191,82k980,34.36618514,131.21809728,,,,
R191,83k020,34.36599115,131.21846475,,,,
R191,83k040,34.36589504,131.21864847,,,,
R191,83k060,34.36579807,131.21883155,,,,
R191,83k080,34.36570069,131.21901485,,,,
R191,83k120,34.36550589,131.21938128,,,,
R191,83k160,34.36531205,131.21974773,,,,
R191,83k180,34.36521475,131.21993082,,,,
R191,83k220,34.36502028,131.22029762,,,,
R191,83k240,34.36492316,131.22048166,,,,
R191,83k260,34.36482584,131.22066608,,,,
R191,83k280,34.36472982,131.22084931,,,,
R191,83k320,34.36454533,131.22122073,,,,
R191,83k360,34.36437355,131.22160577,,,,
R191,83k380,34.36429828,131.22180196,,,,
R191,83k440,34.36409494,131.22247088,,,,
R191,83k520,34.36395572,131.22325681,,,,
R191,83k540,34.3639354,131.22347426,,,,
R191,83k560,34.36392137,131.22368861,,,,
R191,83k580,34.36391568,131.22390713,,,,
R191,83k620,34.36392289,131.22434175,,,,
R191,83k640,34.3639315,131.22456106,,,,
R191,83k660,34.36394267,131.2247757,,,,
R191,83k680,34.36395638,131.22499415,,,,
R191,83k720,34.36398323,131.22542883,,,,
R191,83k740,34.36399703,131.22564425,,,,
R191,83k760,34.36401131,131.22586136,,,,
R191,83k780,34.36402508,131.22607968,,,,
R191,83k820,34.36405367,131.22651101,,,,
R191,83k840,34.36406758,131.22672839,,,,
R191,83k860,34.3640812,131.22694406,,,,
R191,83k880,34.36409213,131.22716274,,,,
R191,83k920,34.36410885,131.22759731,,,,
R191,83k940,34.36411596,131.22780987,,,,
R191,83k960,34.3641212,131.22802927,,,,
R191,83k980,34.36412317,131.2282485,,,,
R191,84k060,34.36411621,131.22911443,,,,
R191,84k080,34.364109,131.2293324,,,,
R191,84k120,34.36409015,131.229769,,,,
R191,84k140,34.36407874,131.22998695,,,,
R191,84k160,34.36406483,131.23020543,,,,
R191,84k180,34.36404964,131.23042221,,,,
R191,84k220,34.36401749,131.23085729,,,,
R191,84k240,34.36400166,131.23107566,,,,
R191,84k260,34.36398663,131.23129337,,,,
R191,84k280,34.36397122,131.23151073,,,,
R191,84k320,34.36394291,131.23194329,,,,
R191,84k340,34.36392794,131.2321586,,,,
R191,84k360,34.3639127,131.2323755,,,,
R191,84k380,34.36389777,131.23259324,,,,
R191,84k420,34.36386742,131.2330259,,,,
R191,84k440,34.36385185,131.23324045,,,,
R191,84k460,34.36383612,131.23345869,,,,
R191,84k480,34.36382037,131.23367589,,,,
R191,84k680,34.36366766,131.23582116,,,,
R191,84k720,34.36364058,131.2362601,,,,
R191,84k740,34.36362469,131.2364812,,,,
R191,84k760,34.3636088,131.23670255,,,,
R191,84k780,34.36359235,131.23692359,,,,
R191,84k820,34.36355916,131.2373668,,,,
R191,84k920,34.36347348,131.23848873,,,,
R191,84k940,34.36345552,131.23870509,,,,
R191,84k960,34.36343742,131.23892075,,,,
R191,85k020,34.36338332,131.23951987,,,,
R191,85k040,34.36336398,131.23973446,,,,
R191,85k080,34.36332388,131.24016899,,,,
R191,85k120,34.36328091,131.2406011,,,,
R191,85k140,34.36325924,131.24081585,,,,
R191,85k160,34.36323702,131.24103263,,,,
R191,85k180,34.36321496,131.24124989,,,,
R191,85k260,34.36312166,131.24211482,,,,
R191,85k280,34.36309835,131.24232978,,,,
R191,85k320,34.36305056,131.2427619,,,,
R191,85k340,34.36302676,131.24297701,,,,
R191,85k360,34.36300327,131.24319035,,,,
R191,85k380,34.36297916,131.24340822,,,,
R191,85k440,34.36291276,131.24405407,,,,
R191,85k460,34.3628962,131.24427201,,,,
R191,85k480,34.36288439,131.24448838,,,,
R191,85k520,34.36286841,131.24492413,,,,
R191,85k560,34.36286879,131.24535835,,,,
R191,85k580,34.36287427,131.24557435,,,,
R191,85k620,34.36289394,131.24600882,,,,
R191,85k640,34.36290681,131.24622323,,,,
R191,85k660,34.36291902,131.24643998,,,,
R191,85k680,34.36293176,131.24665579,,,,
R191,85k720,34.36295426,131.24708963,,,,
R191,85k740,34.36296626,131.24730594,,,,
R191,85k760,34.36297472,131.24752475,,,,
R191,85k780,34.36297958,131.24773964,,,,
R191,85k820,34.36297771,131.24816381,,,,
R191,85k840,34.3629666,131.24838024,,,,
R191,85k860,34.36295145,131.24859946,,,,
R191,85k880,34.36293267,131.24881599,,,,
R191,85k920,34.36288082,131.24925036,,,,
R191,85k940,34.36285309,131.24946377,,,,
R191,85k960,34.36282485,131.24968105,,,,
R191,85k980,34.36279801,131.24989526,,,,
R191,86k020,34.36275085,131.25032856,,,,
R191,86k040,34.36273628,131.25054507,,,,
R191,86k060,34.36272655,131.25076099,,,,
R191,86k080,34.36272158,131.25097975,,,,
R191,86k120,34.36272735,131.25141489,,,,
R191,86k140,34.36274051,131.25163064,,,,
R191,86k160,34.36276198,131.25184639,,,,
R191,86k180,34.3627858,131.25206244,,,,
R191,86k220,34.3628467,131.25249094,,,,
R191,86k240,34.36288123,131.25270456,,,,
R191,86k280,34.36295062,131.25313154,,,,
R191,86k420,34.36300481,131.25465102,,,,
R191,86k440,34.36298103,131.25486357,,,,
R191,86k460,34.36295499,131.25507915,,,,
R191,86k540,34.36288955,131.25594178,,,,
R191,86k720,34.36303374,131.25783755,,,,
R191,86k740,34.36305265,131.25805518,,,,
R191,86k820,34.36313523,131.25898362,,,,
R191,86k840,34.36315395,131.25919712,,,,
R191,86k860,34.36317331,131.25941145,,,,
R191,86k880,34.36319275,131.25962648,,,,
R191,86k940,34.36325118,131.26028137,,,,
R191,86k960,34.36327047,131.2604949,,,,
R191,87k020,34.36332705,131.26113658,,,,
R191,87k040,34.36334656,131.26135406,,,,
R191,87k060,34.3633662,131.26157092,,,,
R191,87k080,34.36338395,131.26178768,,,,
R191,87k180,34.36315481,131.26282092,,,,
R191,87k220,34.36292772,131.26316106,,,,
R191,87k240,34.36280871,131.26332118,,,,
R191,87k260,34.36268769,131.2634834,,,,
R191,87k280,34.36257892,131.26362925,,,,
R191,87k320,34.36233575,131.26395496,,,,
R191,87k340,34.36221514,131.26411682,,,,
R191,87k360,34.36210029,131.26428362,,,,
R191,87k380,34.36199082,131.26445853,,,,
R191,87k420,34.36178849,131.26482864,,,,
R191,87k440,34.36169041,131.26500918,,,,
R191,87k460,34.36158662,131.26518468,,,,
R191,87k480,34.36147489,131.26535489,,,,
R191,87k520,34.36123518,131.26567889,,,,
R191,87k540,34.36112259,131.26584373,,,,
R191,87k560,34.36101303,131.26601619,,,,
R191,87k580,34.36091304,131.26619371,,,,
R191,87k620,34.36073357,131.26657818,,,,
R191,87k640,34.36065424,131.26677499,,,,
R191,87k660,34.36057625,131.26697054,,,,
R191,87k680,34.36049785,131.26716661,,,,
R191,87k720,34.3603478,131.26755982,,,,
R191,87k740,34.36027515,131.26775896,,,,
R191,87k760,34.36020371,131.26795773,,,,
R191,87k780,34.36013312,131.26815701,,,,
R191,87k820,34.35999028,131.26855818,,,,
R191,87k840,34.35991886,131.26876118,,,,
R191,87k860,34.35984722,131.26896388,,,,
R191,87k880,34.35977529,131.26916793,,,,
R191,87k920,34.35963401,131.26957052,,,,
R191,87k940,34.35956419,131.26977025,,,,
R191,87k960,34.35949471,131.26996965,,,,
R191,87k980,34.359425,131.27016906,,,,
R191,88k020,34.35928496,131.27056792,,,,
R191,88k040,34.3592144,131.27076802,,,,
R191,88k060,34.35914482,131.27096587,,,,
R191,88k080,34.35907558,131.27116514,,,,
R191,88k120,34.35893528,131.27156176,,,,
R191,88k140,34.35886549,131.27176025,,,,
R191,88k160,34.35879551,131.27195865,,,,
R191,88k180,34.35872573,131.27215889,,,,
R191,88k220,34.35858396,131.27255169,,,,
R191,88k320,34.35828954,131.27355487,,,,
R191,88k340,34.35826916,131.27377154,,,,
R191,88k520,34.35822169,131.27558184,,,,
R191,88k540,34.35816122,131.27578648,,,,
R191,88k560,34.35809613,131.27598901,,,,
R191,88k580,34.35802996,131.27619031,,,,
R191,88k820,34.35716134,131.27871091,,,,
R191,88k860,34.35698882,131.27909582,,,,
R191,88k880,34.35690293,131.27928605,,,,
R191,88k920,34.35672327,131.27968524,,,,
R191,88k940,34.35663851,131.27987782,,,,
R191,88k960,34.35656364,131.2800747,,,,
R191,89k020,34.35640171,131.28068105,,,,
R191,89k040,34.35634975,131.28088927,,,,
R191,89k060,34.35629767,131.28109722,,,,
R191,89k080,34.35624533,131.28130678,,,,
R191,89k120,34.35616483,131.28172828,,,,
R191,89k140,34.35614014,131.28194114,,,,
R191,89k160,34.35611625,131.28215999,,,,
R191,89k180,34.3560935,131.2823732,,,,
R191,89k220,34.35604338,131.28280467,,,,
R191,89k240,34.35602484,131.28302137,,,,
R191,89k260,34.35601621,131.28323768,,,,
R191,89k280,34.35601771,131.28345546,,,,
R191,89k320,34.35604938,131.28389609,,,,
R191,89k340,34.35608023,131.28411053,,,,
R191,89k380,34.35616268,131.28453317,,,,
R191,89k420,34.35623197,131.28496055,,,,
R191,89k440,34.35622814,131.28517858,,,,
R191,89k460,34.35620037,131.28539178,,,,
R191,89k480,34.35616948,131.28560602,,,,
R191,89k520,34.35606545,131.28601174,,,,
R191,89k580,34.35578847,131.28656372,,,,
R191,89k720,34.35481157,131.28754453,,,,
R191,89k740,34.35468336,131.28769603,,,,
R191,89k760,34.35456709,131.28786356,,,,
R191,89k780,34.35446421,131.28804245,,,,
R191,89k820,34.35429524,131.28844776,,,,
R191,89k840,34.35423502,131.28865483,,,,
R191,89k860,34.35419255,131.28886548,,,,
R191,89k880,34.35416734,131.28908106,,,,
R191,89k920,34.35412773,131.28949764,,,,
R191,89k940,34.35410761,131.28971498,,,,
R191,89k960,34.35408507,131.28993076,,,,
R191,89k980,34.35406866,131.29015067,,,,
R191,90k260,34.35331983,131.2930448,,,,
R191,90k280,34.35323672,131.29323711,,,,
R191,90k320,34.35308319,131.29360061,,,,
R191,90k340,34.35299952,131.29379295,,,,
R191,90k360,34.35291659,131.29398656,,,,
R191,90k380,34.35283316,131.29418035,,,,
R191,90k420,34.35266275,131.29457635,,,,
R191,90k440,34.35257966,131.2947688,,,,
R191,90k460,34.35249555,131.29496166,,,,
R191,90k480,34.35241255,131.29515392,,,,
R191,90k520,34.3522501,131.29553001,,,,
R191,90k540,34.35216667,131.29572329,,,,
R191,90k560,34.35208426,131.29591616,,,,
R191,90k580,34.35199979,131.29610983,,,,
R191,90k620,34.35184078,131.2965011,,,,
R191,90k640,34.3517627,131.2966979,,,,
R191,90k660,34.35168603,131.29689319,,,,
R191,90k680,34.35160893,131.29709128,,,,
R191,90k720,34.35145782,131.29748205,,,,
R191,90k740,34.35138086,131.2976792,,,,
R191,90k760,34.35130369,131.2978775,,,,
R191,90k780,34.35122847,131.29807283,,,,
R191,90k860,34.35091528,131.29889513,,,,
R191,90k880,34.3508463,131.29909614,,,,
R191,90k920,34.35073169,131.29946818,,,,
R191,90k940,34.35067275,131.29967413,,,,
R191,90k960,34.35061855,131.29987874,,,,
R191,90k980,34.35056666,131.3000869,,,,
R191,91k020,34.35046367,131.30050752,,,,
R191,91k040,34.35041243,131.30071617,,,,
R191,91k060,34.35036105,131.30092526,,,,
R191,91k080,34.35030911,131.30113461,,,,
R191,91k120,34.35020456,131.30155887,,,,
R191,91k180,34.35011449,131.30219964,,,,
R191,91k220,34.35017982,131.30262069,,,,
R191,91k240,34.35022485,131.30282948,,,,
R191,91k260,34.35027161,131.30304044,,,,
R191,91k280,34.35032499,131.30324777,,,,
R191,91k320,34.35044976,131.30365663,,,,
R191,91k340,34.35052392,131.30385662,,,,
R191,91k360,34.35059808,131.30405315,,,,
R191,91k380,34.35067246,131.30425029,,,,
R191,91k420,34.35082259,131.3046482,,,,
R191,91k440,34.35089667,131.30484454,,,,
R191,91k460,34.35097185,131.30504379,,,,
R191,91k480,34.35104679,131.30524242,,,,
R191,91k520,34.35119862,131.30563946,,,,
R191,91k540,34.35127113,131.30583514,,,,
R191,91k560,34.3513581,131.30602542,,,,
R191,91k580,34.35146077,131.30620406,,,,
R191,91k620,34.3517098,131.30651846,,,,
R191,91k640,34.3518529,131.30665044,,,,
R191,91k660,34.35200702,131.30676549,,,,
R191,91k680,34.35218788,131.30687521,,,,
R191,91k720,34.35251124,131.30706898,,,,
R191,91k740,34.35267379,131.30716535,,,,
R191,91k760,34.35283455,131.30726069,,,,
R191,91k780,34.35299549,131.30736101,,,,
R191,91k820,34.35327407,131.30758797,,,,
R191,91k840,34.35341122,131.30772771,,,,
R191,91k860,34.3535495,131.30786665,,,,
R191,91k880,34.35368791,131.30800731,,,,
R191,91k960,34.35409571,131.30871297,,,,
R191,91k980,34.3541509,131.30892187,,,,
R191,92k020,34.35425936,131.30933783,,,,
R191,92k040,34.35431357,131.30954409,,,,
R191,92k060,34.35436827,131.30975193,,,,
R191,92k420,34.35621688,131.31288374,,,,
R191,92k440,34.35627919,131.31308757,,,,
R191,92k460,34.35634894,131.31328568,,,,
R191,92k480,34.3564279,131.31348008,,,,
R191,92k520,34.35660387,131.31384468,,,,
R191,92k540,34.35669884,131.31402978,,,,
R191,92k560,34.35679337,131.31421334,,,,
R191,92k580,34.35688794,131.3143966,,,,
R191,92k620,34.35708239,131.31477213,,,,
R191,93k040,34.35462852,131.31650423,,,,
R191,93k080,34.35427068,131.31657145,,,,
R191,93k140,34.35378652,131.31685958,,,,
R191,93k160,34.35364308,131.31699219,,,,
R191,93k180,34.35350578,131.31713409,,,,
R191,93k220,34.35324406,131.31743464,,,,
R191,93k260,34.3529825,131.31773945,,,,
R191,93k280,34.35285249,131.31789245,,,,
R191,93k340,34.3525183,131.3183918,,,,
R191,93k360,34.35243035,131.31858052,,,,
R191,93k380,34.35235379,131.31877589,,,,
R191,93k420,34.35220956,131.31917293,,,,
R191,93k440,34.35215317,131.31937829,,,,
R191,93k480,34.35208586,131.31980079,,,,
R191,93k520,34.35207296,131.32024096,,,,
R191,93k540,34.35207006,131.32045684,,,,
R191,93k920,34.3519047,131.32339901,,,,
R191,93k940,34.35205971,131.32351243,,,,
R191,93k960,34.35221299,131.32362528,,,,
R191,93k980,34.35236616,131.32373811,,,,
R191,94k020,34.35267563,131.32396415,,,,
R191,94k040,34.35283048,131.32407641,,,,
R191,94k060,34.35298386,131.32418795,,,,
R191,94k080,34.35313734,131.3243001,,,,
R191,94k120,34.35345032,131.32451003,,,,
R191,94k140,34.35361836,131.32458497,,,,
R191,94k160,34.35379299,131.32463614,,,,
R191,94k180,34.35397015,131.32467598,,,,
R191,94k260,34.35469903,131.32474944,,,,
R191,94k280,34.35487219,131.32468945,,,,
R191,94k340,34.35538757,131.32450759,,,,
R191,94k360,34.35556327,131.32446249,,,,
R191,94k380,34.35574082,131.32442682,,,,
R191,94k480,34.35660626,131.32415757,,,,
R191,94k920,34.35977739,131.32178929,,,,
R191,94k940,34.35993174,131.32189848,,,,
R191,94k960,34.3600854,131.32201159,,,,
R191,94k980,34.36023843,131.32212824,,,,
R191,95k140,34.36134823,131.32319756,,,,
R191,95k160,34.36144554,131.32337865,,,,
R191,95k180,34.36154363,131.32356119,,,,
R191,95k220,34.3617409,131.32392833,,,,
R191,95k260,34.3619441,131.32428778,,,,
R191,95k280,34.36206414,131.32445084,,,,
R191,95k340,34.36247822,131.32486208,,,,
R191,95k420,34.36314809,131.32516995,,,,
R191,95k920,34.36562378,131.32925966,,,,
R191,95k940,34.36566402,131.3294712,,,,
R191,95k960,34.36572279,131.32967535,,,,
R191,95k980,34.36578344,131.32987666,,,,
R191,96k020,34.36590635,131.33028186,,,,
R191,96k040,34.36596964,131.33048805,,,,
R191,96k060,34.36603238,131.33069316,,,,
R191,96k160,34.36593127,131.33170509,,,,
R191,96k380,34.36663712,131.33360456,,,,
R191,96k480,34.36692922,131.33461238,,,,
R191,96k520,34.36718642,131.33490261,,,,
R191,96k540,34.36733416,131.33502985,,,,
R191,96k560,34.36747997,131.33515524,,,,
R191,96k580,34.3676272,131.33527939,,,,
R191,96k620,34.36792856,131.33553712,,,,
R191,96k640,34.3680757,131.3356609,,,,
R191,96k660,34.36822281,131.33578634,,,,
R191,96k680,34.36836857,131.33591008,,,,
R191,96k720,34.3686533,131.33615159,,,,
R191,96k740,34.36880069,131.33627614,,,,
R191,96k760,34.36894793,131.33640057,,,,
R191,96k780,34.36909609,131.3365266,,,,
R191,96k820,34.36937654,131.33677996,,,,
R191,96k840,34.36951373,131.33692036,,,,
R191,96k860,34.36964491,131.33706839,,,,
R191,96k880,34.36977113,131.33722454,,,,
R191,96k920,34.37001103,131.33756487,,,,
R191,96k940,34.37011934,131.33773808,,,,
R191,96k980,34.37032023,131.33809769,,,,
R191,97k020,34.37051964,131.33846105,,,,
R191,97k040,34.37061823,131.33864224,,,,
R191,97k060,34.37072064,131.33882172,,,,
R191,97k080,34.37083698,131.33898507,,,,
R191,97k220,34.37198567,131.33936176,,,,
R191,97k260,34.37221308,131.33969658,,,,
R191,97k280,34.37232438,131.33986787,,,,
R191,97k320,34.37254597,131.34020678,,,,
R191,97k360,34.37283258,131.34046886,,,,
R191,97k380,34.37298306,131.3405911,,,,
R191,97k420,34.37328103,131.34083488,,,,
R191,97k440,34.37342942,131.34095441,,,,
R191,97k460,34.37357947,131.34107709,,,,
R191,97k480,34.37372965,131.34119902,,,,
R191,97k520,34.37400472,131.34147224,,,,
R191,97k560,34.37422485,131.34181724,,,,
R191,97k580,34.37433508,131.34199178,,,,
R191,97k620,34.37460609,131.34226664,,,,
R191,97k820,34.37632066,131.34208922,,,,
R191,97k840,34.37650121,131.34209563,,,,
R191,98k020,34.37774486,131.343221,,,,
R191,98k040,34.37788001,131.34336405,,,,
R191,98k060,34.37801536,131.3435068,,,,
R191,98k140,34.37854796,131.34414329,,,,
R191,98k240,34.37891393,131.34519426,,,,
R191,98k420,34.37841819,131.34665922,,,,
R191,98k520,34.37921727,131.34712799,,,,
R191,98k540,34.37939645,131.34710909,,,,
R191,98k560,34.37957553,131.34709045,,,,
R191,98k580,34.37975565,131.34707337,,,,
R191,98k620,34.3801063,131.34714808,,,,
R191,98k640,34.38026693,131.34724714,,,,
R191,98k720,34.38070011,131.34792029,,,,
R191,98k740,34.38078423,131.34811158,,,,
R191,98k760,34.38086982,131.34830434,,,,
R191,98k780,34.38095468,131.34849616,,,,
R191,98k820,34.38112177,131.34887785,,,,
R191,98k840,34.38120902,131.34906688,,,,
R191,98k860,34.38130329,131.34925292,,,,
R191,98k880,34.3814047,131.34943318,,,,
R191,98k920,34.38162411,131.34977241,,,,
R191,98k940,34.38173851,131.34994085,,,,
R191,98k960,34.38185247,131.35010884,,,,
R191,99k020,34.38222218,131.3506615,,,,
R191,99k040,34.38233441,131.35082976,,,,
R191,99k060,34.38244832,131.35099776,,,,
R191,99k080,34.38256052,131.35116768,,,,
R191,99k120,34.38276449,131.35152285,,,,
R191,99k140,34.38285597,131.35170971,,,,
R191,99k160,34.38294521,131.35189835,,,,
R191,99k180,34.38303467,131.35208652,,,,
R191,99k220,34.3832118,131.35245826,,,,
R191,99k240,34.38330152,131.35264568,,,,
R191,99k260,34.38339182,131.35283458,,,,
R191,99k320,34.38366557,131.35340443,,,,
R191,99k340,34.3837553,131.35359268,,,,
R191,99k380,34.38393472,131.35397097,,,,
R191,99k420,34.38409574,131.35436329,,,,
R191,99k440,34.38416573,131.35456227,,,,
R191,99k460,34.38422975,131.3547644,,,,
R191,99k480,34.38428969,131.35497001,,,,
R191,99k680,34.38551937,131.35622555,,,,
R191,99k780,34.38632067,131.35664029,,,,
R191,99k860,34.38685737,131.35720828,,,,
R191,99k880,34.38699319,131.35735328,,,,
R191,100k020,34.38793909,131.35834795,,,,
R191,100k040,34.38807376,131.3584923,,,,
R191,100k060,34.38820751,131.35863914,,,,
R191,100k080,34.38833286,131.3587954,,,,
R191,100k220,34.38896731,131.36010017,,,,
R191,100k240,34.38902881,131.3603042,,,,
R191,100k260,34.3890911,131.36050812,,,,
R191,100k280,34.38915224,131.3607123,,,,
R191,100k320,34.38927531,131.36112057,,,,
R191,100k340,34.38933682,131.36132532,,,,
R191,100k360,34.38939788,131.36152856,,,,
R191,100k380,34.38945938,131.36173258,,,,
R191,100k420,34.38958262,131.36213808,,,,
R191,100k440,34.38964525,131.36234112,,,,
R191,100k460,34.38970785,131.36254612,,,,
R191,100k480,34.38976956,131.36274884,,,,
R191,100k520,34.38989512,131.36316507,,,,
R191,100k540,34.38995652,131.36337011,,,,
R191,100k560,34.39001847,131.363572,,,,
R191,100k580,34.39007484,131.36377905,,,,
R191,100k620,34.39009318,131.36420203,,,,
R191,100k640,34.39005085,131.36441356,,,,
R191,100k680,34.38988028,131.36479412,,,,
R191,100k820,34.38923378,131.3660974,,,,
R191,100k840,34.38919512,131.36631118,,,,
R191,100k860,34.38918811,131.36652847,,,,
R191,100k880,34.38918172,131.36674557,,,,
R191,101k120,34.38848438,131.36911531,,,,
R191,101k140,34.38842948,131.36932135,,,,
R191,101k160,34.38838059,131.36953123,,,,
R191,101k180,34.38833149,131.36973918,,,,
R191,101k220,34.38823651,131.37015805,,,,
R191,101k280,34.38812402,131.37079478,,,,
R191,101k360,34.38813719,131.37164865,,,,
R191,101k720,34.39098711,131.37206025,,,,
R191,101k740,34.39116673,131.37204306,,,,
R191,101k820,34.39183896,131.37203139,,,,
R191,101k920,34.39274486,131.37228656,,,,
R191,101k940,34.39289945,131.3723978,,,,
R191,101k960,34.393052,131.37251156,,,,
R191,101k980,34.39320443,131.37262693,,,,
R191,105k560,34.40861486,131.40392751,,,,
R191,118k980,34.52742024,131.49252255,,,,
R191,129k980,34.58981496,131.57325869,,,,
R191,145k620,34.66521916,131.68755133,,,,
R191,145k640,34.66527962,131.68775694,,,,
R191,145k660,34.66534219,131.68796158,,,,
R191,145k680,34.66540846,131.68816449,,,,
R191,145k720,34.66555818,131.68856142,,,,
R191,145k740,34.6656427,131.68875416,,,,
R191,145k760,34.66573353,131.68894268,,,,
R191,145k780,34.66583013,131.68912693,,,,
R191,145k820,34.66603468,131.68948632,,,,
R191,145k840,34.6661396,131.68966374,,,,
R191,145k860,34.66624468,131.68984109,,,,
R191,145k880,34.66634977,131.69001843,,,,
R191,111-1k500,34.45166641,131.41766151,,,,
R9,511k700,34.58204449,131.7936291,,,,
R9,511k800,34.58127487,131.79419507,,,,
R9,511k940,34.58011553,131.79486649,,,,
R9,512k000,34.57961404,131.79515589,,,,
R9,512k100,34.57880371,131.79562659,,,,
R9,512k200,34.57799151,131.79609509,,,,
R9,512k300,34.57716089,131.7965124,,,,
R9,513k500,34.56758678,131.79362095,,,,
R9,513k520,34.56745393,131.793768,,,,
R9,513k540,34.56732311,131.79391701,,,,
R9,513k560,34.56719243,131.79406853,,,,
R9,513k580,34.5670626,131.7942188,,,,
R9,513k600,34.56693249,131.79437084,,,,
R9,513k620,34.56680254,131.79452198,,,,
R9,513k640,34.56667216,131.79467337,,,,
R9,513k660,34.5665429,131.7948238,,,,
R9,513k680,34.56641335,131.7949744,,,,
R9,513k700,34.56628288,131.79512597,,,,
R9,513k720,34.56615257,131.79527723,,,,
R9,513k740,34.56602319,131.79542756,,,,
R9,513k760,34.56589536,131.79558103,,,,
R9,513k780,34.56576905,131.79573739,,,,
R9,513k800,34.5656461,131.79589546,,,,
R9,514k100,34.56327932,131.7973463,,,,
R9,514k120,34.56310966,131.79742016,,,,
R9,514k140,34.56294117,131.79749814,,,,
R9,514k160,34.5627742,131.79757828,,,,
R9,514k180,34.56260729,131.79765928,,,,
R9,514k200,34.56243928,131.79773991,,,,
R9,514k220,34.56227004,131.79781795,,,,
R9,514k240,34.56209962,131.79788816,,,,
R9,514k260,34.56192689,131.79795123,,,,
R9,514k280,34.56175222,131.7980043,,,,
R9,514k300,34.56157627,131.79805176,,,,
R9,514k320,34.56140047,131.79809986,,,,
R9,514k340,34.56122594,131.7981506,,,,
R9,514k360,34.56105195,131.79821037,,,,
R9,514k380,34.56088214,131.79827762,,,,
R9,514k400,34.56070893,131.79835272,,,,
R9,514k420,34.56054135,131.79844223,,,,
R9,514k440,34.5603775,131.79853368,,,,
R9,514k460,34.56021134,131.79862025,,,,
R9,514k480,34.56004057,131.79870028,,,,
R9,514k500,34.55986444,131.79877623,,,,
R9,514k520,34.55969328,131.79884045,,,,
R9,514k540,34.55951787,131.79889961,,,,
R9,514k560,34.55934301,131.79895733,,,,
R9,514k580,34.55916836,131.79901437,,,,
R9,514k600,34.55899216,131.7990719,,,,
R9,514k620,34.55881588,131.79912856,,,,
R9,514k640,34.55863952,131.79918624,,,,
R9,514k660,34.55846398,131.7992429,,,,
R9,514k680,34.55829043,131.79929844,,,,
R9,514k700,34.55812099,131.79936111,,,,
R9,514k720,34.55795185,131.79943384,,,,
R9,514k740,34.5577858,131.799512,,,,
R9,514k760,34.55762081,131.79960209,,,,
R9,514k780,34.5574599,131.79969293,,,,
R9,514k800,34.55729736,131.79978452,,,,
R9,514k820,34.55713806,131.79988171,,,,
R9,514k840,34.55698116,131.79998616,,,,
R9,514k860,34.55683293,131.80010348,,,,
R9,514k880,34.55669603,131.80024183,,,,
R9,514k900,34.55657082,131.8003938,,,,
R9,514k920,34.5564452,131.80055113,,,,
R9,514k940,34.55629915,131.80067979,,,,
R9,514k960,34.55614987,131.80080139,,,,
R9,514k980,34.55601118,131.80093304,,,,
R9,515k000,34.55587429,131.80107317,,,,
R9,515k320,34.55441352,131.80406085,,,,
R9,515k340,34.55432006,131.80424732,,,,
R9,515k360,34.55422619,131.80442515,,,,
R9,515k380,34.55412591,131.80460646,,,,
R9,515k400,34.55402373,131.8047849,,,,
R9,515k420,34.55391574,131.80496455,,,,
R9,515k440,34.55381238,131.80514187,,,,
R9,515k460,34.5537083,131.80531926,,,,
R9,515k480,34.55360332,131.80549601,,,,
R9,515k500,34.55349874,131.80567497,,,,
R9,515k520,34.55339429,131.80585214,,,,
R9,515k540,34.55328932,131.80602976,,,,
R9,515k560,34.55318499,131.8062074,,,,
R9,515k580,34.55308145,131.80638357,,,,
R9,515k600,34.55297594,131.80656038,,,,
R9,515k620,34.55287122,131.80673775,,,,
R9,515k640,34.55276723,131.80691565,,,,
R9,515k660,34.5526626,131.80709448,,,,
R9,515k680,34.55255726,131.80727251,,,,
R9,515k700,34.55245312,131.80744999,,,,
R9,515k720,34.55234816,131.8076275,,,,
R9,515k740,34.55224447,131.80780481,,,,
R9,515k760,34.5521394,131.80798204,,,,
R9,515k780,34.55203606,131.80815776,,,,
R9,515k800,34.5519309,131.80833505,,,,
R9,515k820,34.55182556,131.80851351,,,,
R9,515k840,34.55172133,131.8086904,,,,
R9,515k860,34.55161615,131.80886681,,,,
R9,515k880,34.5515111,131.80904383,,,,
R9,515k900,34.55140558,131.80922107,,,,
R9,516k240,34.54962587,131.81223993,,,,
R9,516k260,34.549516,131.81241453,,,,
R9,516k280,34.54939963,131.81257939,,,,
R9,516k300,34.54927586,131.81273774,,,,
R9,516k320,34.54914447,131.81288613,,,,
R9,516k340,34.54901059,131.81303205,,,,
R9,516k360,34.5488761,131.81317607,,,,
R9,516k380,34.54874153,131.81332142,,,,
R9,516k400,34.54860582,131.81346675,,,,
R9,516k420,34.54847216,131.81361246,,,,
R9,516k440,34.54833656,131.81375901,,,,
R9,516k460,34.54820286,131.81390273,,,,
R9,516k480,34.54806841,131.81404779,,,,
R9,516k500,34.54793333,131.81419223,,,,
R9,517k400,34.54390661,131.82169376,,,,
R9,517k420,34.5439899,131.8218837,,,,
R9,517k440,34.5440732,131.82207653,,,,
R9,517k460,34.54415953,131.822269,,,,
R9,517k480,34.54425716,131.82244909,,,,
R9,517k500,34.54436957,131.82261612,,,,
R9,517k520,34.54449592,131.82277296,,,,
R9,517k540,34.54462097,131.82292928,,,,
R9,517k560,34.54474586,131.82308068,,,,
R9,517k580,34.54487387,131.82323745,,,,
R9,517k600,34.54500123,131.8233891,,,,
R9,517k620,34.54512643,131.82354521,,,,
R9,517k640,34.54524864,131.82370291,,,,
R9,517k660,34.54537119,131.82386445,,,,
R9,517k680,34.54548937,131.82402618,,,,
R9,517k700,34.5456082,131.82419133,,,,
R9,518k300,34.54925147,131.82792448,,,,
R9,518k320,34.54942151,131.82799726,,,,
R9,518k340,34.54959274,131.82806692,,,,
R9,518k360,34.54976469,131.82813539,,,,
R9,518k380,34.54993824,131.82820194,,,,
R9,518k400,34.5501127,131.82826767,,,,
R9,518k420,34.55028256,131.82833253,,,,
R9,518k440,34.55045539,131.82839809,,,,
R9,518k460,34.55062797,131.82846434,,,,
R9,518k480,34.55079892,131.82853626,,,,
R9,518k500,34.55096662,131.82861688,,,,
R9,518k520,34.55113071,131.82870725,,,,
R9,518k560,34.55143743,131.82893916,,,,
R9,518k600,34.55169271,131.82924037,,,,
R9,518k620,34.55179317,131.82941242,,,,
R9,518k640,34.55188436,131.8296012,,,,
R9,518k660,34.55195436,131.82980076,,,,
R9,518k680,34.55200632,131.83000836,,,,
R9,518k700,34.55204206,131.83022368,,,,
R9,518k720,34.55205721,131.83044148,,,,
R9,518k740,34.55205175,131.83065897,,,,
R9,518k760,34.55202796,131.83087533,,,,
R9,518k780,34.55199099,131.83108916,,,,
R9,518k800,34.55194424,131.83130082,,,,
R9,518k820,34.55189137,131.83150664,,,,
R9,518k840,34.55183261,131.83170925,,,,
R9,518k860,34.55177118,131.83191651,,,,
R9,518k880,34.55171,131.83212318,,,,
R9,518k900,34.55164916,131.83232927,,,,
R9,519k200,34.54932409,131.83339637,,,,
R9,519k280,34.54863845,131.83320701,,,,
R9,519k300,34.5484319,131.83318885,,,,
R9,519k360,34.54791126,131.83327774,,,,
R9,520k100,34.54261367,131.83248854,,,,
R9,520k160,34.54217459,131.83211135,,,,
R9,520k180,34.54200927,131.83202131,,,,
R9,520k200,34.5418421,131.83193832,,,,
R9,520k220,34.54167532,131.83185997,,,,
R9,520k240,34.5415081,131.83178034,,,,
R9,520k260,34.54133738,131.83170414,,,,
R9,520k280,34.54116526,131.83163958,,,,
R9,520k300,34.54099132,131.83158496,,,,
R9,520k320,34.54081589,131.83153349,,,,
R9,520k340,34.54064066,131.83148244,,,,
R9,520k360,34.54046235,131.83143814,,,,
R9,520k380,34.54028227,131.83142029,,,,
R9,520k400,34.54010251,131.83143251,,,,
R9,520k420,34.53992652,131.83147661,,,,
R9,520k440,34.53975657,131.83153672,,,,
R9,520k460,34.53958585,131.83160289,,,,
R9,520k480,34.53941643,131.83166825,,,,
R9,520k500,34.53924574,131.83173624,,,,
R9,520k520,34.53907372,131.83180352,,,,
R9,520k540,34.53890253,131.83187048,,,,
R9,520k560,34.53873165,131.83193774,,,,
R9,520k580,34.53856166,131.83200335,,,,
R9,520k600,34.53839028,131.8320707,,,,
R9,520k620,34.53821787,131.83213688,,,,
R9,520k640,34.53804402,131.83220202,,,,
R9,520k660,34.5378711,131.83225808,,,,
R9,520k700,34.53751452,131.83232664,,,,
R9,521k600,34.52949815,131.83120519,,,,
R9,521k620,34.52931843,131.83118763,,,,
R9,521k640,34.52913868,131.83117009,,,,
R9,521k660,34.52895894,131.83115251,,,,
R9,521k680,34.52877923,131.83113499,,,,
R9,521k700,34.52859983,131.83111357,,,,
R9,521k720,34.5284215,131.8310814,,,,
R9,521k740,34.5282447,131.83103858,,,,
R9,521k760,34.52806999,131.83098515,,,,
R9,521k780,34.52789761,131.8309212,,,,
R9,521k800,34.52772812,131.83084694,,,,
R9,521k820,34.52756102,131.83076511,,,,
R9,521k840,34.52739407,131.83068289,,,,
R9,521k860,34.52722707,131.83060071,,,,
R9,521k880,34.5270601,131.83051845,,,,
R9,521k900,34.52689313,131.83043629,,,,
R9,521k920,34.52672615,131.83035407,,,,
R9,521k940,34.52655916,131.83027181,,,,
R9,521k960,34.52639218,131.83018958,,,,
R9,521k980,34.52622518,131.83010739,,,,
R9,522k000,34.52605821,131.83002517,,,,
R9,522k020,34.52589123,131.82994295,,,,
R9,522k040,34.52572431,131.82986074,,,,
R9,522k060,34.52555734,131.82977849,,,,
R9,522k080,34.52539037,131.82969638,,,,
R9,522k100,34.52522338,131.82961415,,,,
R9,522k120,34.5250564,131.82953191,,,,
R9,522k140,34.5248894,131.82944974,,,,
R9,522k160,34.52472242,131.8293675,,,,
R9,522k180,34.52455545,131.82928528,,,,
R9,522k200,34.52438848,131.82920306,,,,
R9,522k220,34.52422152,131.82912085,,,,
R9,522k240,34.52405457,131.82903869,,,,
R9,522k260,34.52388758,131.82895647,,,,
R9,522k280,34.52372062,131.82887425,,,,
R9,522k300,34.52355364,131.82879201,,,,
R9,522k320,34.52338665,131.82870979,,,,
R9,522k340,34.52321967,131.82862755,,,,
R9,522k360,34.52305266,131.82854541,,,,
R9,522k380,34.52288569,131.82846318,,,,
R9,522k400,34.5227187,131.82838102,,,,
R9,522k420,34.52255177,131.8282988,,,,
R9,522k440,34.52238479,131.82821659,,,,
R9,522k460,34.52221785,131.82813438,,,,
R9,522k480,34.52205084,131.8280522,,,,
R9,522k500,34.52188358,131.82797073,,,,
R9,522k520,34.52171557,131.82789168,,,,
R9,522k540,34.52154683,131.827815,,,,
R9,522k560,34.52137732,131.82774074,,,,
R9,522k580,34.52120747,131.82766744,,,,
R9,522k600,34.52103771,131.82759423,,,,
R9,522k620,34.52086786,131.82752098,,,,
R9,522k640,34.52069809,131.82744778,,,,
R9,522k660,34.52052825,131.82737452,,,,
R9,522k680,34.52035845,131.82730125,,,,
R9,522k700,34.52019168,131.82722937,,,,
R9,522k720,34.52001945,131.82715263,,,,
R9,522k740,34.51985154,131.82707321,,,,
R9,522k760,34.519685,131.82698975,,,,
R9,522k780,34.51951993,131.82690228,,,,
R9,522k800,34.51935847,131.82681213,,,,
R9,524k300,34.50764308,131.8186438,,,,
R9,524k320,34.50750432,131.81850362,,,,
R9,524k340,34.50736571,131.81836431,,,,
R9,524k360,34.50722717,131.81822574,,,,
R9,524k380,34.50708777,131.81808635,,,,
R9,524k400,34.5069502,131.8179479,,,,
R9,524k420,34.50680919,131.8178084,,,,
R9,524k440,34.50666862,131.81767066,,,,
R9,524k460,34.50652607,131.8175426,,,,
R9,524k480,34.50637999,131.81741711,,,,
R9,524k500,34.50623127,131.81729441,,,,
R9,524k520,34.50607712,131.81717597,,,,
R9,524k540,34.505921,131.81706503,,,,
R9,524k560,34.50576166,131.81696014,,,,
R9,524k580,34.50560002,131.81686306,,,,
R9,524k600,34.50543572,131.81676964,,,,
R9,524k620,34.5052712,131.81668264,,,,
R9,524k640,34.50510592,131.81659563,,,,
R9,524k660,34.50494225,131.81650558,,,,
R9,524k680,34.50477932,131.81641402,,,,
R9,524k700,34.50461767,131.81632113,,,,
R9,524k720,34.50445583,131.81622533,,,,
R9,524k740,34.50429709,131.81612799,,,,
R9,524k760,34.50413768,131.816029,,,,
R9,524k780,34.50397785,131.81592907,,,,
R9,524k800,34.50381931,131.81582968,,,,
R9,524k820,34.50365997,131.81572985,,,,
R9,524k840,34.50349981,131.81563065,,,,
R9,524k860,34.50333968,131.81553167,,,,
R9,524k880,34.50317935,131.81543185,,,,
R9,524k900,34.50302148,131.81533227,,,,
R9,525k200,34.50061358,131.81384199,,,,
R9,525k220,34.5004531,131.8137428,,,,
R9,525k240,34.50029216,131.81364331,,,,
R9,525k260,34.50013167,131.81354413,,,,
R9,525k280,34.49997116,131.81344495,,,,
R9,525k300,34.4998106,131.81334568,,,,
R9,525k320,34.49965012,131.81324651,,,,
R9,525k340,34.49948964,131.81314732,,,,
R9,525k360,34.49932863,131.81304927,,,,
R9,525k380,34.49916538,131.81295676,,,,
R9,525k400,34.49899835,131.81287497,,,,
R9,525k420,34.49882719,131.81280657,,,,
R9,525k440,34.49865336,131.81274875,,,,
R9,525k460,34.49847829,131.81269651,,,,
R9,525k480,34.49830304,131.8126452,,,,
R9,525k500,34.49812777,131.81259392,,,,
R9,525k520,34.49795257,131.8125426,,,,
R9,525k540,34.49777738,131.81249124,,,,
R9,525k560,34.49760216,131.81243993,,,,
R9,525k580,34.49742689,131.8123886,,,,
R9,525k600,34.49725168,131.81233731,,,,
R9,525k620,34.49707645,131.81228597,,,,
R9,525k640,34.4969012,131.81223471,,,,
R9,525k660,34.49672599,131.81218334,,,,
R9,525k680,34.49655076,131.81213209,,,,
R9,525k700,34.49637548,131.81208073,,,,
R9,525k720,34.49620027,131.81202944,,,,
R9,525k740,34.49602506,131.81197814,,,,
R9,525k760,34.49584993,131.81192632,,,,
R9,525k780,34.49567516,131.81187278,,,,
R9,525k800,34.49550102,131.81181616,,,,
R9,525k820,34.49532798,131.81175514,,,,
R9,525k840,34.49515618,131.81168898,,,,
R9,525k860,34.49498571,131.81161808,,,,
R9,525k880,34.49481627,131.81154367,,,,
R9,525k900,34.49464744,131.81146706,,,,
R9,525k920,34.49447892,131.81138969,,,,
R9,525k940,34.49431047,131.81131224,,,,
R9,525k960,34.49414192,131.81123475,,,,
R9,525k980,34.49397339,131.81115735,,,,
R9,526k000,34.49380483,131.81107985,,,,
R9,526k020,34.49363634,131.8110024,,,,
R9,526k040,34.49346784,131.81092488,,,,
R9,526k060,34.49329934,131.81084748,,,,
R9,526k080,34.49313084,131.81077,,,,
R9,526k100,34.49296228,131.81069249,,,,
R9,526k120,34.4927938,131.81061501,,,,
R9,526k140,34.49262567,131.8105364,,,,
R9,526k160,34.49245851,131.8104548,,,,
R9,526k180,34.49229311,131.81036809,,,,
R9,526k200,34.49213028,131.81027449,,,,
R9,526k220,34.49197084,131.81017288,,,,
R9,526k240,34.49181503,131.81006335,,,,
R9,526k260,34.49166313,131.80994606,,,,
R9,526k280,34.49151471,131.80982237,,,,
R9,526k300,34.49136896,131.8096941,,,,
R9,526k320,34.49122499,131.80956312,,,,
R9,526k340,34.49108165,131.80943102,,,,
R9,526k360,34.49093871,131.80929822,,,,
R9,526k380,34.49079629,131.80916465,,,,
R9,526k740,34.4882427,131.8070768,,,,
R9,526k760,34.48807421,131.80699924,,,,
R9,526k780,34.48790571,131.80692166,,,,
R9,526k800,34.48773725,131.80684406,,,,
R9,526k820,34.48756878,131.80676655,,,,
R9,526k840,34.4874007,131.80668915,,,,
R9,526k860,34.4872318,131.80661142,,,,
R9,526k880,34.48706333,131.80653388,,,,
R9,526k900,34.48689479,131.80645631,,,,
R9,526k920,34.48672635,131.80637874,,,,
R9,526k940,34.48655788,131.80630119,,,,
R9,526k960,34.48638941,131.80622364,,,,
R9,526k980,34.4862209,131.80614606,,,,
R9,527k040,34.48568731,131.80589352,,,,
R9,527k060,34.48552541,131.80579769,,,,
R9,527k080,34.48536922,131.805689,,,,
R9,527k100,34.48521934,131.80556803,,,,
R9,527k120,34.48507642,131.80543521,,,,
R9,527k140,34.48494121,131.80529132,,,,
R9,527k160,34.48480902,131.80514311,,,,
R9,527k180,34.48467691,131.80499498,,,,
R9,527k200,34.4845448,131.80484684,,,,
R9,527k220,34.48441262,131.80469863,,,,
R9,527k240,34.48428051,131.8045505,,,,
R9,527k260,34.48414841,131.80440237,,,,
R9,527k280,34.48401623,131.80425416,,,,
R9,527k300,34.48390181,131.80412588,,,,
R9,527k620,34.4825508,131.80125531,,,,
R9,527k640,34.48255248,131.80103759,,,,
R9,527k660,34.48255419,131.80081988,,,,
R9,527k680,34.48255589,131.80060215,,,,
R9,527k700,34.4825576,131.80038444,,,,
R9,527k720,34.48255285,131.80016684,,,,
R9,527k740,34.48252507,131.79995182,,,,
R9,527k760,34.48247388,131.7997433,,,,
R9,527k780,34.48240015,131.79954469,,,,
R9,527k800,34.48230525,131.79935975,,,,
R9,527k820,34.48219966,131.79918327,,,,
R9,527k840,34.48209398,131.79900682,,,,
R9,527k860,34.48198815,131.79883056,,,,
R9,527k880,34.4818737,131.79866247,,,,
R9,527k900,34.48174699,131.79850755,,,,
R9,527k920,34.48160937,131.79836703,,,,
R9,527k940,34.48146805,131.79823178,,,,
R9,527k960,34.48132673,131.79809658,,,,
R9,527k980,34.4811854,131.79796137,,,,
R9,528k000,34.48104447,131.7978255,,,,
R9,528k020,34.48090964,131.79768099,,,,
R9,528k040,34.48078313,131.79752588,,,,
R9,528k060,34.48066539,131.79736102,,,,
R9,528k080,34.48055703,131.7971871,,,,
R9,528k100,34.48045754,131.79700546,,,,
R9,528k120,34.48035967,131.79682265,,,,
R9,528k140,34.48026181,131.79663977,,,,
R9,528k160,34.48016386,131.79645694,,,,
R9,528k180,34.48006599,131.79627412,,,,
R9,528k200,34.47996813,131.79609124,,,,
R9,528k220,34.4798702,131.79590842,,,,
R9,528k240,34.47977227,131.79572562,,,,
R9,528k260,34.4796744,131.79554274,,,,
R9,528k280,34.47957648,131.79535985,,,,
R9,528k300,34.47947858,131.79517702,,,,
R9,528k320,34.47938073,131.79499415,,,,
R9,528k340,34.47928528,131.79480946,,,,
R9,528k360,34.47920073,131.7946172,,,,
R9,528k380,34.47912823,131.79441795,,,,
R9,528k400,34.47906813,131.79421266,,,,
R9,528k420,34.47902082,131.79400264,,,,
R9,528k440,34.47898641,131.79378893,,,,
R9,528k460,34.47896525,131.7935728,,,,
R9,529k100,34.47963651,131.78767953,,,,
R9,529k120,34.47952409,131.78750924,,,,
R9,529k140,34.47942714,131.78735295,,,,
R9,529k160,34.47932434,131.78714758,,,,
R9,529k180,34.4792497,131.78694949,,,,
R9,529k260,34.47906966,131.78614632,,,,
R9,529k360,34.47849793,131.78528162,,,,
R9,529k420,34.4780786,131.78492694,,,,
R9,529k440,34.47793084,131.78480212,,,,
R9,529k460,34.47778311,131.78467724,,,,
R9,529k480,34.47763538,131.78455246,,,,
R9,529k500,34.47748766,131.7844276,,,,
R9,529k520,34.4773399,131.78430275,,,,
R9,529k540,34.4771922,131.78417793,,,,
R9,529k560,34.47704654,131.78404962,,,,
R9,529k580,34.47690802,131.78391034,,,,
R9,529k600,34.47677751,131.78376016,,,,
R9,529k620,34.47665556,131.78359977,,,,
R9,529k640,34.47654276,131.78343002,,,,
R9,529k660,34.47643956,131.7832516,,,,
R9,529k680,34.4763464,131.78306517,,,,
R9,529k700,34.47626297,131.78286965,,,,
R9,530k300,34.4739655,131.77721472,,,,
R9,530k340,34.47362933,131.77705797,,,,
R9,530k360,34.47345555,131.77700021,,,,
R9,530k380,34.47327891,131.77695661,,,,
R9,530k400,34.47310026,131.77692733,,,,
R9,530k420,34.4729204,131.77691238,,,,
R9,530k440,34.47274013,131.77691204,,,,
R9,530k460,34.47256025,131.77692614,,,,
R9,530k480,34.47238157,131.7769547,,,,
R9,530k500,34.47220478,131.77699752,,,,
R9,530k520,34.47203077,131.77705459,,,,
R9,530k540,34.47186036,131.77712538,,,,
R9,530k560,34.47169418,131.77720982,,,,
R9,530k600,34.47137758,131.77741764,,,,
R9,530k620,34.47122439,131.77753255,,,,
R9,530k640,34.47107128,131.77764742,,,,
R9,530k660,34.47091812,131.77776229,,,,
R9,530k680,34.47076491,131.77787719,,,,
R9,530k700,34.47061176,131.77799207,,,,
R9,530k720,34.47045863,131.77810698,,,,
R9,530k740,34.47030547,131.77822187,,,,
R9,530k760,34.47015227,131.77833676,,,,
R9,530k780,34.46999914,131.7784516,,,,
R9,530k880,34.4691571,131.7787632,,,,
R9,530k900,34.46897278,131.77875998,,,,
R9,532k720,34.45358631,131.77334163,,,,
R9,532k740,34.4534072,131.77333664,,,,
R9,532k760,34.45322691,131.77333157,,,,
R9,532k780,34.45304741,131.77332651,,,,
R9,532k800,34.45286799,131.77332146,,,,
R9,532k820,34.45268908,131.77332376,,,,
R9,532k840,34.45250902,131.77334775,,,,
R9,532k860,34.45233253,131.77339402,,,,
R9,532k880,34.45216149,131.77345945,,,,
R9,532k900,34.45199763,131.77354602,,,,
R9,532k920,34.4518401,131.77365091,,,,
R9,532k940,34.45169311,131.77377542,,,,
R9,532k960,34.45155656,131.7739163,,,,
R9,532k980,34.45142235,131.77406056,,,,
R9,533k000,34.45128748,131.77420549,,,,
R9,535k940,34.43400376,131.76797389,,,,
R9,536k760,34.4283479,131.76230483,,,,
R9,536k780,34.42823023,131.76213817,,,,
R9,536k820,34.42800987,131.76180464,,,,
R9,536k840,34.42790117,131.76163013,,,,
R9,536k860,34.4277929,131.76145625,,,,
R9,536k880,34.42768433,131.76128265,,,,
R9,536k920,34.42746256,131.76092694,,,,
R9,536k940,34.42735405,131.76075344,,,,
R9,536k960,34.42724523,131.76057948,,,,
R9,536k980,34.42713666,131.76040589,,,,
R9,537k020,34.42691621,131.7600523,,,,
R9,537k040,34.42680681,131.75987779,,,,
R9,537k060,34.42669717,131.75970289,,,,
R9,537k080,34.42658859,131.7595305,,,,
R9,537k120,34.42638091,131.75919977,,,,
R9,537k140,34.42627226,131.75902572,,,,
R9,537k160,34.42616361,131.75885167,,,,
R9,537k180,34.42605472,131.75867798,,,,
R9,537k220,34.42583698,131.75832914,,,,
R9,537k240,34.42572847,131.75815612,,,,
R9,537k260,34.42561943,131.75798142,,,,
R9,537k280,34.42551039,131.75780829,,,,
R9,537k420,34.42474751,131.75663574,,,,
R9,537k440,34.4246284,131.75647225,,,,
R9,537k460,34.42450596,131.75631272,,,,
R9,537k480,34.42438148,131.75615631,,,,
R9,537k520,34.4241317,131.75585888,,,,
R9,537k540,34.42400025,131.75570916,,,,
R9,537k560,34.42386688,131.75556306,,,,
R9,537k580,34.4237299,131.75542091,,,,
R9,539k420,34.41042953,131.7439096,,,,
R9,539k440,34.41030911,131.74374851,,,,
R9,539k460,34.41018819,131.7435864,,,,
R9,539k480,34.41006696,131.74342544,,,,
R9,539k520,34.40982377,131.74309853,,,,
R9,539k540,34.40970249,131.74293699,,,,
R9,539k560,34.40958192,131.742775,,,,
R9,539k580,34.40946134,131.74261284,,,,
R9,539k720,34.40862077,131.74147989,,,,
R9,539k740,34.408502,131.74131665,,,,
R9,539k760,34.40838358,131.74115322,,,,
R9,539k780,34.40826509,131.74098633,,,,
R9,539k820,34.40803753,131.74065725,,,,
R9,539k840,34.40792397,131.74048727,,,,
R9,539k860,34.40781332,131.740316,,,,
R9,539k880,34.4077041,131.74014336,,,,
R9,539k920,34.40748026,131.73977797,,,,
R9,539k940,34.40737303,131.73960242,,,,
R9,539k960,34.407266,131.73942682,,,,
R9,539k980,34.40715886,131.7392503,,,,
R9,540k020,34.40695229,131.73890943,,,,
R9,540k040,34.40684698,131.73873389,,,,
R9,540k060,34.40674081,131.73855712,,,,
R9,540k080,34.40663537,131.73838156,,,,
R9,540k120,34.40642738,131.73803604,,,,
R9,540k140,34.40632107,131.73785981,,,,
R9,540k160,34.40621548,131.73768481,,,,
R9,540k180,34.40610833,131.73750719,,,,
R9,540k220,34.40589116,131.73714763,,,,
R9,540k240,34.40578527,131.73697232,,,,
R9,540k260,34.40567911,131.73679654,,,,
R9,540k280,34.4055731,131.73662006,,,,
R9,540k320,34.40536571,131.73627516,,,,
R9,540k340,34.40525986,131.7360991,,,,
R9,540k360,34.40515349,131.73592277,,,,
R9,540k380,34.40504767,131.73574795,,,,
R9,540k420,34.40483524,131.73539519,,,,
R9,540k440,34.40472944,131.73521921,,,,
R9,540k460,34.40462287,131.73504236,,,,
R9,540k480,34.40451698,131.73486661,,,,
R9,540k520,34.40430606,131.73451623,,,,
R9,540k540,34.40420021,131.73434059,,,,
R9,540k560,34.40409372,131.73416365,,,,
R9,540k580,34.40398795,131.73398753,,,,
R9,540k620,34.40377552,131.73363486,,,,
R9,540k640,34.40367023,131.73345961,,,,
R9,540k660,34.40356383,131.73328233,,,,
R9,540k680,34.4034576,131.73310648,,,,
R9,540k720,34.40325662,131.73277247,,,,
R9,540k740,34.40315109,131.73259643,,,,
R9,540k760,34.40304469,131.73242031,,,,
R9,540k780,34.4029393,131.7322447,,,,
R9,540k820,34.40272145,131.73188291,,,,
R9,540k840,34.4026156,131.73170714,,,,
R9,540k860,34.40250939,131.73153114,,,,
R9,540k880,34.40240306,131.73135536,,,,
R9,540k920,34.40218786,131.73099781,,,,
R9,540k940,34.40208174,131.73082171,,,,
R9,540k960,34.40197543,131.73064608,,,,
R9,540k980,34.40186882,131.73047055,,,,
R9,541k020,34.40165699,131.73011886,,,,
R9,541k040,34.40155164,131.72994366,,,,
R9,541k060,34.40144567,131.72976801,,,,
R9,541k080,34.40133928,131.72959243,,,,
R9,541k120,34.40112983,131.72924137,,,,
R9,541k140,34.40102349,131.72906492,,,,
R9,541k160,34.40091706,131.72888753,,,,
R9,541k180,34.40081135,131.72871193,,,,
R9,541k220,34.40059961,131.72835725,,,,
R9,541k240,34.40049339,131.72818167,,,,
R9,541k260,34.40038802,131.72800536,,,,
R9,541k280,34.40028203,131.72782859,,,,
R9,541k320,34.4000805,131.72749309,,,,
R9,541k340,34.39997445,131.7273168,,,,
R9,541k360,34.39986876,131.72714133,,,,
R9,541k380,34.39976258,131.72696544,,,,
R9,541k420,34.3995387,131.72659483,,,,
R9,541k440,34.39943248,131.72641926,,,,
R9,541k460,34.39932568,131.72624391,,,,
R9,541k480,34.39921911,131.72606736,,,,
R9,541k860,34.39706897,131.7227759,,,,
R9,541k880,34.39694454,131.72261843,,,,
R9,542k120,34.39539509,131.72065636,,,,
R9,542k140,34.39527122,131.72049858,,,,
R9,542k160,34.39514714,131.72034119,,,,
R9,542k180,34.39502266,131.72018331,,,,
R9,542k220,34.39476605,131.71985855,,,,
R9,542k240,34.39464084,131.71970008,,,,
R9,542k260,34.39451681,131.71954343,,,,
R9,542k320,34.3941509,131.7190793,,,,
R9,542k340,34.39402641,131.71892174,,,,
R9,542k360,34.39390303,131.71876627,,,,
R9,542k380,34.39379532,131.71862902,,,,
R9,543k320,34.38824808,131.71111308,,,,
R9,543k340,34.38812406,131.71095608,,,,
R9,543k360,34.38799957,131.71079832,,,,
R9,543k380,34.38787535,131.7106409,,,,
R9,543k420,34.38764297,131.71034644,,,,
R9,543k440,34.3875187,131.71018845,,,,
R9,543k460,34.38739429,131.7100303,,,,
R9,543k480,34.38727054,131.70987297,,,,
R9,543k520,34.38702317,131.70955866,,,,
R9,543k540,34.38689883,131.70940059,,,,
R9,543k560,34.38677488,131.70924286,,,,
R9,543k580,34.38665062,131.70908438,,,,
R9,544k020,34.38389544,131.70558748,,,,
R9,544k040,34.38377132,131.70542995,,,,
R9,544k060,34.38364733,131.70527258,,,,
R9,544k080,34.38352249,131.70511429,,,,
R9,544k120,34.38327373,131.70479856,,,,
R9,544k140,34.38314903,131.70464045,,,,
R9,544k160,34.38302465,131.70448258,,,,
R9,544k180,34.3829008,131.70432538,,,,
R9,544k320,34.38206067,131.70319259,,,,
R9,544k340,34.38194994,131.70302043,,,,
R9,544k360,34.3818427,131.70284673,,,,
R9,544k380,34.38173799,131.70267021,,,,
R9,544k420,34.38154646,131.70233934,,,,
R9,544k440,34.38144294,131.70216052,,,,
R9,544k460,34.38133971,131.70198217,,,,
R9,544k480,34.38123643,131.70180372,,,,
R9,544k840,34.37903262,131.6989621,,,,
R9,544k860,34.37886656,131.69884151,,,,
R9,544k880,34.37871181,131.69872908,,,,
R9,544k920,34.37840044,131.69850286,,,,
R9,544k940,34.37824642,131.69839098,,,,
R9,544k960,34.37809143,131.69827839,,,,
R9,544k980,34.37793733,131.69816644,,,,
R9,545k020,34.37762821,131.69794065,,,,
R9,545k040,34.37747385,131.69782745,,,,
R9,545k060,34.37731999,131.6977146,,,,
R9,545k080,34.37716539,131.69760123,,,,
R9,546k020,34.37406693,131.68876568,,,,
R9,546k040,34.37401259,131.68856034,,,,
R9,546k060,34.37394744,131.68835962,,,,
R9,546k080,34.37387118,131.68816292,,,,
R9,546k120,34.37368245,131.68778037,,,,
R9,546k140,34.37357567,131.68760598,,,,
R9,546k160,34.37345933,131.68744058,,,,
R9,546k180,34.37333332,131.68728384,,,,
R9,546k240,34.37290505,131.68687214,,,,
R9,546k260,34.37275736,131.68674632,,,,
R9,546k280,34.37260866,131.68662118,,,,
R9,546k420,34.37159931,131.68576594,,,,
R9,546k440,34.37145291,131.68564106,,,,
R9,546k460,34.37130496,131.68551584,,,,
R9,546k480,34.37115763,131.68539016,,,,
R9,546k520,34.3708673,131.68514297,,,,
R9,546k540,34.37072002,131.68501762,,,,
R9,546k560,34.37057261,131.68489187,,,,
R9,546k580,34.37042527,131.68476661,,,,
R9,546k940,34.36774579,131.68249754,,,,
R9,546k960,34.36759886,131.68237276,,,,
R9,546k980,34.36745064,131.68224823,,,,
R9,547k020,34.36715335,131.68199662,,,,
R9,547k040,34.36700426,131.68187787,,,,
R9,547k060,34.36684878,131.6817674,,,,
R9,547k080,34.36668988,131.68166658,,,,
R9,547k120,34.36635763,131.68149334,,,,
R9,547k140,34.36618659,131.68142308,,,,
R9,547k160,34.36601304,131.68136365,,,,
R9,547k180,34.36583682,131.68131458,,,,
R9,547k520,34.36284509,131.68055964,,,,
R9,547k540,34.36266907,131.68051503,,,,
R9,547k560,34.3624916,131.68047054,,,,
R9,547k580,34.36231509,131.68042729,,,,
R9,547k620,34.36196899,131.68034027,,,,
R9,547k640,34.36179219,131.68029593,,,,
R9,547k660,34.36161586,131.6802524,,,,
R9,547k680,34.36144156,131.68019509,,,,
R9,547k740,34.36095453,131.67989745,,,,
R9,547k760,34.36081318,131.67976245,,,,
R9,547k780,34.36068304,131.67961018,,,,
R9,547k920,34.36016202,131.67824079,,,,
R9,547k940,34.36011409,131.67803165,,,,
R9,547k960,34.36006461,131.67782241,,,,
R9,548k080,34.35946735,131.67676543,,,,
R9,548k120,34.35916277,131.67653061,,,,
R9,548k140,34.35899877,131.67643916,,,,
R9,548k160,34.35883381,131.67635122,,,,
R9,548k180,34.35866814,131.67626266,,,,
R9,548k220,34.35834239,131.67608875,,,,
R9,548k240,34.35817831,131.67600128,,,,
R9,548k260,34.35801281,131.67591281,,,,
R9,548k280,34.35784789,131.67582477,,,,
R9,548k320,34.357519,131.67564919,,,,
R9,548k340,34.35735425,131.67556125,,,,
R9,548k360,34.35718915,131.67547312,,,,
R9,548k380,34.35702501,131.6753855,,,,
R9,548k620,34.35512798,131.6742478,,,,
R9,548k640,34.35498421,131.67411549,,,,
R9,548k660,34.35484098,131.67398368,,,,
R9,548k680,34.35469901,131.67385098,,,,
R9,548k720,34.35442116,131.67355651,,,,
R9,548k740,34.35429394,131.67340522,,,,
R9,548k760,34.35417147,131.67324743,,,,
R9,548k780,34.35405435,131.67308284,,,,
R9,548k820,34.35382935,131.67272603,,,,
R9,548k840,34.35372866,131.67254428,,,,
R9,548k860,34.35363506,131.67236011,,,,
R9,548k880,34.35354584,131.6721707,,,,
R9,548k920,34.35338208,131.67176839,,,,
R9,548k940,34.35330611,131.67156955,,,,
R9,548k960,34.35323089,131.67137259,,,,
R9,548k980,34.35315547,131.67117523,,,,
R9,549k780,34.35147073,131.66288106,,,,
R9,549k820,34.35145996,131.66244541,,,,
R9,549k840,34.35145488,131.66222849,,,,
R9,549k860,34.35144959,131.66201066,,,,
R9,549k880,34.35144344,131.66179297,,,,
R9,549k920,34.35143294,131.66137357,,,,
R9,549k940,34.35142653,131.66115643,,,,
R9,549k960,34.35142096,131.66094062,,,,
R9,549k980,34.35140885,131.66072486,,,,
R9,550k020,34.35135528,131.66027929,,,,
R9,550k040,34.35131567,131.66006666,,,,
R9,550k060,34.35126751,131.65985758,,,,
R9,550k080,34.35121376,131.65965056,,,,
R9,550k120,34.35111158,131.65925729,,,,
R9,550k140,34.35105767,131.65904996,,,,
R9,550k160,34.35100365,131.65884207,,,,
R9,550k180,34.35094967,131.65863487,,,,
R9,550k520,34.35001712,131.65509417,,,,
R9,550k540,34.34996238,131.65488708,,,,
R9,550k560,34.34990768,131.65468047,,,,
R9,550k580,34.34985278,131.65447273,,,,
R9,550k620,34.34974249,131.65405573,,,,
R9,550k640,34.34968784,131.65384934,,,,
R9,550k660,34.34963322,131.6536427,,,,
R9,550k680,34.34957869,131.65343638,,,,
R9,550k720,34.34946848,131.65301972,,,,
R9,550k740,34.34941365,131.65281267,,,,
R9,550k760,34.34935903,131.65260603,,,,
R9,550k780,34.34930419,131.65239887,,,,
R9,550k820,34.34919445,131.65198607,,,,
R9,550k840,34.34913991,131.65177915,,,,
R9,550k860,34.34908542,131.65157244,,,,
R9,550k880,34.34903069,131.65136475,,,,
R9,550k920,34.34892088,131.65094961,,,,
R9,550k940,34.34886598,131.65074246,,,,
R9,550k960,34.34881114,131.65053553,,,,
R9,550k980,34.34875621,131.65032827,,,,
R9,551k020,34.3486472,131.64991668,,,,
R9,551k040,34.34859239,131.6497095,,,,
R9,551k060,34.34853769,131.64950276,,,,
R9,551k080,34.34848291,131.64929569,,,,
R9,551k160,34.34826488,131.64846443,,,,
R9,551k180,34.34821055,131.64825696,,,,
R9,551k220,34.34810158,131.64784321,,,,
R9,551k240,34.34804676,131.64763616,,,,
R9,551k260,34.34799156,131.64742805,,,,
R9,551k280,34.34793699,131.64722201,,,,
R9,551k320,34.34782566,131.64680119,,,,
R9,551k340,34.34777084,131.64659377,,,,
R9,551k360,34.34771616,131.64638655,,,,
R9,551k380,34.34766152,131.6461798,,,,
R9,551k420,34.34755302,131.64576946,,,,
R9,551k440,34.34749836,131.64556246,,,,
R9,551k460,34.34744341,131.64535473,,,,
R9,551k480,34.3473888,131.64514796,,,,
R9,551k520,34.3472792,131.64473251,,,,
R9,551k540,34.34722473,131.64452546,,,,
R9,551k560,34.34716995,131.64431766,,,,
R9,551k580,34.34711554,131.64411082,,,,
R9,551k620,34.34700636,131.64369509,,,,
R9,551k640,34.3469522,131.64348851,,,,
R9,551k660,34.34689776,131.64328084,,,,
R9,551k680,34.34684332,131.64307316,,,,
R9,552k020,34.3463876,131.63947158,,,,
R9,552k040,34.34640241,131.63925544,,,,
R9,552k060,34.34641725,131.63903884,,,,
R9,552k080,34.34643211,131.63882167,,,,
R9,552k120,34.3464618,131.63838825,,,,
R9,552k140,34.34647654,131.63817153,,,,
R9,552k160,34.3464914,131.63795458,,,,
R9,552k180,34.34650626,131.63773764,,,,
R9,552k220,34.34653598,131.63730352,,,,
R9,552k240,34.3465507,131.63708727,,,,
R9,552k260,34.3465655,131.63687112,,,,
R9,552k280,34.34658015,131.63665289,,,,
R9,552k360,34.34656764,131.635795,,,,
R9,552k380,34.34654683,131.63558112,,,,
R9,552k520,34.34619668,131.63411039,,,,
R9,552k540,34.34611945,131.63391417,,,,
R9,552k560,34.34603599,131.63372216,,,,
R9,552k580,34.34594587,131.63353405,,,,
R9,552k940,34.34384515,131.63057276,,,,
R9,552k960,34.3437249,131.63041123,,,,
R9,552k980,34.34360432,131.63024927,,,,
R9,553k020,34.34335843,131.62991871,,,,
R9,553k040,34.34323852,131.62975759,,,,
R9,553k060,34.34311794,131.62959548,,,,
R9,553k080,34.34299782,131.62943411,,,,
R9,553k120,34.34275778,131.62911146,,,,
R9,553k140,34.34263747,131.62894984,,,,
R9,553k160,34.34251708,131.62878798,,,,
R9,553k180,34.34239637,131.6286257,,,,
R9,553k420,34.34097246,131.62671258,,,,
R9,553k440,34.34085223,131.62655014,,,,
R9,553k460,34.3407317,131.62638802,,,,
R9,553k480,34.34061209,131.62622556,,,,
R9,553k820,34.33855005,131.62344862,,,,
R9,553k840,34.33843435,131.62328285,,,,
R9,553k860,34.33831983,131.62311436,,,,
R9,553k880,34.33820824,131.62294543,,,,
R9,553k920,34.33798677,131.62259686,,,,
R9,553k940,34.33787827,131.62242327,,,,
R9,553k960,34.33776994,131.62224995,,,,
R9,553k980,34.33766145,131.62207636,,,,
R9,554k020,34.3374455,131.62173093,,,,
R9,554k040,34.33733676,131.62155712,,,,
R9,554k060,34.3372282,131.62138401,,,,
R9,554k080,34.33711998,131.6212103,,,,
R9,554k420,34.3352415,131.61829144,,,,
R9,554k440,34.33511764,131.61813363,,,,
R9,554k460,34.33499009,131.61797745,,,,
R9,554k480,34.33486105,131.61782565,,,,
R9,554k520,34.33459683,131.61753286,,,,
R9,554k540,34.33446058,131.61739076,,,,
R9,554k560,34.33432202,131.61725186,,,,
R9,554k580,34.33418174,131.61711697,,,,
R9,554k620,34.33389741,131.61685012,,,,
R9,554k640,34.33375539,131.61671676,,,,
R9,554k660,34.33361321,131.61658294,,,,
R9,554k680,34.33347075,131.61644913,,,,
R9,554k720,34.3331875,131.6161862,,,,
R9,554k740,34.33304452,131.61605406,,,,
R9,554k760,34.33290138,131.61592178,,,,
R9,554k780,34.33275763,131.61578895,,,,
R9,554k820,34.3324721,131.6155251,,,,
R9,554k840,34.33232865,131.61539255,,,,
R9,554k860,34.33218574,131.61526049,,,,
R9,554k880,34.33204199,131.61512765,,,,
R9,554k920,34.33175313,131.61486072,,,,
R9,554k940,34.33161014,131.61472859,,,,
R9,554k960,34.33146677,131.61459611,,,,
R9,554k980,34.33132339,131.61446363,,,,
R9,555k020,34.33104144,131.61420166,,,,
R9,555k040,34.3308984,131.61406925,,,,
R9,555k060,34.3307552,131.61393669,,,,
R9,555k080,34.33061194,131.61380422,,,,
R9,555k120,34.33032245,131.61353639,,,,
R9,555k140,34.33017962,131.61340418,,,,
R9,555k160,34.33003688,131.61327204,,,,
R9,555k180,34.32989324,131.61313923,,,,
R9,555k220,34.32961155,131.61287863,,,,
R9,555k240,34.32946842,131.61274615,,,,
R9,555k260,34.32932531,131.61261382,,,,
R9,555k280,34.32918241,131.61248155,,,,
R9,555k320,34.32889217,131.61221523,,,,
R9,555k340,34.32874868,131.6120836,,,,
R9,555k360,34.32860505,131.61195182,,,,
R9,555k380,34.32846165,131.61182025,,,,
R9,555k420,34.32817367,131.61155593,,,,
R9,555k440,34.3280294,131.61142403,,,,
R9,555k460,34.32788293,131.61129774,,,,
R9,555k480,34.32773389,131.61117946,,,,
R9,555k520,34.32742191,131.61096146,,,,
R9,555k540,34.32726255,131.61086444,,,,
R9,555k560,34.32709783,131.61077356,,,,
R9,555k580,34.3269317,131.61069111,,,,
R9,555k620,34.3265864,131.61054781,,,,
R9,555k640,34.32641488,131.61048165,,,,
R9,555k660,34.32624288,131.61041539,,,,
R9,555k680,34.3260711,131.6103491,,,,
R9,555k720,34.3257351,131.61021969,,,,
R9,555k740,34.32556386,131.61015363,,,,
R9,555k760,34.32539153,131.61008711,,,,
R9,555k780,34.32522039,131.61002136,,,,
R9,555k820,34.32488178,131.60986939,,,,
R9,555k840,34.32471716,131.60977906,,,,
R9,555k860,34.32455819,131.60968063,,,,
R9,555k880,34.32440133,131.60957175,,,,
R9,555k920,34.32410619,131.60933167,,,,
R9,555k940,34.32396571,131.60919716,,,,
R9,555k960,34.32383028,131.60905376,,,,
R9,555k980,34.32370072,131.60890084,,,,
R9,556k020,34.32344561,131.60858939,,,,
R9,556k040,34.32331856,131.60843427,,,,
R9,556k060,34.32319185,131.60827957,,,,
R9,556k080,34.3230654,131.60812518,,,,
R9,556k120,34.322819,131.60782423,,,,
R9,556k140,34.32269249,131.60766977,,,,
R9,556k160,34.32256543,131.60751466,,,,
R9,556k180,34.32243865,131.60735987,,,,
R9,556k220,34.3221828,131.60704642,,,,
R9,556k240,34.32205676,131.60689205,,,,
R9,556k260,34.32192978,131.60673669,,,,
R9,556k280,34.32180313,131.60658175,,,,
R9,556k320,34.32154884,131.60627031,,,,
R9,556k340,34.32142219,131.60611536,,,,
R9,556k360,34.32129554,131.60596042,,,,
R9,556k380,34.32116917,131.60580565,,,,
R9,556k420,34.32091593,131.60549568,,,,
R9,556k440,34.32078936,131.60534082,,,,
R9,556k460,34.32066284,131.60518588,,,,
R9,556k480,34.32053626,131.60503086,,,,
R9,556k520,34.32028425,131.60472375,,,,
R9,556k540,34.32015773,131.60456827,,,,
R9,556k560,34.32003116,131.60441254,,,,
R9,556k580,34.3199055,131.60425816,,,,
R9,556k720,34.3190369,131.60316904,,,,
R9,556k740,34.31892339,131.60300099,,,,
R9,556k820,34.31849988,131.60223651,,,,
R9,556k840,34.31841456,131.60204578,,,,
R9,556k860,34.31833542,131.6018513,,,,
R9,556k880,34.318262,131.60165373,,,,
R9,556k920,34.31814586,131.60129156,,,,
R9,556k940,34.31808978,131.60108615,,,,
R9,556k960,34.31803907,131.60087694,,,,
R9,556k980,34.31799604,131.60066836,,,,
R9,557k020,34.31792768,131.6002416,,,,
R9,557k040,34.31790224,131.60002501,,,,
R9,557k060,34.31788385,131.59980807,,,,
R9,557k080,34.31787215,131.59959178,,,,
R9,557k120,34.31786911,131.5990777,,,,
R9,557k140,34.31787086,131.59885998,,,,
R9,557k160,34.31787294,131.59864186,,,,
R9,557k180,34.3178742,131.59842504,,,,
R9,557k360,34.3175458,131.59655202,,,,
R9,557k540,34.3165206,131.59514968,,,,
R9,557k560,34.31640143,131.59498635,,,,
R9,557k580,34.31628238,131.59482352,,,,
R9,557k620,34.31604561,131.59449691,,,,
R9,557k640,34.31592904,131.59433085,,,,
R9,557k660,34.31581489,131.59416255,,,,
R9,557k680,34.31570362,131.59399104,,,,
R9,558k320,34.31246814,131.58827321,,,,
R9,558k340,34.31236071,131.58809928,,,,
R9,558k360,34.3122458,131.58793143,,,,
R9,558k380,34.31212811,131.5877664,,,,
R9,558k420,34.31189477,131.58743787,,,,
R9,558k440,34.31177669,131.58727264,,,,
R9,558k460,34.31165943,131.58710897,,,,
R9,558k480,34.31154201,131.58694397,,,,
R9,558k520,34.3113028,131.58660846,,,,
R9,558k540,34.31118498,131.58644326,,,,
R9,558k560,34.31106766,131.58627877,,,,
R9,558k580,34.31094901,131.5861138,,,,
R9,558k960,34.30871244,131.58298421,,,,
R9,559k020,34.30836028,131.58249136,,,,
R9,560k180,34.30025788,131.57493943,,,,
R9,560k240,34.29972821,131.57477727,,,,
R9,560k340,34.29891624,131.57431795,,,,
R9,560k420,34.29835593,131.57379829,,,,
R9,560k440,34.29822816,131.5736455,,,,
R9,560k460,34.29810515,131.57348341,,,,
R9,560k480,34.29799128,131.57331794,,,,
R9,560k520,34.29779001,131.57297981,,,,
R9,560k540,34.29769494,131.57279558,,,,
R9,560k560,34.29760028,131.5726113,,,,
R9,560k580,34.29750788,131.5724236,,,,
R9,560k620,34.29731787,131.57203823,,,,
R9,560k640,34.29722598,131.57185148,,,,
R9,560k660,34.29713363,131.57166428,,,,
R9,560k680,34.29704127,131.57147708,,,,
R9,560k720,34.29685678,131.57110691,,,,
R9,560k740,34.29676363,131.57092137,,,,
R9,560k760,34.29666314,131.5707409,,,,
R9,560k780,34.2965558,131.57056696,,,,
R9,560k820,34.29631804,131.57023714,,,,
R9,560k840,34.29618978,131.57008423,,,,
R9,560k860,34.29605613,131.56993969,,,,
R9,560k880,34.29591551,131.56980248,,,,
R9,560k920,34.29562272,131.56955759,,,,
R9,560k940,34.29546686,131.5694469,,,,
R9,560k960,34.29530732,131.5693464,,,,
R9,560k980,34.29514349,131.56925519,,,,
R9,561k020,34.29480653,131.56910284,,,,
R9,561k040,34.29463132,131.56903987,,,,
R9,561k060,34.29446101,131.56897962,,,,
R9,561k120,34.29394148,131.56879579,,,,
R9,561k140,34.29376896,131.56873475,,,,
R9,561k160,34.29359462,131.56867306,,,,
R9,561k180,34.29342176,131.5686119,,,,
R9,561k220,34.29307638,131.5684897,,,,
R9,561k240,34.29290368,131.56842859,,,,
R9,561k260,34.29273008,131.56836717,,,,
R9,561k280,34.29255757,131.56830613,,,,
R9,561k320,34.29220971,131.56818356,,,,
R9,561k340,34.29203575,131.56811903,,,,
R9,561k360,34.29186638,131.56804399,,,,
R9,561k380,34.29170014,131.56795769,,,,
R9,561k420,34.29138558,131.56775641,,,,
R9,561k440,34.29123324,131.56763868,,,,
R9,561k460,34.29108671,131.56751154,,,,
R9,561k480,34.29094657,131.5673752,,,,
R9,561k520,34.29067884,131.56707675,,,,
R9,561k540,34.29054778,131.56692645,,,,
R9,561k560,34.29041725,131.56677721,,,,
R9,561k580,34.29028669,131.56662765,,,,
R9,561k620,34.29002148,131.5663239,,,,
R9,561k640,34.28989095,131.56617434,,,,
R9,561k660,34.28976042,131.56602446,,,,
R9,561k680,34.28963004,131.56587474,,,,
R9,561k720,34.28936806,131.56557445,,,,
R9,561k740,34.28923767,131.56542474,,,,
R9,561k760,34.28912216,131.5652923,,,,
R9,561k780,34.28897985,131.56512105,,,,
R9,561k820,34.28874932,131.56479559,,,,
R9,561k840,34.28864256,131.56461973,,,,
R9,561k860,34.28854435,131.56443869,,,,
R9,561k880,34.28845338,131.56425048,,,,
R9,561k960,34.28814622,131.56346433,,,,
R9,561k980,34.28807167,131.5632652,,,,
R9,562k020,34.28792301,131.5628687,,,,
R9,562k040,34.28784917,131.56267146,,,,
R9,562k060,34.28777539,131.56247494,,,,
R9,562k080,34.28770067,131.56227539,,,,
R9,562k120,34.28755218,131.56187932,,,,
R9,562k140,34.28747832,131.56168258,,,,
R9,562k160,34.2874036,131.56148303,,,,
R9,562k180,34.28732921,131.56128433,,,,
R9,562k520,34.28552398,131.55839148,,,,
R9,562k540,34.285387,131.55825044,,,,
R9,562k560,34.2852503,131.55810971,,,,
R9,562k580,34.28511333,131.55796899,,,,
R9,562k620,34.28483774,131.55768563,,,,
R9,562k640,34.28470046,131.5575443,,,,
R9,562k660,34.28456378,131.55740389,,,,
R9,562k680,34.28442649,131.55726256,,,,
R9,562k720,34.28415769,131.55698594,,,,
R9,562k740,34.28402043,131.55684494,,,,
R9,562k760,34.28388314,131.55670361,,,,
R9,562k780,34.28374618,131.5565629,,,,
R9,562k820,34.28347103,131.55628018,,,,
R9,562k840,34.28333406,131.55613876,,,,
R9,562k860,34.28319678,131.55599708,,,,
R9,562k880,34.28306065,131.55585662,,,,
R9,562k920,34.28278286,131.55558284,,,,
R9,562k940,34.28263586,131.55545715,,,,
R9,562k960,34.2824841,131.55534092,,,,
R9,562k980,34.28232675,131.55523321,,,,
R9,563k020,34.28200093,131.55504757,,,,
R9,563k040,34.28183198,131.55496843,,,,
R9,563k060,34.28166415,131.55489183,,,,
R9,563k080,34.28149828,131.55481626,,,,
R9,563k120,34.28116026,131.55466333,,,,
R9,563k140,34.28099105,131.5545867,,,,
R9,563k160,34.28082235,131.55451042,,,,
R9,563k180,34.2806533,131.55443392,,,,
R9,563k220,34.28031615,131.55428127,,,,
R9,563k240,34.28014787,131.55420263,,,,
R9,563k260,34.27998146,131.55411421,,,,
R9,563k280,34.27981927,131.55401569,,,,
R9,563k320,34.27951419,131.55379472,,,,
R9,563k340,34.27936696,131.55366935,,,,
R9,563k360,34.27922375,131.55353431,,,,
R9,563k380,34.27908339,131.55339828,,,,
R9,563k420,34.27880045,131.553124,,,,
R9,563k460,34.27851942,131.55285191,,,,
R9,563k480,34.2783786,131.55271542,,,,
R9,563k520,34.27810069,131.55244602,,,,
R9,563k540,34.27796034,131.55231029,,,,
R9,563k560,34.27781996,131.55217423,,,,
R9,563k580,34.27767898,131.55203759,,,,
R9,563k620,34.27739703,131.55176433,,,,
R9,563k640,34.27725665,131.55162828,,,,
R9,563k660,34.2771157,131.55149197,,,,
R9,563k680,34.27697532,131.55135592,,,,
R9,563k720,34.27669431,131.55108254,,,,
R9,563k740,34.27655402,131.55094672,,,,
R9,563k760,34.27641358,131.55081076,,,,
R9,563k780,34.27627343,131.5506751,,,,
R9,563k820,34.27599237,131.55040272,,,,
R9,563k840,34.27585208,131.5502669,,,,
R9,563k860,34.27571164,131.55013094,,,,
R9,563k880,34.27557116,131.54999467,,,,
R9,563k920,34.27529251,131.54972493,,,,
R9,563k940,34.27515178,131.54958868,,,,
R9,563k960,34.2750113,131.5494524,,,,
R9,563k980,34.27487042,131.54931602,,,,
R9,564k020,34.27458223,131.54903417,,,,
R9,564k040,34.27444181,131.54889813,,,,
R9,564k060,34.27430192,131.54876244,,,,
R9,564k080,34.27416244,131.54862724,,,,
R9,564k120,34.27388298,131.5483539,,,,
R9,564k140,34.27374954,131.54820933,,,,
R9,564k160,34.27362292,131.54805736,,,,
R9,564k220,34.27328055,131.5475524,,,,
R9,564k240,34.27318119,131.54737085,,,,
R9,564k260,34.27309031,131.54718573,,,,
R9,564k280,34.27300055,131.54699868,,,,
R9,564k620,34.27112631,131.54413389,,,,
R9,564k640,34.27099193,131.54398865,,,,
R9,564k660,34.2708581,131.54384369,,,,
R9,564k680,34.27072386,131.5436986,,,,
R9,564k720,34.27045723,131.54341008,,,,
R9,564k740,34.2703227,131.5432647,,,,
R9,564k760,34.27018875,131.54311991,,,,
R9,564k780,34.27005435,131.54297435,,,,
R9,564k820,34.26978644,131.54268479,,,,
R9,564k840,34.26965232,131.54253953,,,,
R9,564k860,34.26951808,131.54239445,,,,
R9,564k880,34.26938355,131.54224906,,,,
R9,564k920,34.26911228,131.54195507,,,,
R9,564k940,34.26897833,131.54181102,,,,
R9,564k960,34.26884438,131.54166696,,,,
R9,564k980,34.26870996,131.54152215,,,,
R9,565k020,34.26844533,131.54123758,,,,
R9,565k040,34.26831094,131.5410931,,,,
R9,565k060,34.26817512,131.54095107,,,,
R9,565k080,34.26803669,131.54081213,,,,
R9,565k120,34.26775216,131.54054303,,,,
R9,565k140,34.26760711,131.54041422,,,,
R9,565k160,34.26746255,131.54028796,,,,
R9,565k180,34.2673162,131.54015995,,,,
R9,565k220,34.26701982,131.53990253,,,,
R9,565k240,34.26687539,131.5397762,,,,
R9,565k260,34.2667294,131.53964818,,,,
R9,565k280,34.2665836,131.5395206,,,,
R9,565k320,34.26629344,131.53926622,,,,
R9,565k340,34.26614826,131.5391392,,,,
R9,565k360,34.26600318,131.53901201,,,,
R9,565k380,34.26585616,131.53888333,,,,
R9,565k420,34.26556346,131.53862691,,,,
R9,565k440,34.26541792,131.5384993,,,,
R9,565k460,34.26527227,131.53837187,,,,
R9,565k480,34.26512659,131.53824412,,,,
R9,565k520,34.26483641,131.53799023,,,,
R9,565k540,34.26469067,131.53786263,,,,
R9,565k560,34.26454557,131.53773555,,,,
R9,565k580,34.26439951,131.53760768,,,,
R9,565k620,34.26410327,131.53734863,,,,
R9,565k640,34.26395661,131.53722022,,,,
R9,565k660,34.26381133,131.53709302,,,,
R9,565k680,34.26366606,131.5369658,,,,
R9,565k720,34.26337308,131.53670957,,,,
R9,565k740,34.26322704,131.5365817,,,,
R9,565k760,34.26308083,131.53645369,,,,
R9,565k780,34.2629365,131.53632729,,,,
R9,565k820,34.26264088,131.5360711,,,,
R9,565k840,34.2624943,131.53594295,,,,
R9,565k860,34.26234883,131.53581609,,,,
R9,565k880,34.26220316,131.53568878,,,,
R9,565k920,34.26191615,131.53543794,,,,
R9,565k940,34.26177068,131.53531107,,,,
R9,565k960,34.26162424,131.53518307,,,,
R9,565k980,34.26147734,131.53505466,,,,
R9,566k020,34.26118651,131.53480076,,,,
R9,566k040,34.26104054,131.53467317,,,,
R9,566k060,34.26089379,131.5345449,,,,
R9,566k080,34.26074693,131.53441681,,,,
R9,566k120,34.26045985,131.53416584,,,,
R9,566k140,34.26031337,131.53403772,,,,
R9,566k160,34.26016725,131.53391032,,,,
R9,566k180,34.26002182,131.53378331,,,,
R9,566k220,34.25973217,131.53353049,,,,
R9,566k240,34.25958561,131.53340259,,,,
R9,566k260,34.25943188,131.53328918,,,,
R9,566k280,34.25926692,131.5332012,,,,
R9,566k320,34.25891289,131.53310771,,,,
R9,566k340,34.2587332,131.53308744,,,,
R9,566k360,34.25855368,131.53306727,,,,
R9,566k380,34.258374,131.533047,,,,
R9,566k420,34.25801297,131.53300767,,,,
R9,566k440,34.25783317,131.53298673,,,,
R9,566k460,34.25765359,131.53296597,,,,
R9,566k480,34.25747417,131.53294496,,,,
R9,566k580,34.2565911,131.53303523,,,,
R9,566k620,34.25625165,131.53316749,,,,
R9,566k640,34.25608019,131.53323442,,,,
R9,566k660,34.25590835,131.53330142,,,,
R9,566k680,34.25573709,131.53336831,,,,
R9,566k720,34.25539075,131.53350135,,,,
R9,566k740,34.25521918,131.53356792,,,,
R9,566k760,34.25504722,131.53363472,,,,
R9,566k780,34.25487316,131.53369565,,,,
R9,566k820,34.25451881,131.53376098,,,,
R9,566k840,34.25433795,131.53376514,,,,
R9,566k860,34.25415758,131.53374998,,,,
R9,566k920,34.25364098,131.53359403,,,,
R9,567k020,34.25299008,131.53289323,,,,
R9,567k040,34.25292764,131.53268722,,,,
R9,567k060,34.25288008,131.53247866,,,,
R9,567k080,34.25283242,131.53226964,,,,
R9,567k120,34.25273643,131.53184875,,,,
R9,567k140,34.25268861,131.53163908,,,,
R9,567k160,34.252641,131.5314303,,,,
R9,567k180,34.25259318,131.53122062,,,,
R9,567k220,34.2524977,131.53080195,,,,
R9,567k240,34.25244993,131.5305925,,,,
R9,567k260,34.25240216,131.53038305,,,,
R9,567k280,34.2523547,131.53017493,,,,
R9,567k320,34.25225837,131.529756,,,,
R9,567k340,34.25221063,131.52954678,,,,
R9,567k360,34.25216309,131.52933749,,,,
R9,567k380,34.2521154,131.5291285,,,,
R9,567k420,34.25201977,131.52870939,,,,
R9,567k440,34.25197207,131.52849945,,,,
R9,567k460,34.25192419,131.52828956,,,,
R9,567k480,34.25187655,131.52808078,,,,
R9,567k520,34.2517811,131.52766162,,,,
R9,567k540,34.25173301,131.52745084,,,,
R9,567k560,34.25168568,131.52724341,,,,
R9,567k580,34.25163802,131.52703368,,,,
R9,567k620,34.25154286,131.52661291,,,,
R9,567k640,34.25149537,131.5264043,,,,
R9,567k660,34.2514475,131.52619487,,,,
R9,567k680,34.25139944,131.52598455,,,,
R9,567k720,34.2513036,131.52556429,,,,
R9,567k740,34.25125588,131.52535553,,,,
R9,567k760,34.25120814,131.52514581,,,,
R9,567k780,34.25116027,131.52493638,,,,
R9,567k820,34.25106506,131.52451902,,,,
R9,567k840,34.25101699,131.52430869,,,,
R9,567k860,34.25096955,131.52410032,,,,
R9,567k880,34.25092138,131.52388955,,,,
R9,568k020,34.25033371,131.52261469,,,,
R9,568k040,34.25016114,131.52256099,,,,
R9,568k060,34.24998302,131.52252327,,,,
R9,568k080,34.24980715,131.52248619,,,,
R9,568k120,34.24945695,131.52242037,,,,
R9,568k140,34.2492785,131.52239874,,,,
R9,568k160,34.24909929,131.52238576,,,,
R9,568k180,34.24891904,131.52238109,,,,
R9,568k360,34.24731502,131.52249939,,,,
R9,568k380,34.24713466,131.52251367,,,,
R9,568k420,34.24677764,131.52256638,,,,
R9,568k440,34.24660208,131.52261416,,,,
R9,568k460,34.24642853,131.52267377,,,,
R9,568k480,34.24625471,131.52273525,,,,
R9,568k520,34.24590662,131.5228581,,,,
R9,568k540,34.24573339,131.52291984,,,,
R9,568k560,34.24556039,131.52298139,,,,
R9,568k580,34.24538573,131.5230422,,,,
R9,568k620,34.2450316,131.52309113,,,,
R9,568k720,34.24419707,131.52273328,,,,
R9,568k740,34.24404542,131.52261465,,,,
R9,568k760,34.24389484,131.52249687,,,,
R9,568k780,34.24374356,131.52237853,,,,
R9,568k860,34.24316445,131.52186389,,,,
R9,568k880,34.24302952,131.52171906,,,,
R9,568k920,34.24276558,131.52143525,,,,
R9,568k940,34.24263077,131.52129023,,,,
R9,568k960,34.24249568,131.52114807,,,,
R9,568k980,34.24235094,131.52101997,,,,
R9,569k020,34.24202995,131.5208175,,,,
R9,569k040,34.24186214,131.52073793,,,,
R9,569k060,34.24169306,131.52065812,,,,
R9,569k080,34.24152719,131.52057963,,,,
R9,569k220,34.24069361,131.51957045,,,,
R9,569k240,34.24057456,131.51941378,,,,
R9,569k260,34.24043608,131.51927382,,,,
R9,569k280,34.24029845,131.51913668,,,,
R9,569k320,34.24004325,131.51881704,,,,
R9,569k340,34.23993998,131.51863926,,,,
R9,569k360,34.23984811,131.51845189,,,,
R9,569k380,34.23975262,131.51827169,,,,
R9,569k480,34.23895365,131.51785146,,,,
R9,569k780,34.23650174,131.51731267,,,,
R9,569k920,34.23533861,131.51755799,,,,
R9,569k940,34.23516091,131.51752042,,,,
R9,569k960,34.23498303,131.51748289,,,,
R9,569k980,34.23480548,131.51744176,,,,
R9,570k020,34.23445753,131.51731692,,,,
R9,570k040,34.23429086,131.51723473,,,,
R9,570k060,34.23412804,131.5171419,,,,
R9,570k080,34.23396513,131.51704727,,,,
R9,570k120,34.23365041,131.51686438,,,,
R9,570k140,34.23348812,131.51677031,,,,
R9,570k160,34.23332522,131.51667568,,,,
R9,570k180,34.23316297,131.51658079,,,,
R9,570k220,34.2328658,131.51635705,,,,
R9,570k280,34.23256955,131.51582103,,,,
R9,570k380,34.23203052,131.51498141,,,,
R9,570k520,34.23078993,131.5148347,,,,
R9,570k540,34.23060947,131.51485476,,,,
R9,570k560,34.23043077,131.5148748,,,,
R9,570k580,34.2302507,131.51489495,,,,
R9,570k620,34.22989019,131.51493522,,,,
R9,570k660,34.22953179,131.51497513,,,,
R9,570k680,34.22935327,131.5150008,,,,
R9,570k720,34.22900032,131.51509487,,,,
R9,570k740,34.22882734,131.5151563,,,,
R9,570k760,34.22865402,131.51521805,,,,
R9,570k780,34.22848147,131.51528076,,,,
R9,570k920,34.22726496,131.51571621,,,,
R9,570k940,34.22709238,131.51577562,,,,
R9,570k960,34.2269139,131.51581329,,,,
R9,570k980,34.22673401,131.51582217,,,,
R9,571k020,34.22638523,131.51575677,,,,
R9,571k040,34.22621839,131.51568368,,,,
R9,571k060,34.22605621,131.51558785,,,,
R9,571k120,34.22556968,131.5152952,,,,
R9,571k140,34.22540786,131.51519756,,,,
R9,571k160,34.22524598,131.51510015,,,,
R9,571k180,34.22508501,131.51499995,,,,
R9,571k220,34.22479069,131.51476452,,,,
R9,571k240,34.22465438,131.51462529,,,,
R9,571k260,34.22452316,131.5144755,,,,
R9,571k280,34.22439175,131.51432612,,,,
R9,571k320,34.22413113,131.5140293,,,,
R9,571k620,34.22228142,131.51544189,,,,
R9,571k640,34.22220697,131.51563922,,,,
R9,571k660,34.2221193,131.51583213,,,,
R9,571k680,34.22200886,131.51600264,,,,
R9,571k720,34.2217312,131.51627548,,,,
R9,571k740,34.22156858,131.516369,,,,
R9,571k760,34.22139756,131.51643684,,,,
R9,571k820,34.22088392,131.51662232,,,,
R9,571k840,34.22071147,131.51668578,,,,
R9,571k860,34.2205395,131.51674894,,,,
R9,571k880,34.22036357,131.51679433,,,,
R9,571k920,34.2200105,131.51674539,,,,
R9,572k140,34.21832764,131.516282,,,,
R9,572k160,34.2181762,131.51639932,,,,
R9,572k180,34.21802001,131.51651088,,,,
R9,572k220,34.21769972,131.51669098,,,,
R9,572k240,34.21753037,131.51676227,,,,
R9,572k260,34.21735662,131.51682007,,,,
R9,572k280,34.21717971,131.51686384,,,,
R9,572k320,34.21681663,131.51693241,,,,
R9,572k340,34.21663888,131.51696579,,,,
R9,572k360,34.21646059,131.51699941,,,,
R9,573k640,34.20662956,131.51425747,,,,
R9,573k660,34.20653712,131.51407105,,,,
R9,573k680,34.20644864,131.51388185,,,,
R9,573k720,34.20627973,131.51351908,,,,
R9,573k740,34.20619123,131.51332937,,,,
R9,573k760,34.20610308,131.51313993,,,,
R9,573k780,34.20601476,131.51295061,,,,
R9,573k920,34.20525329,131.51156443,,,,
R9,573k940,34.20513683,131.51139853,,,,
R9,573k960,34.20501689,131.51123658,,,,
R9,573k980,34.20489391,131.51107777,,,,
R9,574k080,34.20432602,131.51038057,,,,
R9,574k120,34.2040631,131.51005977,,,,
R9,574k140,34.2039365,131.5099054,,,,
R9,574k160,34.20381002,131.5097512,,,,
R9,574k180,34.20368342,131.50959684,,,,
R9,574k520,34.20159392,131.50702095,,,,
R9,574k540,34.20147614,131.50685567,,,,
R9,574k560,34.20136112,131.50668816,,,,
R9,574k580,34.20125199,131.50651428,,,,
R9,574k820,34.20005127,131.50430573,,,,
R9,574k860,34.19985614,131.50393949,,,,
R9,574k880,34.19975901,131.50375712,,,,
R9,574k920,34.19956349,131.50339009,,,,
R9,574k940,34.19946628,131.50320725,,,,
R9,574k960,34.1993685,131.50302375,,,,
R9,574k980,34.19927092,131.50284064,,,,
R9,575k020,34.19907695,131.50247652,,,,
R9,575k060,34.19888236,131.50211123,,,,
R9,575k080,34.1987852,131.50192889,,,,
R9,575k120,34.19858733,131.50156192,,,,
R9,575k140,34.19848971,131.50137722,,,,
R9,575k160,34.19839309,131.50119597,,,,
R9,575k180,34.19829627,131.50101432,,,,
R9,575k220,34.19810238,131.50065027,,,,
R9,575k240,34.19800525,131.50046805,,,,
R9,575k260,34.19790832,131.50028608,,,,
R9,575k280,34.19781078,131.50010293,,,,
R9,575k320,34.19761645,131.49973842,,,,
R9,575k340,34.19751912,131.4995558,,,,
R9,575k360,34.19742228,131.49937376,,,,
R9,575k380,34.19732477,131.49919088,,,,
R9,575k720,34.19566288,131.49607026,,,,
R9,575k740,34.19556596,131.49588828,,,,
R9,575k780,34.19537095,131.4955228,,,,
R9,575k820,34.19518184,131.49516832,,,,
R9,575k840,34.19508536,131.49498709,,,,
R9,575k860,34.19498748,131.49480368,,,,
R9,575k880,34.19489074,131.4946224,,,,
R9,575k920,34.19469606,131.49425747,,,,
R9,575k940,34.19459921,131.49407572,,,,
R9,575k960,34.19450148,131.49389247,,,,
R9,575k980,34.19440374,131.49370921,,,,
R9,576k020,34.19421031,131.49334711,,,,
R9,576k040,34.19411346,131.49316373,,,,
R9,576k060,34.19401644,131.49298347,,,,
R9,576k080,34.19391871,131.49280185,,,,
R9,576k120,34.19372529,131.49243733,,,,
R9,576k160,34.19353185,131.49207064,,,,
R9,576k180,34.19343482,131.49188821,,,,
R9,576k220,34.19322931,131.49151142,,,,
R9,576k240,34.19313558,131.49132828,,,,
R9,576k260,34.19304133,131.49114155,,,,
R9,576k280,34.1929502,131.49095501,,,,
R9,576k320,34.19277107,131.49057728,,,,
R9,576k340,34.1926849,131.49038778,,,,
R9,576k360,34.19260236,131.49019423,,,,
R9,576k380,34.19252266,131.4900017,,,,
R9,576k420,34.19236952,131.48961609,,,,
R9,576k440,34.19229575,131.48941892,,,,
R9,576k460,34.19222291,131.48921893,,,,
R9,576k480,34.19215321,131.4890187,,,,
R9,578k020,34.18532485,131.47468999,,,,
R9,578k040,34.18521539,131.47451687,,,,
R9,578k060,34.18510685,131.47434551,,,,
R9,578k080,34.18499766,131.47417283,,,,
R9,578k220,34.18422751,131.47295722,,,,
R9,578k240,34.18411618,131.47278864,,,,
R9,578k260,34.18400224,131.47262131,,,,
R9,578k280,34.18388551,131.47245713,,,,
R9,579k220,34.17843718,131.46477842,,,,
R9,579k260,34.17823655,131.46440216,,,,
R9,580k140,34.17335095,131.45689934,,,,
R9,580k160,34.1732333,131.45673593,,,,
R9,580k180,34.17311533,131.45657208,,,,
R9,581k620,34.16461941,131.44479495,,,,
R9,581k660,34.16438465,131.44446895,,,,
R9,581k680,34.16426697,131.44430531,,,,
R9,581k720,34.16401768,131.44395898,,,,
R9,581k740,34.16389903,131.44379434,,,,
R9,581k760,34.16378201,131.44363196,,,,
R9,581k780,34.16366442,131.44346847,,,,
R9,581k820,34.16342782,131.44313983,,,,
R9,581k840,34.16331018,131.44297655,,,,
R9,581k860,34.16319243,131.44281295,,,,
R9,581k880,34.1630738,131.44264828,,,,
R9,581k920,34.16283542,131.44231364,,,,
R9,581k940,34.16271769,131.44215047,,,,
R9,581k980,34.16248306,131.44182596,,,,
R9,582k020,34.16224733,131.44149963,,,,
R9,582k040,34.16212933,131.44133643,,,,
R9,582k060,34.16201096,131.44117272,,,,
R9,582k080,34.16189305,131.4410093,,,,
R9,582k120,34.16165653,131.44068223,,,,
R9,582k160,34.16142,131.44035475,,,,
R9,582k180,34.16130163,131.44019104,,,,
R9,582k820,34.15751464,131.4349408,,,,
R9,582k840,34.15739637,131.43478075,,,,
R9,582k920,34.15688596,131.43413121,,,,
R9,582k940,34.15675707,131.43398024,,,,
R9,582k960,34.15662433,131.43383166,,,,
R9,582k980,34.15649034,131.4336881,,,,
R9,583k140,34.15535723,131.43266322,,,,
R9,583k160,34.15520384,131.43254841,,,,
R9,583k180,34.15504676,131.43243707,,,,
R9,583k220,34.1547286,131.43222535,,,,
R9,583k240,34.15456807,131.43212631,,,,
R9,583k260,34.15440749,131.43203106,,,,
R9,583k280,34.15424304,131.43193968,,,,
R9,583k320,34.15390699,131.43176582,,,,
R9,583k340,34.15373728,131.43168441,,,,
R9,583k360,34.15356933,131.43160708,,,,
R9,583k380,34.15339942,131.43153041,,,,
R9,583k420,34.15306082,131.43137749,,,,
R9,583k440,34.15289029,131.43130272,,,,
R9,583k460,34.15272172,131.43122883,,,,
R9,583k480,34.15255215,131.43115424,,,,
R9,583k520,34.15221251,131.43100535,,,,
R9,583k540,34.15204448,131.43093168,,,,
R9,583k560,34.15187562,131.43085741,,,,
R9,583k580,34.15170491,131.43078257,,,,
R9,583k620,34.15136624,131.43063385,,,,
R9,583k640,34.15119839,131.43056027,,,,
R9,583k660,34.15102964,131.43048629,,,,
R9,583k680,34.15085983,131.43041184,,,,
R9,583k720,34.15051621,131.43026078,,,,
R9,583k740,34.15034599,131.43018628,,,,
R9,583k760,34.1501755,131.4301114,,,,
R9,583k780,34.15000457,131.43003659,,,,
R9,583k820,34.14967446,131.42989184,,,,
R9,583k840,34.14950498,131.42981766,,,,
R9,583k860,34.14933573,131.42974333,,,,
R9,583k880,34.14916696,131.42966946,,,,
R9,583k920,34.14882662,131.42952023,,,,
R9,583k940,34.14865516,131.42944518,,,,
R9,583k960,34.14848627,131.42937101,,,,
R9,583k980,34.14831625,131.42929659,,,,
R9,584k020,34.14797577,131.42914393,,,,
R9,584k040,34.14780627,131.42906958,,,,
R9,584k080,34.14746704,131.42892095,,,,
R9,584k120,34.14713112,131.42877421,,,,
R9,584k140,34.14696145,131.4287001,,,,
R9,584k160,34.1467918,131.42862594,,,,
R9,584k180,34.14661727,131.42856078,,,,
R9,584k220,34.1462959,131.42841014,,,,
R9,584k240,34.14612584,131.42833753,,,,
R9,584k260,34.14595659,131.42826675,,,,
R9,584k280,34.14578487,131.42819626,,,,
R9,585k320,34.13607676,131.42351796,,,,
R9,585k340,34.1359352,131.4233881,,,,
R9,585k360,34.13579357,131.42325912,,,,
R9,585k380,34.13565195,131.4231303,,,,
R9,585k420,34.13536165,131.42286622,,,,
R9,585k440,34.13521289,131.42273069,,,,
R9,585k460,34.13506401,131.42259534,,,,
R9,585k480,34.13491515,131.42245997,,,,
R9,585k520,34.13462495,131.42219592,,,,
R9,585k540,34.13448363,131.4220672,,,,
R9,585k560,34.13434205,131.42193852,,,,
R9,585k580,34.13420142,131.42180871,,,,
R9,585k620,34.1339257,131.42154221,,,,
R9,585k640,34.13381101,131.42141707,,,,
R9,585k660,34.13366885,131.42124984,,,,
R9,585k680,34.13354745,131.42109872,,,,
R9,585k720,34.1333023,131.42078272,,,,
R9,585k740,34.13317812,131.42062297,,,,
R9,585k760,34.13305847,131.42045843,,,,
R9,585k780,34.13294135,131.4202911,,,,
R9,585k820,34.132709,131.41995695,,,,
R9,585k840,34.13259352,131.41979051,,,,
R9,585k860,34.13247829,131.41962443,,,,
R9,585k880,34.132362,131.41945686,,,,
R9,585k920,34.13213048,131.41912555,,,,
R9,585k940,34.13201721,131.41896471,,,,
R9,585k960,34.1318979,131.41879469,,,,
R9,585k980,34.13178256,131.418628,,,,
R9,586k020,34.13155329,131.41829302,,,,
R9,586k040,34.13143769,131.41812583,,,,
R9,586k060,34.13132219,131.41796019,,,,
R9,586k080,34.13120529,131.41779327,,,,
R9,586k120,34.13096942,131.41745612,,,,
R9,586k140,34.13085032,131.41728499,,,,
R9,586k180,34.1306132,131.41694147,,,,
R9,586k220,34.13037906,131.41660268,,,,
R9,586k240,34.13026255,131.41643706,,,,
R9,586k280,34.13002773,131.41610802,,,,
R9,586k320,34.12979452,131.41578448,,,,
R9,586k360,34.12955643,131.41545862,,,,
R9,586k380,34.12943625,131.41529704,,,,
R9,586k420,34.12918962,131.41497104,,,,
R9,586k440,34.12906805,131.41481093,,,,
R9,586k480,34.128833,131.41450437,,,,
R9,586k520,34.12858716,131.41417685,,,,
R9,586k540,34.1284671,131.4140175,,,,
R9,586k560,34.12834525,131.41385579,,,,
R9,586k580,34.12822435,131.41369552,,,,
R9,586k620,34.12798593,131.41338461,,,,
R9,586k640,34.12786125,131.41322368,,,,
R9,586k660,34.12774116,131.41306763,,,,
R9,586k680,34.12762004,131.41290868,,,,
R9,586k720,34.12737292,131.41258419,,,,
R9,586k740,34.12725187,131.41242626,,,,
R9,586k760,34.12712972,131.41226674,,,,
R9,587k020,34.12559701,131.41015882,,,,
R9,587k040,34.12549088,131.40999249,,,,
R9,587k120,34.12500722,131.40922082,,,,
R9,587k160,34.12479119,131.40887399,,,,
R9,587k180,34.12468337,131.40870098,,,,
R9,587k240,34.12434731,131.40816374,,,,
R9,587k260,34.12423914,131.40799134,,,,
R9,587k280,34.12413063,131.40781823,,,,
R9,587k320,34.12391799,131.40748073,,,,
R9,587k340,34.12379481,131.40728699,,,,
R9,587k460,34.12305765,131.40637383,,,,
R9,587k480,34.1229182,131.40623569,,,,
R9,587k520,34.12263383,131.40597173,,,,
R9,587k540,34.12248994,131.40584029,,,,
R9,587k560,34.1223469,131.40571107,,,,
R9,587k580,34.12220147,131.40558084,,,,
R9,587k620,34.12191127,131.40532458,,,,
R9,587k640,34.12176559,131.40519639,,,,
R9,587k660,34.12160592,131.40505871,,,,
R9,587k680,34.12147574,131.40494087,,,,
R9,587k720,34.12118572,131.4046846,,,,
R9,587k740,34.12104093,131.40455623,,,,
R9,587k760,34.12089659,131.40442845,,,,
R9,587k780,34.1207512,131.4042995,,,,
R9,587k820,34.1204587,131.40403994,,,,
R9,587k840,34.12031278,131.40391087,,,,
R9,587k860,34.12016832,131.40378271,,,,
R9,587k880,34.12002322,131.40365407,,,,
R9,587k920,34.11973494,131.40339984,,,,
R9,587k940,34.11958931,131.40327209,,,,
R9,587k960,34.11944374,131.40314421,,,,
R9,587k980,34.11929809,131.40301628,,,,
R9,588k020,34.11899202,131.40275682,,,,
R9,588k040,34.11883989,131.40263848,,,,
R9,588k060,34.11868617,131.40252534,,,,
R9,588k080,34.11853228,131.4024154,,,,
R9,588k120,34.11824189,131.40222745,,,,
R9,588k140,34.11807904,131.40213202,,,,
R9,588k160,34.11791616,131.40204212,,,,
R9,588k220,34.1173808,131.40178392,,,,
R9,588k240,34.11720967,131.40171274,,,,
R9,588k260,34.1170373,131.40164642,,,,
R9,588k280,34.11686592,131.40158573,,,,
R9,588k320,34.11651083,131.40147599,,,,
R9,588k340,34.11633568,131.40143086,,,,
R9,588k360,34.11615843,131.40138994,,,,
R9,588k420,34.11562022,131.40129385,,,,
R9,588k440,34.11545231,131.40127781,,,,
R9,588k460,34.11527905,131.40125767,,,,
R9,588k480,34.11507285,131.40124163,,,,
R9,588k520,34.11473263,131.40124385,,,,
R9,588k540,34.11455323,131.40125017,,,,
R9,588k580,34.11419477,131.40127368,,,,
R9,588k620,34.11383533,131.40130719,,,,
R9,588k660,34.113477,131.40134264,,,,
R9,588k680,34.11329737,131.40135702,,,,
R9,588k720,34.11293324,131.40138255,,,,
R9,588k760,34.11257048,131.40138601,,,,
R9,588k780,34.11238938,131.40136959,,,,
R9,588k820,34.11203194,131.4013104,,,,
R9,588k840,34.11185565,131.40127137,,,,
R9,588k860,34.1116798,131.40122419,,,,
R9,588k880,34.11148009,131.40116023,,,,
R9,588k920,34.11130915,131.40109152,,,,
R9,588k940,34.11114042,131.40101477,,,,
R9,588k960,34.11097465,131.4009298,,,,
R9,588k980,34.11081175,131.40083676,,,,
R9,589k020,34.11048518,131.40061961,,,,
R9,589k040,34.11033346,131.4005026,,,,
R9,589k060,34.11018614,131.40037774,,,,
R9,589k080,34.11004345,131.40024507,,,,
R9,589k120,34.10977381,131.39995743,,,,
R9,589k140,34.10964709,131.39980337,,,,
R9,589k220,34.10952024,131.39963735,,,,
R9,589k240,34.10940173,131.39947401,,,,
R9,589k260,34.10928549,131.39930821,,,,
R9,589k280,34.10916989,131.3991419,,,,
R9,589k320,34.10893892,131.39880889,,,,
R9,589k340,34.10882347,131.39864243,,,,
R9,589k360,34.10870801,131.39847598,,,,
R9,589k380,34.1085925,131.39830943,,,,
R9,589k420,34.10836144,131.39797667,,,,
R9,589k440,34.10824535,131.39781071,,,,
R9,589k460,34.1081278,131.39764626,,,,
R9,589k480,34.1080087,131.39748353,,,,
R9,589k520,34.10776251,131.39716677,,,,
R9,589k540,34.10763465,131.39701402,,,,
R9,589k560,34.1075032,131.39686581,,,,
R9,589k580,34.10736826,131.39672196,,,,
R9,589k620,34.10708829,131.39644874,,,,
R9,589k640,34.1069436,131.39631941,,,,
R9,589k660,34.10679592,131.39619513,,,,
R9,589k680,34.10664531,131.39607595,,,,
R9,589k720,34.10633586,131.39585338,,,,
R9,589k740,34.10617726,131.39575018,,,,
R9,589k760,34.10601645,131.39565238,,,,
R9,589k780,34.10585319,131.39556013,,,,
R9,589k820,34.10552058,131.39539271,,,,
R9,589k840,34.1053519,131.39531626,,,,
R9,589k860,34.10518191,131.39524386,,,,
R9,589k880,34.10501112,131.39517454,,,,
R9,589k920,34.10466801,131.39504108,,,,
R9,589k940,34.10449624,131.39497546,,,,
R9,589k960,34.10432433,131.39490956,,,,
R9,589k980,34.10415261,131.39484374,,,,
R9,590k020,34.10380892,131.39471223,,,,
R9,590k040,34.1036372,131.3946464,,,,
R9,590k060,34.10346539,131.39458053,,,,
R9,590k080,34.10329352,131.39451489,,,,
R9,590k120,34.10295006,131.39438319,,,,
R9,590k140,34.10277816,131.39431755,,,,
R9,590k160,34.10260631,131.39425169,,,,
R9,590k180,34.10243456,131.39418586,,,,
R9,590k220,34.102091,131.39405441,,,,
R9,590k240,34.10191916,131.39398855,,,,
R9,590k260,34.10174731,131.39392268,,,,
R9,590k280,34.10157556,131.39385686,,,,
R9,590k320,34.101232,131.39372541,,,,
R9,590k340,34.10106007,131.39365952,,,,
R9,590k360,34.10088832,131.39359369,,,,
R9,590k380,34.10071651,131.39352807,,,,
R9,590k420,34.10037294,131.39339637,,,,
R9,590k440,34.10020113,131.39333076,,,,
R9,590k460,34.10002937,131.39326494,,,,
R9,590k480,34.09985753,131.39319908,,,,
R9,590k520,34.09951388,131.3930676,,,,
R9,590k540,34.09934212,131.39300178,,,,
R9,590k560,34.09917037,131.39293595,,,,
R9,590k580,34.09899853,131.3928701,,,,
R9,590k620,34.09865486,131.39273862,,,,
R9,590k640,34.09848311,131.3926728,,,,
R9,590k660,34.0983113,131.39260719,,,,
R9,590k680,34.09813945,131.39254133,,,,
R9,590k720,34.09779588,131.39240963,,,,
R9,590k740,34.09762401,131.39234401,,,,
R9,590k760,34.0974522,131.39227815,,,,
R9,590k780,34.09728048,131.39221233,,,,
R9,590k820,34.0969368,131.39208084,,,,
R9,590k840,34.09676509,131.39201502,,,,
R9,590k860,34.09659318,131.39194913,,,,
R9,590k880,34.09642141,131.39188353,,,,
R9,590k920,34.09607779,131.39175183,,,,
R9,590k940,34.09590601,131.39168623,,,,
R9,590k960,34.0957342,131.39162038,,,,
R9,590k980,34.09556238,131.39155454,,,,
R9,591k020,34.09521877,131.39142293,,,,
R9,591k040,34.09504699,131.39135724,,,,
R9,591k060,34.09487512,131.3912915,,,,
R9,591k080,34.09470324,131.39122577,,,,
R9,591k120,34.09435973,131.39109418,,,,
R9,591k140,34.09418787,131.39102844,,,,
R9,591k160,34.09401608,131.39096275,,,,
R9,591k180,34.0938443,131.39089706,,,,
R9,591k220,34.09349913,131.39077157,,,,
R9,591k320,34.09261265,131.39058941,,,,
R9,591k340,34.09243237,131.39058778,,,,
R9,591k360,34.09225226,131.39059836,,,,
R9,591k380,34.09207309,131.39062155,,,,
R9,591k420,34.09171931,131.39070422,,,,
R9,591k440,34.09154585,131.39076375,,,,
R9,591k460,34.09137568,131.39083503,,,,
R9,591k480,34.0912091,131.39091796,,,,
R9,591k520,34.09088906,131.39111716,,,,
R9,591k540,34.09073659,131.39123288,,,,
R9,591k560,34.09059008,131.39135912,,,,
R9,591k580,34.09044952,131.39149487,,,,
R9,591k620,34.09018441,131.39178845,,,,
R9,591k640,34.0900579,131.39194282,,,,
R9,591k660,34.08993371,131.39209993,,,,
R9,591k720,34.08956489,131.39257552,,,,
R9,591k740,34.089442,131.39273432,,,,
R9,591k760,34.0893191,131.39289279,,,,
R9,591k780,34.0891962,131.39305126,,,,
R9,591k820,34.08895041,131.39336853,,,,
R9,591k840,34.08882725,131.39352702,,,,
R9,591k860,34.0887034,131.39368436,,,,
R9,591k880,34.08857826,131.39384033,,,,
R9,591k920,34.08832161,131.39414486,,,,
R9,591k940,34.08818933,131.39429204,,,,
R9,591k960,34.08805349,131.39443468,,,,
R9,591k980,34.0879139,131.39457178,,,,
R9,592k020,34.08762396,131.39482931,,,,
R9,592k040,34.08747367,131.3949491,,,,
R9,592k060,34.08732019,131.3950629,,,,
R9,592k080,34.08716373,131.39517051,,,,
R9,592k120,34.08684234,131.39536684,,,,
R9,592k140,34.08667814,131.39545634,,,,
R9,592k160,34.08651229,131.39554156,,,,
R9,592k180,34.08634517,131.39562283,,,,
R9,592k220,34.08601538,131.39577426,,,,
R9,592k240,34.08584629,131.39584834,,,,
R9,592k260,34.08567776,131.39592364,,,,
R9,592k280,34.0855087,131.39599918,,,,
R9,592k320,34.08517489,131.39614637,,,,
R9,592k340,34.08500126,131.39622492,,,,
R9,592k360,34.08483307,131.39629933,,,,
R9,592k380,34.08466376,131.396374,,,,
R9,592k420,34.08432577,131.39652354,,,,
R9,592k440,34.08415683,131.39659877,,,,
R9,592k460,34.08398615,131.39667503,,,,
R2,221k400,34.50370605,133.4553833,,,,
R2,221k500,34.50321705,133.45444883,,,,
R2,221k600,34.50265972,133.45361436,,,,
R2,221k700,34.50201498,133.45285564,,,,
R2,221k900,34.50069788,133.45137402,,,,
R2,222k000,34.50009058,133.45056603,,,,
R2,222k100,34.49958199,133.44965984,,,,
R2,222k200,34.49918868,133.44868877,,,,
R2,222k400,34.4986969,133.44659649,,,,
R2,222k500,34.49848908,133.44553711,,,,
R2,222k600,34.49828694,133.44447601,,,,
R2,222k700,34.49809527,133.44341873,,,,
R2,222k800,34.49790747,133.44234744,,,,
R2,222k900,34.49783949,133.44126343,,,,
R2,223k200,34.49859458,133.4381677,,,,
R2,223k220,34.49868417,133.43797878,,,,
R2,223k240,34.49877373,133.43778976,,,,
R2,223k260,34.49886324,133.43760083,,,,
R2,223k280,34.49895287,133.43741187,,,,
R2,223k300,34.49904243,133.43722284,,,,
R2,223k320,34.49913194,133.43703392,,,,
R2,223k340,34.49922149,133.43684489,,,,
R2,223k360,34.49931104,133.43665586,,,,
R2,223k380,34.49940055,133.43646694,,,,
R2,223k420,34.49957974,133.43608894,,,,
R2,223k440,34.49966924,133.43590001,,,,
R2,223k460,34.4997588,133.43571098,,,,
R2,223k480,34.49984835,133.43552196,,,,
R2,223k600,34.50038567,133.43438801,,,,
R2,223k700,34.50083345,133.43344305,,,,
R2,223k900,34.50163671,133.43149412,,,,
R2,223k920,34.50171521,133.43129804,,,,
R2,223k940,34.50179358,133.43110203,,,,
R2,223k960,34.50187199,133.4309059,,,,
R2,223k980,34.5019504,133.43070978,,,,
R2,224k000,34.50202877,133.43051376,,,,
R2,224k020,34.50210718,133.43031764,,,,
R2,224k040,34.50218568,133.43012156,,,,
R2,224k060,34.50226371,133.42992534,,,,
R2,224k080,34.50233254,133.42972403,,,,
R2,224k100,34.50238751,133.42951683,,,,
R2,224k200,34.50244565,133.42843782,,,,
R2,224k300,34.50214451,133.42741956,,,,
R2,224k400,34.50156295,133.42659097,,,,
R2,224k420,34.50143906,133.42643272,,,,
R2,224k440,34.50131531,133.42627444,,,,
R2,224k460,34.50119148,133.4261161,,,,
R2,224k480,34.50106767,133.42595792,,,,
R2,224k500,34.50094348,133.42579998,,,,
R2,224k520,34.50081473,133.42564773,,,,
R2,224k540,34.50068002,133.42550293,,,,
R2,224k560,34.50053989,133.42536606,,,,
R2,224k580,34.50039438,133.42523743,,,,
R2,224k600,34.50024406,133.42511727,,,,
R2,224k620,34.50008963,133.42500502,,,,
R2,224k640,34.49993452,133.42489389,,,,
R2,224k660,34.4997795,133.42478283,,,,
R2,224k680,34.49962441,133.42467187,,,,
R2,224k700,34.49946931,133.42456074,,,,
R2,224k720,34.49931422,133.4244497,,,,
R2,224k740,34.49915953,133.42433794,,,,
R2,224k760,34.49901207,133.42421276,,,,
R2,224k780,34.49887572,133.42407052,,,,
R2,224k800,34.49875177,133.42391242,,,,
R2,224k820,34.49864151,133.42374029,,,,
R2,224k840,34.49854605,133.42355566,,,,
R2,224k860,34.49846635,133.42336055,,,,
R2,224k880,34.49840316,133.42315669,,,,
R2,224k900,34.49835567,133.42294667,,,,
R2,224k920,34.49831117,133.42273566,,,,
R2,224k940,34.49826675,133.42252461,,,,
R2,224k960,34.49822233,133.42231355,,,,
R2,224k980,34.49817782,133.42210254,,,,
R2,225k000,34.4981334,133.42189149,,,,
R2,225k100,34.4979111,133.4208364,,,,
R2,225k200,34.49768888,133.41978119,,,,
R2,225k300,34.49746653,133.41872613,,,,
R2,225k320,34.49742212,133.41851506,,,,
R2,225k340,34.49737761,133.41830402,,,,
R2,225k360,34.49733322,133.41809305,,,,
R2,225k380,34.49728871,133.41788201,,,,
R2,225k400,34.4972443,133.41767094,,,,
R2,225k420,34.49719979,133.41745989,,,,
R2,225k440,34.4971554,133.41724893,,,,
R2,225k460,34.49711089,133.41703789,,,,
R2,225k480,34.49706647,133.41682682,,,,
R2,225k500,34.49702115,133.41661614,,,,
R2,225k520,34.49696994,133.4164074,,,,
R2,225k540,34.49691143,133.41620138,,,,
R2,225k560,34.49684635,133.41599833,,,,
R2,225k580,34.49677486,133.41579844,,,,
R2,225k600,34.49669639,133.41560237,,,,
R2,225k700,34.49626392,133.41464723,,,,
R2,225k900,34.49539443,133.41273967,,,,
R2,226k000,34.49495973,133.41178594,,,,
R2,226k100,34.49452769,133.41083822,,,,
R2,226k200,34.49409023,133.40987855,,,,
R2,226k300,34.49365541,133.4089249,,,,
R2,226k500,34.49278592,133.4070175,,,,
R2,226k600,34.49235103,133.40606384,,,,
R2,226k700,34.49191427,133.40511157,,,,
R2,226k800,34.49147539,133.40416065,,,,
R2,226k900,34.49103639,133.40320975,,,,
R2,227k000,34.49059743,133.40225896,,,,
R2,227k100,34.49015976,133.4013072,,,,
R2,227k300,34.48964146,133.39923354,,,,
R2,227k400,34.48948394,133.39815013,,,,
R2,227k500,34.48932807,133.39707787,,,,
R2,227k600,34.4891721,133.39600563,,,,
R2,227k700,34.48901621,133.39493338,,,,
R2,227k800,34.48886021,133.39386122,,,,
R2,228k000,34.48854834,133.39171674,,,,
R2,228k100,34.48839204,133.39064467,,,,
R2,228k200,34.48823572,133.38957249,,,,
R2,228k300,34.48807948,133.38850029,,,,
R2,228k400,34.48792313,133.3874282,,,,
R2,228k500,34.48776688,133.38635603,,,,
R2,228k600,34.48761048,133.38528386,,,,
R2,228k700,34.48750657,133.38420385,,,,
R2,228k800,34.48754125,133.3831164,,,,
R2,228k900,34.48759183,133.38202944,,,,
R2,229k000,34.48764245,133.38094249,,,,
R2,229k100,34.48769304,133.37985564,,,,
R2,229k200,34.48774364,133.37876868,,,,
R2,229k500,34.48782447,133.37551635,,,,
R2,229k600,34.4876001,133.37446201,,,,
R2,229k700,34.48737574,133.37340757,,,,
R2,229k900,34.48692705,133.37129887,,,,
R2,230k000,34.48670265,133.37024447,,,,
R2,230k100,34.48647826,133.36919018,,,,
R2,230k200,34.48625387,133.36813583,,,,
R2,230k300,34.48602944,133.36708144,,,,
R2,230k400,34.485805,133.36602715,,,,
R2,230k500,34.48558056,133.36497278,,,,
R2,230k600,34.48535613,133.36391853,,,,
R2,231k300,34.4855759,133.35645186,,,,
R2,231k500,34.4857148,133.3542616,,,,
R2,231k700,34.48579945,133.35195961,,,,
R2,231k900,34.48571579,133.34993378,,,,
R2,233k300,34.4853008,133.33594591,,,,
R2,233k400,34.48550806,133.33497487,,,,
R2,233k500,34.48544258,133.33381902,,,,
R2,233k600,34.4852169,133.33276477,,,,
R2,233k700,34.48498947,133.3317113,,,,
R2,233k820,34.48453818,133.33004527,,,,
R2,233k840,34.48447185,133.32984275,,,,
R2,233k860,34.48440547,133.32964039,,,,
R2,233k880,34.48433905,133.32943792,,,,
R2,233k900,34.48427211,133.32923574,,,,
R2,233k920,34.48420308,133.3290347,,,,
R2,233k940,34.4841318,133.32883463,,,,
R2,233k960,34.4840583,133.32863591,,,,
R2,233k980,34.48398258,133.32843827,,,,
R2,234k000,34.48390473,133.32824192,,,,
R2,234k100,34.48353295,133.32725089,,,,
R2,234k200,34.48321743,133.32623193,,,,
R2,234k220,34.48313811,133.32603637,,,,
R2,234k240,34.48305483,133.32584337,,,,
R2,234k260,34.48297151,133.32565026,,,,
R2,234k280,34.48288802,133.32545727,,,,
R2,234k300,34.48280262,133.32526558,,,,
R2,234k400,34.48226714,133.32439527,,,,
R2,234k500,34.48158856,133.32367919,,,,
R2,234k600,34.48099572,133.3228608,,,,
R2,234k700,34.48043523,133.32200815,,,,
R2,234k720,34.48031444,133.32184652,,,,
R2,234k740,34.4801899,133.32168919,,,,
R2,234k760,34.48006072,133.32153734,,,,
R2,234k780,34.47992703,133.3213913,,,,
R2,234k800,34.47978897,133.32125122,,,,
R2,234k820,34.47964687,133.32111737,,,,
R2,234k840,34.47950381,133.3209848,,,,
R2,234k860,34.47936342,133.32084828,,,,
R2,234k880,34.47922809,133.3207045,,,,
R2,234k900,34.47910048,133.3205508,,,,
R2,235k000,34.4786144,133.31964078,,,,
R2,235k020,34.47854752,133.31943857,,,,
R2,235k040,34.47848581,133.31923408,,,,
R2,235k060,34.47842613,133.31902864,,,,
R2,235k080,34.47836644,133.3188232,,,,
R2,235k100,34.47830676,133.31861777,,,,
R2,235k120,34.47824707,133.31841233,,,,
R2,235k140,34.47818653,133.31820724,,,,
R2,235k160,34.47812104,133.31800453,,,,
R2,235k180,34.47804609,133.3178065,,,,
R2,235k200,34.47795864,133.31761616,,,,
R2,235k300,34.47737411,133.31679154,,,,
R2,235k400,34.47675392,133.31600169,,,,
R2,235k420,34.47662692,133.31584728,,,,
R2,235k440,34.47649733,133.31569593,,,,
R2,235k460,34.47636528,133.31554764,,,,
R2,235k480,34.47623084,133.31540266,,,,
R2,235k500,34.47609407,133.31526091,,,,
R2,235k520,34.47595723,133.31511908,,,,
R2,235k540,34.47582115,133.31497636,,,,
R2,235k560,34.47568589,133.31483235,,,,
R2,235k580,34.47555144,133.31468737,,,,
R2,236k300,34.46796935,133.30632538,,,,
R2,236k400,34.46725857,133.30565604,,,,
R2,236k420,34.46711696,133.30552302,,,,
R2,236k440,34.46697421,133.30538895,,,,
R2,236k460,34.46683158,133.30525543,,,,
R2,236k480,34.46668894,133.30512233,,,,
R2,236k500,34.46654658,133.30498878,,,,
R2,236k600,34.46583458,133.30432137,,,,
R2,239k000,34.45836942,133.2812549,,,,
R2,242k000,34.45996852,133.2505003,,,,
R2,242k100,34.4594585,133.24959423,,,,
R2,242k200,34.45889179,133.24874555,,,,
R2,242k300,34.45826776,133.2479507,,,,
R2,242k400,34.45760734,133.2472198,,,,
R2,243k000,34.45360172,133.24283715,,,,
R2,243k100,34.45291938,133.24208883,,,,
R2,243k200,34.45224883,133.24133529,,,,
R2,243k300,34.45164201,133.24058084,,,,
R2,243k400,34.45105039,133.23970241,,,,
R2,243k420,34.45094528,133.23952686,,,,
R2,243k440,34.45084379,133.23934705,,,,
R2,243k460,34.45074526,133.23916639,,,,
R2,243k480,34.45064958,133.23898069,,,,
R2,243k500,34.4505556,133.2387935,,,,
R2,243k600,34.45014051,133.2378431,,,,
R2,243k700,34.44978847,133.23684318,,,,
R2,243k800,34.44949122,133.23581743,,,,
R2,243k900,34.44921484,133.23477893,,,,
R2,244k000,34.44895447,133.23373322,,,,
R2,244k100,34.44863869,133.23271466,,,,
R2,244k200,34.44824068,133.2317354,,,,
R2,244k300,34.44773972,133.23083513,,,,
R2,244k400,34.44715306,133.23001367,,,,
R2,244k500,34.44648732,133.22928529,,,,
R2,244k600,34.44576521,133.22865301,,,,
R2,244k700,34.44497147,133.22814093,,,,
R2,244k800,34.44413225,133.2277476,,,,
R2,244k900,34.44325977,133.22743561,,,,
R2,245k000,34.4423955,133.22714173,,,,
R2,245k100,34.44153305,133.2268448,,,,
R2,245k200,34.44067076,133.22652729,,,,
R2,245k300,34.43981467,133.22618378,,,,
R2,245k500,34.43813792,133.22538298,,,,
R2,245k700,34.43655765,133.22431813,,,,
R2,245k800,34.43582115,133.2237053,,,,
R2,245k900,34.43511226,133.22302856,,,,
R2,246k000,34.43444698,133.22229466,,,,
R2,246k100,34.43381956,133.22150957,,,,
R2,246k200,34.4332406,133.22067201,,,,
R2,246k220,34.43313076,133.22050011,,,,
R2,246k240,34.43302194,133.22032735,,,,
R2,246k260,34.43291436,133.22015349,,,,
R2,246k280,34.43280781,133.2199786,,,,
R2,246k300,34.43270223,133.2198026,,,,
R2,248k900,34.42257644,133.19660058,,,,
R2,249k400,34.42317354,133.19121439,,,,
R2,249k500,34.42328557,133.19013498,,,,
R2,249k600,34.42337478,133.18905292,,,,
R2,252k000,34.40966775,133.17110265,,,,
R2,252k100,34.4088508,133.17064587,,,,
R2,252k200,34.40803709,133.17018065,,,,
R2,252k300,34.40722673,133.16970158,,,,
R2,252k900,34.40351887,133.16510073,,,,
R2,253k000,34.40304811,133.16417326,,,,
R2,253k020,34.40295392,133.16398774,,,,
R2,253k040,34.40285978,133.16380232,,,,
R2,253k060,34.40276559,133.1636168,,,,
R2,253k080,34.40267148,133.16343122,,,,
R2,253k100,34.40257734,133.1632458,,,,
R2,253k120,34.40248266,133.16306064,,,,
R2,253k140,34.40238697,133.16287635,,,,
R2,253k160,34.40228956,133.16269331,,,,
R2,253k180,34.40218967,133.16251222,,,,
R2,253k200,34.40208686,133.16233356,,,,
R2,253k300,34.40151396,133.161495,,,,
R2,253k400,34.40084807,133.16076333,,,,
R2,253k500,34.40010451,133.16014957,,,,
R2,253k600,34.39933671,133.15958002,,,,
R2,253k700,34.39869068,133.15899276,,,,
R2,253k800,34.3980506,133.15822834,,,,
R2,253k900,34.39750652,133.15736231,,,,
R2,254k000,34.3970694,133.15641231,,,,
R2,254k100,34.39674792,133.15539731,,,,
R2,254k120,34.39669812,133.15518817,,,,
R2,254k140,34.39665326,133.1549776,,,,
R2,254k160,34.39661337,133.15476541,,,,
R2,254k180,34.39657844,133.15455206,,,,
R2,254k200,34.39654866,133.15433755,,,,
R2,254k300,34.39652053,133.15325265,,,,
R2,254k320,34.39652127,133.15303511,,,,
R2,254k340,34.39652717,133.15281779,,,,
R2,254k360,34.39653822,133.1526007,,,,
R2,254k380,34.39655442,133.15238406,,,,
R2,254k400,34.39657558,133.1521681,,,,
R2,257k100,34.38461489,133.12966918,,,,
R2,257k200,34.38414187,133.12874444,,,,
R2,257k300,34.38378294,133.12774814,,,,
R2,257k380,34.38358628,133.126912,,,,
R2,257k400,34.38355252,133.12669848,,,,
R2,257k420,34.38352544,133.12648349,,,,
R2,257k440,34.38350534,133.12626736,,,,
R2,257k800,34.38348527,133.1257697,,,,
R2,257k900,34.38356761,133.12468869,,,,
R2,258k000,34.38380945,133.12364221,,,,
R2,258k020,34.38387264,133.12343852,,,,
R2,258k040,34.38393949,133.12323663,,,,
R2,258k060,34.38400997,133.12303639,,,,
R2,258k080,34.38408368,133.12283792,,,,
R2,258k100,34.38416065,133.12264137,,,,
R2,258k120,34.38424086,133.12244658,,,,
R2,258k140,34.38432438,133.12225388,,,,
R2,258k160,34.38441094,133.12206309,,,,
R2,258k180,34.38450072,133.12187457,,,,
R2,258k200,34.38459366,133.12168818,,,,
R2,258k300,34.38510265,133.12079087,,,,
R2,258k320,34.3852123,133.12061853,,,,
R2,258k340,34.38532438,133.12044825,,,,
R2,258k360,34.38543848,133.1202799,,,,
R2,258k380,34.38555468,133.12011355,,,,
R2,258k400,34.38567261,133.119949,,,,
R2,258k500,34.38628909,133.11915588,,,,
R2,258k600,34.38694787,133.11841427,,,,
R2,258k700,34.38764634,133.11772688,,,,
R2,258k800,34.38838113,133.11709719,,,,
R2,258k900,34.38914903,133.116528,,,,
R2,259k000,34.3899464,133.11602124,,,,
R2,259k200,34.39159195,133.11513304,,,,
R2,259k220,34.39175763,133.11504694,,,,
R2,259k240,34.39192282,133.11496,,,,
R2,259k260,34.39208757,133.11487165,,,,
R2,259k280,34.39225164,133.11478139,,,,
R2,259k300,34.39241475,133.1146886,,,,
R2,259k320,34.39257654,133.11459275,,,,
R2,259k340,34.39273694,133.11449349,,,,
R2,259k360,34.39289551,133.11439005,,,,
R2,259k380,34.39305213,133.11428225,,,,
R2,259k400,34.39320616,133.11416932,,,,
R2,259k500,34.39392623,133.11351736,,,,
R2,259k520,34.39405741,133.11336817,,,,
R2,259k540,34.39418373,133.11321303,,,,
R2,259k560,34.39430501,133.11305207,,,,
R2,259k580,34.39442112,133.11288573,,,,
R2,259k600,34.39453203,133.11271426,,,,
R2,259k700,34.39503438,133.11181174,,,,
R2,259k800,34.39548437,133.11087012,,,,
R2,260k100,34.39647339,133.1078363,,,,
R2,260k200,34.39679934,133.10682242,,,,
R2,260k300,34.39718958,133.10584265,,,,
R2,260k400,34.39765868,133.1049144,,,,
R2,260k420,34.39776154,133.10473577,,,,
R2,260k440,34.39786699,133.1045594,,,,
R2,260k460,34.39797483,133.10438504,,,,
R2,260k480,34.39808443,133.10421234,,,,
R2,260k500,34.3981956,133.10404105,,,,
R2,260k600,34.3987609,133.103194,,,,
R2,260k700,34.39932253,133.1023433,,,,
R2,260k800,34.3998771,133.10148589,,,,
R2,260k900,34.40042454,133.10062192,,,,
R2,261k000,34.40096481,133.09975121,,,,
R2,261k900,34.40482229,133.09118064,,,,
R2,262k000,34.40512491,133.09015608,,,,
R2,262k100,34.40542695,133.0891314,,,,
R2,262k200,34.40572901,133.0881066,,,,
R2,262k300,34.40603105,133.08708181,,,,
R2,262k400,34.40633304,133.08605709,,,,
R2,262k500,34.40663513,133.08503217,,,,
R2,262k600,34.40693715,133.08400747,,,,
R2,262k700,34.40723919,133.08298265,,,,
R2,262k800,34.40754118,133.08195794,,,,
R2,263k400,34.40935298,133.07580877,,,,
R2,263k420,34.40941285,133.07560367,,,,
R2,263k440,34.40947212,133.07539815,,,,
R2,263k460,34.40953027,133.07519228,,,,
R2,263k480,34.409587,133.07498573,,,,
R2,263k500,34.40964198,133.07477863,,,,
R2,263k520,34.40969487,133.07457065,,,,
R2,263k540,34.40974539,133.0743618,,,,
R2,263k560,34.40979304,133.07415206,,,,
R2,263k580,34.40983758,133.07394122,,,,
R2,263k600,34.40987868,133.07372943,,,,
R2,263k620,34.40991633,133.07351668,,,,
R2,263k640,34.40995033,133.07330304,,,,
R2,263k660,34.40998085,133.07308865,,,,
R2,263k680,34.41000776,133.07287362,,,,
R2,263k700,34.41003096,133.07265785,,,,
R2,263k720,34.41005079,133.07244168,,,,
R2,263k740,34.41006697,133.07222502,,,,
R2,263k760,34.4100796,133.07200796,,,,
R2,263k780,34.4100886,133.07179075,,,,
R2,263k800,34.41009405,133.07157326,,,,
R2,263k820,34.41009588,133.07135573,,,,
R2,263k840,34.41009407,133.07113827,,,,
R2,263k860,34.41008864,133.07092078,,,,
R2,263k880,34.41007968,133.07070347,,,,
R2,263k900,34.410067,133.07048659,,,,
R2,263k920,34.41005081,133.07026989,,,,
R2,263k940,34.41003071,133.07005362,,,,
R2,263k960,34.41000653,133.06983814,,,,
R2,263k980,34.4099777,133.06962337,,,,
R2,264k000,34.40994403,133.06940966,,,,
R2,264k100,34.40969201,133.06836668,,,,
R2,264k200,34.40928169,133.06740029,,,,
R2,264k300,34.40872043,133.06655152,,,,
R2,264k600,34.40643584,133.06485087,,,,
R2,264k620,34.40626801,133.06477121,,,,
R2,264k640,34.40609954,133.06469395,,,,
R2,264k660,34.40593041,133.06461849,,,,
R2,264k680,34.40576084,133.06454443,,,,
R2,264k700,34.405591,133.0644716,,,,
R2,264k900,34.40390195,133.06371201,,,,
R2,265k000,34.40308971,133.06324075,,,,
R2,265k100,34.4023122,133.06269086,,,,
R2,265k200,34.40156115,133.06208948,,,,
R2,265k300,34.40081615,133.06147697,,,,
R2,265k400,34.40007122,133.06086461,,,,
R2,265k500,34.3993263,133.06025201,,,,
R2,265k520,34.39917749,133.06012929,,,,
R2,265k540,34.39902897,133.060006,,,,
R2,265k560,34.3988809,133.05988183,,,,
R2,265k580,34.39873346,133.05975664,,,,
R2,265k600,34.39858682,133.05963002,,,,
R2,265k620,34.39844123,133.05950176,,,,
R2,265k640,34.39829672,133.0593716,,,,
R2,265k660,34.39815374,133.05923923,,,,
R2,265k680,34.39801219,133.05910441,,,,
R2,265k700,34.39787246,133.05896693,,,,
R2,265k800,34.39720745,133.05823346,,,,
R2,265k900,34.39660622,133.05742363,,,,
R2,266k000,34.39607504,133.05654556,,,,
R2,266k100,34.39561919,133.05560785,,,,
R2,266k400,34.39474374,133.05253367,,,,
R2,266k420,34.39471136,133.05231978,,,,
R2,266k440,34.39468149,133.05210521,,,,
R2,266k460,34.39465363,133.05189039,,,,
R2,266k480,34.39462763,133.05167512,,,,
R2,266k500,34.39460326,133.05145968,,,,
R2,266k520,34.39458009,133.0512439,,,,
R2,266k540,34.39455798,133.05102804,,,,
R2,266k560,34.39453653,133.05081207,,,,
R2,266k580,34.39451556,133.05059613,,,,
R2,266k600,34.39449468,133.05038005,,,,
R2,266k620,34.39447388,133.05016396,,,,
R2,266k640,34.394453,133.04994789,,,,
R2,266k660,34.39443212,133.04973193,,,,
R2,266k680,34.39441133,133.04951584,,,,
R2,266k700,34.39439041,133.04929982,,,,
R2,266k800,34.39428535,133.04821971,,,,
R2,266k820,34.39425933,133.04800456,,,,
R2,266k840,34.39422648,133.04779071,,,,
R2,266k860,34.39418273,133.04757979,,,,
R2,266k880,34.39412813,133.04737249,,,,
R2,266k900,34.39406296,133.04716968,,,,
R2,267k000,34.39361185,133.04623013,,,,
R2,267k200,34.39305811,133.0440511,,,,
R2,267k220,34.3930382,133.04383494,,,,
R2,267k240,34.39302037,133.0436185,,,,
R2,267k260,34.39300285,133.04340211,,,,
R2,267k280,34.39298531,133.0431856,,,,
R2,267k300,34.39296788,133.04296918,,,,
R2,267k400,34.39293301,133.04188293,,,,
R2,267k500,34.39298868,133.04079821,,,,
R2,267k600,34.39318313,133.0397376,,,,
R2,267k700,34.39350461,133.03872201,,,,
R2,267k800,34.39384307,133.03771406,,,,
R2,267k900,34.39418162,133.03670614,,,,
R2,268k000,34.39455558,133.03559232,,,,
R2,268k100,34.3948677,133.03469488,,,,
R2,268k200,34.39521732,133.03369245,,,,
R2,268k300,34.39556698,133.03269009,,,,
R2,268k400,34.39591871,133.03168871,,,,
R2,268k500,34.39633764,133.03072659,,,,
R2,268k600,34.39678805,133.02978471,,,,
R2,268k700,34.39716623,133.0287981,,,,
R2,268k800,34.39746375,133.02777173,,,,
R2,268k900,34.39774518,133.02673865,,,,
R2,269k100,34.39844534,133.02473515,,,,
R2,269k200,34.39879248,133.02373196,,,,
R2,269k300,34.39869642,133.02266441,,,,
R2,269k400,34.39890736,133.02162341,,,,
R2,269k500,34.39924355,133.02061418,,,,
R2,269k600,34.39961401,133.01962363,,,,
R2,269k700,34.40011176,133.01871833,,,,
R2,269k800,34.40068567,133.01787978,,,,
R2,269k900,34.40127001,133.01705166,,,,
R2,270k000,34.40191489,133.01629709,,,,
R2,270k100,34.40268527,133.01573572,,,,
R2,270k200,34.40332141,133.01496681,,,,
R2,270k300,34.40396984,133.01421297,,,,
R2,270k400,34.40466554,133.01352185,,,,
R2,270k500,34.40522689,133.01267503,,,,
R2,270k600,34.40559283,133.01168336,,,,
R2,270k700,34.40581324,133.01062908,,,,
R2,270k800,34.40602108,133.00957069,,,,
R2,270k900,34.40621796,133.00850963,,,,
R2,271k000,34.40618918,133.00742788,,,,
R2,271k100,34.40591702,133.00639181,,,,
R2,271k200,34.40553055,133.00541057,,,,
R2,271k300,34.40507902,133.00446927,,,,
R2,271k400,34.40471323,133.00347572,,,,
R2,271k500,34.40445133,133.00243636,,,,
R2,271k600,34.40424757,133.00137694,,,,
R2,271k700,34.40403095,133.00032142,,,,
R2,271k800,34.40370326,132.9993094,,,,
R2,271k900,34.403273,132.99835385,,,,
R2,272k000,34.40289035,132.9973692,,,,
R2,272k100,34.40246506,132.99641023,,,,
R2,272k200,34.40210177,132.99541656,,,,
R2,272k300,34.40208156,132.99434224,,,,
R2,272k400,34.4024198,132.99334167,,,,
R2,272k500,34.40303363,132.99254949,,,,
R2,272k600,34.40369322,132.99180807,,,,
R2,272k700,34.40429787,132.99100408,,,,
R2,272k800,34.40477632,132.99008274,,,,
R2,272k900,34.40524128,132.98915084,,,,
R2,273k000,34.40554362,132.9881329,,,,
R2,273k100,34.40573513,132.98707051,,,,
R2,273k200,34.40600929,132.98603455,,,,
R2,273k300,34.40610727,132.9849579,,,,
R2,273k400,34.40605263,132.98387225,,,,
R2,273k600,34.40594283,132.98170076,,,,
R2,273k700,34.40581242,132.98062608,,,,
R2,273k800,34.40552329,132.97959765,,,,
R2,273k900,34.40513961,132.97861324,,,,
R2,274k000,34.40475475,132.9776295,,,,
R2,274k100,34.40437068,132.97664576,,,,
R2,274k200,34.40408148,132.97561737,,,,
R2,274k300,34.40396046,132.97454121,,,,
R2,274k400,34.40401217,132.9734571,,,,
R2,274k700,34.40451854,132.97025194,,,,
R2,275k000,34.40458832,132.96980768,,,,
R2,275k100,34.40476622,132.96874146,,,,
R2,275k300,34.40503275,132.96714871,,,,
R2,275k400,34.40521205,132.96607719,,,,
R2,275k500,34.40538158,132.96500872,,,,
R2,275k600,34.4055488,132.9639401,,,,
R2,275k700,34.40571584,132.96287132,,,,
R2,275k800,34.40584881,132.96177028,,,,
R2,275k900,34.4057358,132.96072211,,,,
R2,276k000,34.4054645,132.95968489,,,,
R2,276k100,34.40518754,132.9586293,,,,
R2,276k300,34.40464816,132.95657409,,,,
R2,276k400,34.40437609,132.95553713,,,,
R2,276k500,34.40408493,132.95450861,,,,
R2,276k600,34.40359196,132.95360322,,,,
R2,276k700,34.40289221,132.95292457,,,,
R2,276k800,34.40210355,132.95239747,,,,
R2,276k900,34.4013149,132.95187077,,,,
R2,277k000,34.40053322,132.95132945,,,,
R2,277k100,34.39979558,132.95070475,,,,
R2,277k200,34.39907746,132.95004737,,,,
R2,277k300,34.39835933,132.94938996,,,,
R2,277k400,34.39764107,132.94873257,,,,
R2,277k500,34.39693701,132.94805397,,,,
R2,277k600,34.3963097,132.94727416,,,,
R2,277k700,34.39577234,132.94640167,,,,
R2,277k800,34.39525963,132.94550705,,,,
R2,277k900,34.39473774,132.94462034,,,,
R2,278k000,34.39421366,132.94373547,,,,
R2,278k800,34.38986624,132.93689075,,,,
R2,278k900,34.38958017,132.93588365,,,,
R2,279k000,34.38989489,132.93488291,,,,
R2,279k100,34.39037747,132.93396443,,,,
R2,279k200,34.39074526,132.93326424,,,,
R2,279k700,34.39402176,132.9298219,,,,
R2,279k800,34.39489677,132.92957275,,,,
R2,280k600,34.39852439,132.92217161,,,,
R2,280k700,34.398675,132.92110052,,,,
R2,281k500,34.39632519,132.9131142,,,,
R2,281k600,34.39612336,132.91205777,,,,
R2,286k500,34.39804296,132.86794146,,,,
R2,286k800,34.399434,132.86514378,,,,
R2（赤坂BP KP重複区間）,235k500,34.47314573,133.31157049,,,,
R2（赤坂BP KP重複区間）,235k520,34.47298085,133.31148255,,,,
R2（赤坂BP KP重複区間）,235k540,34.47280908,133.31141692,,,,
R2（赤坂BP KP重複区間）,235k560,34.47263273,133.31137141,,,,
R2（赤坂BP KP重複区間）,235k580,34.4724556,133.31133125,,,,
R2（赤坂BP KP重複区間）,235k600,34.47227785,133.31129413,,,,
R2（赤坂BP KP重複区間）,235k620,34.47210022,133.31125692,,,,
R2（赤坂BP KP重複区間）,235k640,34.47192271,133.3112188,,,,
R2（赤坂BP KP重複区間）,235k660,34.47174534,133.31117964,,,,
R2（赤坂BP KP重複区間）,235k680,34.47156874,133.3111356,,,,
R2（赤坂BP KP重複区間）,235k700,34.47140073,133.31108422,,,,
R2（赤坂BP KP重複区間）,235k920,34.47348794,133.31188114,,,,
R317,23k200,34.27313997,133.10442951,,,,
R317,23k300,34.27257436,133.10358472,,,,
R317,23k500,34.27152555,133.10182913,,,,
R317,23k700,34.27042423,133.10007808,,,,
R317,23k800,34.26982395,133.09927048,,,,
R317,23k900,34.26917326,133.09854197,,,,
R317,24k200,34.26695024,133.09666553,,,,
R317,24k400,34.26543217,133.09554854,,,,
R54,35k800,34.63191194,132.62821869,,,,
R54,36k100,34.6311836,132.63137631,,,,
R54,36k200,34.63094198,132.63243775,,,,
R54,37k000,34.62965341,132.64096594,,,,
R54,37k100,34.62931666,132.6419831,,,,
R191,146k120,34.66701905,131.69238582,,,,
R191,146k140,34.66699023,131.69260124,,,,
R191,146k160,34.66696139,131.69281668,,,,
R191,146k180,34.66693286,131.69303212,,,,
R191,146k220,34.66689099,131.69346541,,,,
R191,146k240,34.66688596,131.69368352,,,,
R191,146k260,34.66689291,131.69390156,,,,
R191,146k280,34.66691190,131.69411853,,,,
R191,146k420,34.66727017,131.69558057,,,,
R191,146k440,34.66732851,131.69578708,,,,
R191,146k460,34.66738687,131.69599355,,,,
R191,146k480,34.66744378,131.69620063,,,,
R191,146k620,34.66730747,131.69766374,,,,
R191,146k640,34.66721010,131.69784743,,,,
R191,146k660,34.66711059,131.69802940,,,,
R191,146k680,34.66701800,131.69821659,,,,
R191,146k720,34.66689537,131.69862524,,,,
R191,146k740,34.66687407,131.69884171,,,,
R191,146k760,34.66688044,131.69905960,,,,
R191,146k780,34.66691429,131.69927371,,,,
R191,146k820,34.66705968,131.69967141,,,,
R191,146k840,34.66716058,131.69985220,,,,
R191,146k860,34.66726860,131.70002690,,,,
R191,146k880,34.66737613,131.70020210,,,,
R191,146k920,34.66756009,131.70057658,,,,
R191,146k940,34.66761973,131.70078229,,,,
R191,146k960,34.66765041,131.70099706,,,,
R191,146k980,34.66765122,131.70121505,,,,
R191,147k020,34.66756395,131.70163645,,,,
R191,147k040,34.66747878,131.70182851,,,,
R191,147k060,34.66737355,131.70200561,,,,
R191,147k080,34.66725669,131.70217173,,,,
R191,147k120,34.66701640,131.70247412,,,,
R191,147k140,34.66689581,131.70263541,,,,
R191,147k160,34.66677468,131.70279791,,,,
R191,147k180,34.66665806,131.70296321,,,,
R191,147k220,34.66646717,131.70333177,,,,
R191,147k240,34.66640419,131.70353598,,,,
R191,147k260,34.66636324,131.70375084,,,,
R191,147k280,34.66634345,131.70396668,,,,
R191,147k320,34.66638048,131.70440329,,,,
R191,147k340,34.66643388,131.70461102,,,,
R191,147k360,34.66650311,131.70481221,,,,
R191,147k380,34.66657976,131.70501032,,,,
R191,148k020,34.66909344,131.71129240,,,,
R191,148k040,34.66917111,131.71148936,,,,
R191,148k060,34.66924878,131.71168630,,,,
R191,148k080,34.66932643,131.71188327,,,,
R191,148k120,34.66948175,131.71227714,,,,
R191,148k140,34.66955943,131.71247410,,,,
R191,148k160,34.66963708,131.71267105,,,,
R191,148k180,34.66971475,131.71286799,,,,
R191,148k320,34.67025890,131.71424634,,,,
R191,148k340,34.67033709,131.71444297,,,,
R191,148k360,34.67041528,131.71463961,,,,
R191,148k380,34.67049349,131.71483626,,,,
R191,148k420,34.67067460,131.71521319,,,,
R191,148k440,34.67078814,131.71538400,,,,
R191,148k460,34.67091701,131.71553822,,,,
R191,148k480,34.67105666,131.71567614,,,,
R191,148k520,34.67135798,131.71590944,,,,
R191,148k540,34.67151589,131.71601475,,,,
R191,148k560,34.67167382,131.71612007,,,,
R191,148k580,34.67183173,131.71622541,,,,
R191,148k620,34.67213741,131.71642331,,,,
R191,148k640,34.67229755,131.71653028,,,,
R191,148k660,34.67245833,131.71663767,,,,
R191,148k680,34.67261830,131.71674547,,,,
R191,148k720,34.67293175,131.71697325,,,,
R191,148k740,34.67308449,131.71709284,,,,
R191,148k760,34.67323707,131.71721928,,,,
R191,148k780,34.67338437,131.71734833,,,,
R191,148k820,34.67365770,131.71763327,,,,
R191,148k840,34.67378348,131.71779044,,,,
R191,148k860,34.67390671,131.71795432,,,,
R191,148k880,34.67402169,131.71812479,,,,
R191,148k920,34.67422533,131.71845369,,,,
R191,148k940,34.67431103,131.71864445,,,,
R191,148k960,34.67438636,131.71884275,,,,
R191,148k980,34.67445317,131.71904444,,,,
R191,149k020,34.67455302,131.71946412,,,,
R191,149k040,34.67458778,131.71968009,,,,
R191,149k060,34.67461148,131.71989919,,,,
R191,149k080,34.67461966,131.72011785,,,,
R191,149k120,34.67459740,131.72054830,,,,
R191,149k140,34.67456922,131.72076485,,,,
R191,149k160,34.67452688,131.72097897,,,,
R191,149k180,34.67447297,131.72118991,,,,
R191,149k220,34.67433268,131.72159264,,,,
R191,149k240,34.67424616,131.72178359,,,,
R191,149k260,34.67415081,131.72196928,,,,
R191,149k280,34.67404612,131.72214907,,,,
R191,149k420,34.67321951,131.72330583,,,,
R191,149k440,34.67310930,131.72347959,,,,
R191,149k460,34.67300535,131.72365803,,,,
R191,149k480,34.67291201,131.72384452,,,,
R191,149k520,34.67275746,131.72423930,,,,
R191,149k540,34.67269806,131.72444592,,,,
R191,149k560,34.67264982,131.72465762,,,,
R191,149k580,34.67261282,131.72487253,,,,
R191,149k620,34.67256939,131.72530662,,,,
R191,149k640,34.67256608,131.72552617,,,,
R191,149k660,34.67257409,131.72574329,,,,
R191,149k680,34.67259851,131.72595901,,,,
R191,149k820,34.67276086,131.72747337,,,,
R191,149k840,34.67272412,131.72768744,,,,
R191,149k860,34.67267336,131.72789799,,,,
R191,149k880,34.67260846,131.72810212,,,,
R191,149k920,34.67243246,131.72848915,,,,
R191,149k940,34.67232176,131.72866361,,,,
R191,149k960,34.67219715,131.72882330,,,,
R191,149k980,34.67206312,131.72897187,,,,
R191,150k020,34.67178114,131.72924347,,,,
R191,150k040,34.67164305,131.72938658,,,,
R191,150k060,34.67150979,131.72953281,,,,
R191,150k080,34.67138149,131.72968937,,,,
R191,150k720,34.67186105,131.73615604,,,,
R191,150k740,34.67190073,131.73637096,,,,
R191,150k760,34.67192866,131.73658628,,,,
R191,150k780,34.67194636,131.73680301,,,,
R191,150k820,34.67194617,131.73724029,,,,
R191,150k840,34.67192835,131.73745619,,,,
R191,150k860,34.67190015,131.73767145,,,,
R191,150k880,34.67186239,131.73788332,,,,
R191,150k920,34.67176519,131.73830793,,,,
R191,150k940,34.67171715,131.73851827,,,,
R191,150k960,34.67166910,131.73872862,,,,
R191,150k980,34.67162106,131.73893896,,,,
R191,151k120,34.67128938,131.74041251,,,,
R191,151k140,34.67124161,131.74062296,,,,
R191,151k160,34.67119526,131.74083386,,,,
R191,151k180,34.67115842,131.74104467,,,,
R191,151k420,34.67105471,131.74365402,,,,
R191,151k440,34.67105051,131.74387222,,,,
R191,151k460,34.67104631,131.74409039,,,,
R191,151k480,34.67104211,131.74430858,,,,
R191,151k520,34.67103368,131.74474491,,,,
R191,151k540,34.67102948,131.74496311,,,,
R191,151k560,34.67102527,131.74518126,,,,
R191,151k580,34.67102108,131.74539944,,,,
R191,151k620,34.67101295,131.74583580,,,,
R191,151k640,34.67100906,131.74605397,,,,
R191,151k660,34.67100517,131.74627217,,,,
R191,151k680,34.67100126,131.74649036,,,,
R191,151k720,34.67099347,131.74692672,,,,
R191,151k740,34.67098957,131.74714490,,,,
R191,151k760,34.67098566,131.74736307,,,,
R191,151k780,34.67098178,131.74758127,,,,
R191,151k820,34.67097398,131.74801762,,,,
R191,151k840,34.67097010,131.74823582,,,,
R191,151k860,34.67096618,131.74845400,,,,
R191,151k880,34.67096227,131.74867218,,,,
R191,152k020,34.67099735,131.75019918,,,,
R191,152k040,34.67104840,131.75040770,,,,
R191,152k060,34.67111670,131.75060954,,,,
R191,152k080,34.67119647,131.75079530,,,,
R191,153k120,34.67743600,131.75841246,,,,
R191,153k140,34.67747907,131.75862579,,,,
R191,153k160,34.67752157,131.75883632,,,,
R191,153k180,34.67756418,131.75904741,,,,
R191,153k220,34.67764477,131.75944253,,,,
R191,153k240,34.67769489,131.75968821,,,,
R191,153k260,34.67773797,131.75989834,,,,
R191,153k280,34.67778134,131.76010991,,,,
R191,153k420,34.67816631,131.76156332,,,,
R191,153k440,34.67823695,131.76176395,,,,
R191,153k460,34.67830973,131.76196409,,,,
R191,153k480,34.67838232,131.76216522,,,,
R191,153k720,34.67924838,131.76455136,,,,
R191,153k740,34.67932064,131.76475133,,,,
R191,153k760,34.67939292,131.76495129,,,,
R191,153k780,34.67946517,131.76515126,,,,
R191,153k920,34.67997045,131.76654971,,,,
R191,153k940,34.68004239,131.76674844,,,,
R191,153k960,34.68011495,131.76694887,,,,
R191,153k980,34.68018753,131.76714932,,,,
R191,154k020,34.68033317,131.76755196,,,,
R191,154k040,34.68040491,131.76775045,,,,
R191,154k060,34.68047742,131.76795102,,,,
R191,154k080,34.68055036,131.76815283,,,,
R191,154k220,34.68103281,131.76956688,,,,
R191,154k240,34.68109155,131.76977532,,,,
R191,154k260,34.68114676,131.76998466,,,,
R191,154k280,34.68119642,131.77019250,,,,
R191,154k320,34.68129711,131.77060804,,,,
R191,154k340,34.68133982,131.77081524,,,,
R191,154k360,34.68138299,131.77102490,,,,
R191,154k380,34.68142515,131.77122953,,,,
R191,154k620,34.68193636,131.77378648,,,,
R191,154k640,34.68197895,131.77399715,,,,
R191,154k660,34.68202222,131.77421122,,,,
R191,154k680,34.68206522,131.77442391,,,,
R191,155k220,34.68345602,131.78006410,,,,
R191,155k240,34.68352541,131.78026555,,,,
R191,155k260,34.68359480,131.78046700,,,,
R191,155k280,34.68366422,131.78066847,,,,
R191,155k420,34.68424967,131.78201849,,,,
R191,155k440,34.68434539,131.78220347,,,,
R191,155k460,34.68444109,131.78238844,,,,
R191,155k480,34.68453683,131.78257340,,,,
R191,155k820,34.68556024,131.78604245,,,,
R191,155k840,34.68560462,131.78625399,,,,
R191,155k860,34.68564896,131.78646555,,,,
R191,155k880,34.68569332,131.78667712,,,,
R191,156k020,34.68595826,131.78817009,,,,
R191,156k040,34.68598284,131.78838633,,,,
R191,156k060,34.68600485,131.78860296,,,,
R191,156k080,34.68602675,131.78881963,,,,
R191,156k120,34.68607054,131.78925295,,,,
R191,156k140,34.68609242,131.78946960,,,,
R191,156k160,34.68611433,131.78968624,,,,
R191,156k180,34.68613622,131.78990294,,,,
R191,156k320,34.68628948,131.79141955,,,,
R191,156k340,34.68631135,131.79163621,,,,
R191,156k360,34.68633323,131.79185289,,,,
R191,156k380,34.68635512,131.79206951,,,,
R191,156k420,34.68639968,131.79250295,,,,
R191,156k440,34.68642477,131.79271911,,,,
R191,156k460,34.68645342,131.79293462,,,,
R191,156k480,34.68648563,131.79314937,,,,
R191,156k620,34.68677524,131.79463636,,,,
R191,156k640,34.68681828,131.79484836,,,,
R191,156k660,34.68686130,131.79506032,,,,
R191,156k680,34.68690432,131.79527229,,,,
R191,156k720,34.68699424,131.79568387,,,,
R191,156k740,34.68703702,131.79589593,,,,
R191,156k760,34.68707978,131.79610796,,,,
R191,156k780,34.68712257,131.79632002,,,,
R191,156k920,34.68741647,131.79780546,,,,
R191,156k940,34.68744740,131.79802275,,,,
R191,156k960,34.68746941,131.79824036,,,,
R191,156k980,34.68748535,131.79845815,,,,
R191,157k220,34.68769840,131.80105479,,,,
R191,157k240,34.68773920,131.80126740,,,,
R191,157k260,34.68777999,131.80148005,,,,
R191,157k280,34.68782079,131.80169264,,,,
R191,157k320,34.68790317,131.80211447,,,,
R191,157k340,34.68794399,131.80232600,,,,
R191,157k360,34.68798612,131.80254083,,,,
R191,157k380,34.68802607,131.80275380,,,,
R191,157k620,34.68868876,131.80523099,,,,
R191,157k640,34.68875588,131.80543572,,,,
R191,157k660,34.68882439,131.80564067,,,,
R191,157k680,34.68889117,131.80584209,,,,
R191,157k820,34.68936481,131.80725874,,,,
R191,157k840,34.68943333,131.80746214,,,,
R191,157k860,34.68949927,131.80766279,,,,
R191,157k880,34.68956838,131.80786744,,,,
R191,158k120,34.69019552,131.81035000,,,,
R191,158k140,34.69019226,131.81056952,,,,
R191,158k160,34.69017795,131.81078689,,,,
R191,158k180,34.69015722,131.81100410,,,,
R191,158k220,34.69013090,131.81143967,,,,
R191,158k240,34.69010951,131.81165968,,,,
R191,158k260,34.69008856,131.81187527,,,,
R191,158k280,34.69006758,131.81209101,,,,
R191,158k420,34.68992943,131.81360787,,,,
R191,158k440,34.68991012,131.81382573,,,,
R191,158k460,34.68989105,131.81404080,,,,
R191,158k480,34.68987177,131.81425824,,,,
R191,158k520,34.68983413,131.81469216,,,,
R191,158k540,34.68981299,131.81491077,,,,
R191,158k560,34.68979290,131.81512681,,,,
R191,158k580,34.68977339,131.81534146,,,,
R191,158k820,34.68953752,131.81794727,,,,
R191,158k840,34.68951845,131.81816185,,,,
R191,158k860,34.68949905,131.81838041,,,,
R191,158k880,34.68947991,131.81859570,,,,
R191,159k320,34.68876046,131.82329193,,,,
R191,159k340,34.68867613,131.82348555,,,,
R191,159k360,34.68858475,131.82367381,,,,
R191,159k380,34.68848646,131.82385718,,,,
R191,159k520,34.68764739,131.82499309,,,,
R191,159k540,34.68750703,131.82513086,,,,
R191,159k560,34.68736230,131.82526176,,,,
R191,159k580,34.68722311,131.82537771,,,,
R191,159k620,34.68694850,131.82566156,,,,
R191,159k640,34.68683248,131.82582613,,,,
R191,159k660,34.68673096,131.82600894,,,,
R191,159k680,34.68664719,131.82620242,,,,
R191,160k120,34.68540866,131.83076390,,,,
R191,160k140,34.68534806,131.83096998,,,,
R191,160k160,34.68528650,131.83117468,,,,
R191,160k180,34.68522431,131.83138134,,,,
R191,160k420,34.68447323,131.83383703,,,,
R191,160k440,34.68437622,131.83402097,,,,
R191,160k460,34.68426931,131.83419671,,,,
R191,160k480,34.68415296,131.83436339,,,,
R54,95k000,34.96259795,132.73444779,,,,
R54,95k600,34.96789725,132.73391617,,,,
R54,96k200,34.97287945,132.73220100,,,,
R54,96k600,34.97623456,132.73054155,,,,
R54,96k800,34.97778204,132.72944650,,,,
R54,97k200,34.98066103,132.72686170,,,,
R54,97k400,34.98206850,132.72546474,,,,
R54,97k800,34.98525391,132.72397488,,,,
R54,98k400,34.98937801,132.72023744,,,,
R54,98k600,34.99078805,132.71883576,,,,
R54,98k800,34.99230361,132.71768832,,,,
R54,99k000,34.99354419,132.71618899,,,,
R54,99k200,34.99520009,132.71522274,,,,
R54,99k400,34.99691638,132.71465047,,,,
R54,99k600,34.99870585,132.71408999,,,,
R54,100k200,35.00366908,132.71576793,,,,
R54,100k400,35.00511139,132.71705901,,,,
R54,100k600,35.00668874,132.71807916,,,,
R54,100k800,35.00830635,132.71902657,,,,
R54,101k800,35.01647175,132.72323617,,,,
R54,102k000,35.01816852,132.72397413,,,,
R54,102k600,35.02319925,132.72636964,,,,
R54,102k800,35.02422267,132.72818696,,,,
R54,103k000,35.02497615,132.73015643,,,,
R54,103k400,35.02612885,132.73437461,,,,
R54,103k600,35.02666933,132.73648200,,,,
R54,103k800,35.02710165,132.73854610,,,,
R54,104k000,35.02765125,132.74061387,,,,
R54,104k200,35.02870110,132.74240150,,,,
R54,104k400,35.02983160,132.74408512,,,,
R54,104k600,35.03152086,132.74439961,,,,
R54,105k000,35.03523296,132.74387093,,,,
R54,105k600,35.03980103,132.74113086,,,,
R54,105k800,35.04155446,132.74080402,,,,
R54,106k400,35.04503023,132.74521535,,,,
R54,106k600,35.04670371,132.74602449,,,,
R54,106k800,35.04849516,132.74614181,,,,
R54,107k200,35.05142479,132.74787565,,,,
R54,107k400,35.05285350,132.74913766,,,,
R54,107k600,35.05451372,132.75001795,,,,
R54,107k800,35.05624631,132.75049192,,,,
R54,108k200,35.05883872,132.75306437,,,,
R54,108k400,35.06013726,132.75456696,,,,
R54,108k800,35.06274797,132.75760528,,,,
R54,109k200,35.06418403,132.76160032,,,,
R54,109k400,35.06513115,132.76353940,,,,
R54,109k600,35.06611518,132.76527916,,,,
R54,109k800,35.06768221,132.76624933,,,,
R54,110k400,35.06921402,132.77149764,,,,
R54,111k200,35.07081586,132.77979801,,,,
R54,111k400,35.07249402,132.78025939,,,,
R54,111k600,35.07428384,132.78003835,,,,
R54,112k600,35.08183949,132.78537081,,,,
R54,113k000,35.08512471,132.78603261,,,,
R54,113k400,35.08868629,132.78531514,,,,
R54,114k000,35.09382382,132.78346879,,,,
R54,114k400,35.09723750,132.78205498,,,,
R54,114k600,35.09900886,132.78161887,,,,
R54,114k800,35.10082706,132.78200646,,,,
R54,115k200,35.10423623,132.78333761,,,,
R54,115k600,35.10766798,132.78361044,,,,
R54,116k800,35.11755154,132.77818644,,,,
R54,117k000,35.11907550,132.77704471,,,,
R54,117k200,35.12024193,132.77545021,,,,
R54,117k600,35.12241050,132.77190312,,,,
R54,118k000,35.12558367,132.77076309,,,,
R54,118k200,35.12734234,132.77052085,,,,
R54,118k600,35.13078326,132.77137449,,,,
R54,118k800,35.13251767,132.77184256,,,,
R54,119k400,35.13637666,132.77522516,,,,
R54,119k800,35.13987519,132.77492691,,,,
R54,120k000,35.14085530,132.77682673,,,,
R54,120k400,35.14387367,132.77881558,,,,
R54,120k600,35.14500176,132.78055792,,,,
R54,120k800,35.14594674,132.78232669,,,,
R54,121k200,35.14931062,132.78390971,,,,
R54,121k400,35.15119950,132.78568855,,,,
R54,121k600,35.15085865,132.78683159,,,,
R54,121k800,35.15085190,132.78893027,,,,
R54,122k000,35.15195494,132.79028532,,,,
R54,122k400,35.15310531,132.79401336,,,,
R54,123k800,35.15697154,132.80473359,,,,
R54,124k200,35.16166352,132.80532779,,,,
R54,124k400,35.16347248,132.80524997,,,,
R54,124k600,35.16472196,132.80647602,,,,
R54,125k200,35.16578782,132.81243960,,,,
R54,125k600,35.16711975,132.81634896,,,,
R54,125k800,35.16835074,132.81783661,,,,
R54,126k000,35.17003797,132.81745335,,,,
R54,126k400,35.17311677,132.81897654,,,,
R54,126k800,35.17652748,132.81838633,,,,
R54,127k800,35.18440885,132.82078237,,,,
R54,128k200,35.18876399,132.82042060,,,,
R54,128k400,35.18784592,132.82108941,,,,
R54,128k600,35.19062565,132.82020380,,,,
R54,130k200,35.20304359,132.81443061,,,,
R54,130k400,35.20484539,132.81445294,,,,
R54,130k600,35.20659547,132.81388724,,,,
R54,130k800,35.20827782,132.81466605,,,,
R54,131k200,35.21298040,132.81781667,,,,
R54,131k600,35.21403934,132.81878763,,,,
R54,131k800,35.21615134,132.81943302,,,,
R54,132k600,35.22176556,132.81677077,,,,
R54,132k800,35.22334191,132.81763851,,,,
R54,133k000,35.22460432,132.81915676,,,,
R54,133k200,35.22609054,132.81877582,,,,
R54,133k800,35.23270406,132.81980700,,,,
R54,134k000,35.23229004,132.81863071,,,,
R54,134k200,35.23291269,132.82196006,,,,
R54,135k200,35.24069075,132.82639338,,,,
R54,135k600,35.24542685,132.82915813,,,,
R54,135k800,35.24509790,132.82885728,,,,
R54,137k200,35.25540714,132.83292258,,,,
R54,137k800,35.25821022,132.83819431,,,,
R54,138k800,35.26569731,132.83705311,,,,
R54,139k200,35.26970315,132.83915392,,,,
R54,139k400,35.27079054,132.84093118,,,,
R54,139k600,35.27166546,132.84281976,,,,
R54,139k800,35.27260580,132.84469262,,,,
R54,140k200,35.27536418,132.84739689,,,,
R54,140k400,35.27688743,132.84846544,,,,
R54,140k600,35.27793757,132.85011879,,,,
R54,141k200,35.27766934,132.85585784,,,,
R54,142k000,35.28161263,132.86262309,,,,
R54,142k400,35.28379601,132.86603515,,,,
R54,143k200,35.28988718,132.87040820,,,,
R54,143k400,35.29061184,132.87242998,,,,
R54,143k600,35.29127243,132.87435319,,,,
R54,143k800,35.29198577,132.87630428,,,,
R54,144k400,35.29521878,132.88274639,,,,
R54,144k600,35.29620115,132.88427294,,,,
R54,144k800,35.29740640,132.88622252,,,,
R54,145k200,35.29959818,132.88954896,,,,
R54,145k400,35.30072985,132.89115564,,,,
R54,145k600,35.30178673,132.89298497,,,,
R54,145k800,35.30297045,132.89477581,,,,
R54,146k000,35.30411530,132.89643140,,,,
R54,146k600,35.30756047,132.90105648,,,,
R54,147k000,35.31073494,132.90363935,,,,
R54,147k400,35.31236958,132.90752726,,,,
R54,147k600,35.31310600,132.90942122,,,,
R54,147k800,35.31407212,132.91135435,,,,
R54,148k000,35.31548070,132.91255951,,,,
R54,148k200,35.31716114,132.91209582,,,,
R54,148k600,35.32073064,132.91199716,,,,
R54,148k800,35.32228772,132.91102049,,,,
R54,149k200,35.32555023,132.90913592,,,,
R54,149k400,35.32722751,132.90834839,,,,
R54,149k600,35.32900848,132.90871381,,,,
R54,150k200,35.33415429,132.90701790,,,,
R54,150k400,35.33566838,132.90587043,,,,
R54,150k600,35.33751242,132.90530905,,,,
R54,150k800,35.33921361,132.90503691,,,,
R54,151k200,35.34276460,132.90438045,,,,
R54,151k600,35.34641434,132.90442014,,,,
R54,151k800,35.34794506,132.90349254,,,,
R54,152k400,35.35327818,132.90306433,,,,
R54,153k000,35.35855269,132.90453644,,,,
R54,153k400,35.36136705,132.90231610,,,,
R54,153k600,35.36262876,132.90055733,,,,
R54,153k800,35.36428121,132.89966446,,,,
R54,154k200,35.36698047,132.90198766,,,,
R54,154k400,35.36843852,132.90296381,,,,
R54,154k820,35.37219087,132.90374139,,,,
R54,155k800,35.37975590,132.90819247,,,,
R54,157k600,35.39442884,132.90371029,,,,
R54,158k800,35.40463908,132.90337909,,,,
R54,159k000,35.40608674,132.90274300,,,,
R9,305k400,35.40903707,133.31404576,,,,
R9,305k600,35.40869352,133.31220840,,,,
R9,305k800,35.40834379,133.30989471,,,,
R9,306k000,35.40800288,133.30764094,,,,
R9,306k200,35.40822229,133.30461516,,,,
R9,306k400,35.40812262,133.30314351,,,,
R9,306k600,35.40815334,133.30097643,,,,
R9,306k800,35.40831435,133.29899883,,,,
R9,307k000,35.40909762,133.29700673,,,,
R9,307k200,35.41075705,133.29612356,,,,
R9,307k400,35.41242646,133.29530808,,,,
R9,307k600,35.41389163,133.29398052,,,,
R9,307k800,35.41513379,133.29206956,,,,
R9,308k000,35.41615994,133.29082061,,,,
R9,308k400,35.41939925,133.28877945,,,,
R9,308k600,35.42110341,133.28807157,,,,
R9,309k000,35.42371641,133.28535341,,,,
R9,309k200,35.42511113,133.28344166,,,,
R9,309k400,35.42541778,133.28134506,,,,
R9,309k600,35.42531588,133.27893477,,,,
R9,309k800,35.42533066,133.27704251,,,,
R9,310k000,35.42622028,133.27538154,,,,
R9,310k200,35.42752781,133.27372401,,,,
R9,310k400,35.42801390,133.27146994,,,,
R9,310k600,35.42817788,133.26924878,,,,
R9,310k800,35.42833161,133.26713649,,,,
R9,311k000,35.42852846,133.26490134,,,,
R9,311k200,35.42839289,133.26290487,,,,
R9,311k400,35.42854254,133.26085659,,,,
R9,311k600,35.42873846,133.25871235,,,,
R9,311k800,35.42930373,133.25639152,,,,
R9,312k000,35.42996062,133.25439906,,,,
R9,312k200,35.43092521,133.25225871,,,,
R9,312k600,35.43257132,133.24872651,,,,
R9,312k800,35.43308214,133.24610696,,,,
R9,313k000,35.43318805,133.24423724,,,,
R9,313k200,35.43322242,133.24211785,,,,
R9,313k400,35.43326895,133.23979657,,,,
R9,314k000,35.43348523,133.23310831,,,,
R9,314k200,35.43350532,133.23074830,,,,
R9,314k400,35.43333167,133.22811020,,,,
R9,314k600,35.43324747,133.22664474,,,,
R9,314k800,35.43319435,133.22436420,,,,
R9,315k000,35.43327022,133.22213659,,,,
R9,315k200,35.43332704,133.21999692,,,,
R9,315k400,35.43338936,133.21782385,,,,
R9,315k800,35.43348221,133.21342316,,,,
R9,316k000,35.43367913,133.21126521,,,,
R9,316k200,35.43370694,133.20902989,,,,
R9,316k400,35.43305614,133.20701761,,,,
R9,316k600,35.43240698,133.20499345,,,,
R9,316k800,35.43248178,133.20258773,,,,
R9,317k000,35.43263815,133.20082420,,,,
R9,317k200,35.43240342,133.19836684,,,,
R9,317k400,35.43196957,133.19611686,,,,
R9,317k600,35.43191037,133.19407403,,,,
R9,317k800,35.43225920,133.19194739,,,,
R9,318k000,35.43237982,133.18961535,,,,
R9,318k200,35.43162273,133.18769538,,,,
R9,318k400,35.43098659,133.18587300,,,,
R9,318k600,35.43122754,133.18342141,,,,
R9,318k800,35.43190715,133.18150207,,,,
R9,319k000,35.43263338,133.17958381,,,,
R9,319k200,35.43312861,133.17743625,,,,
R9,319k400,35.43337079,133.17524660,,,,
R9,319k600,35.43361000,133.17308238,,,,
R9,319k800,35.43388115,133.17090037,,,,
R9,320k000,35.43410601,133.16865175,,,,
R9,320k200,35.43434037,133.16648465,,,,
R9,320k400,35.43371658,133.16439242,,,,
R9,320k600,35.43287025,133.16235477,,,,
R9,320k800,35.43161541,133.16135171,,,,
R9,321k000,35.42982200,133.16013237,,,,
R9,321k200,35.42841849,133.15890112,,,,
R9,321k400,35.42762425,133.15699437,,,,
R9,321k600,35.42731059,133.15502287,,,,
R9,321k800,35.42703854,133.15321948,,,,
R9,322k000,35.42661671,133.15041512,,,,
R9,322k200,35.42628744,133.14818925,,,,
R9,322k400,35.42616560,133.14604611,,,,
R9,322k600,35.42635764,133.14387767,,,,
R9,322k800,35.42658503,133.14177664,,,,
R9,323k000,35.42721730,133.13972717,,,,
R9,323k200,35.42792304,133.13756603,,,,
R9,323k400,35.42862013,133.13543349,,,,
R9,323k600,35.42961530,133.13367306,,,,
R9,323k800,35.43068416,133.13201271,,,,
R9,324k000,35.43169326,133.13048175,,,,
R9,324k200,35.43290569,133.12867261,,,,
R9,324k400,35.43395778,133.12686897,,,,
R9,324k600,35.43471591,133.12486480,,,,
R9,324k800,35.43566764,133.12315670,,,,
R9,325k000,35.43725310,133.12173459,,,,
R9,325k200,35.43873715,133.12050786,,,,
R9,325k400,35.44022002,133.11931638,,,,
R9,325k600,35.44161505,133.11802523,,,,
R9,325k800,35.44281720,133.11713925,,,,
R9,326k000,35.44380301,133.11474467,,,,
R9,326k200,35.44501828,133.11321443,,,,
R9,326k400,35.44663517,133.11232319,,,,
R9,326k600,35.44819780,133.11139234,,,,
R9,326k800,35.44872289,133.10968037,,,,
R9,327k000,35.44917208,133.10703849,,,,
R9,327k200,35.44980343,133.10483097,,,,
R9,327k400,35.45092803,133.10335827,,,,
R9,327k600,35.45242254,133.10113440,,,,
R9,327k800,35.45286988,133.09980832,,,,
R9,328k000,35.45364332,133.09758602,,,,
R9,328k600,35.45576335,133.09129817,,,,
R9,328k800,35.45626715,133.08980272,,,,
R9,329k000,35.45709558,133.08767219,,,,
R9,329k200,35.45781808,133.08569749,,,,
R9,329k400,35.45858713,133.08379640,,,,
R9,329k600,35.45972873,133.08116814,,,,
R9,329k800,35.45995510,133.07942774,,,,
R9,330k000,35.45981501,133.07759447,,,,
R9,330k200,35.45960716,133.07496906,,,,
R9,330k600,35.45926950,133.07071736,,,,
R9,330k800,35.45909982,133.06851726,,,,
R9,331k000,35.45901122,133.06622744,,,,
R9,331k200,35.45901005,133.06441572,,,,
R9,331k400,35.45901279,133.06196516,,,,
R9,331k600,35.45900677,133.06007940,,,,
R9,331k800,35.45900185,133.05779167,,,,
R9,332k000,35.45905027,133.05539302,,,,
R9,332k200,35.45872466,133.05276352,,,,
R9,332k400,35.45823429,133.05122525,,,,
R9,332k600,35.45671391,133.05030889,,,,
R9,332k800,35.45504137,133.04953838,,,,
R9,333k400,35.45022702,133.04711412,,,,
R9,333k600,35.44844498,133.04629037,,,,
R9,333k800,35.44666851,133.04542915,,,,
R9,334k000,35.44505050,133.04471949,,,,
R9,334k200,35.44318899,133.04397390,,,,
R9,334k400,35.44196536,133.04246858,,,,
R9,334k600,35.44099384,133.04058872,,,,
R9,334k800,35.44010874,133.03905755,,,,
R9,335k000,35.43837640,133.03769161,,,,
R9,335k200,35.43711610,133.03601390,,,,
R9,335k400,35.43625604,133.03426901,,,,
R9,336k000,35.43481341,133.01717392,,,,
R9,336k200,35.43493324,133.01508041,,,,
R9,336k400,35.43462350,133.01288618,,,,
R9,336k600,35.43415520,133.01075786,,,,
R9,336k800,35.43342293,133.00817217,,,,
R9,337k000,35.43256535,133.00680826,,,,
R9,337k200,35.43153892,133.00506085,,,,
R9,337k400,35.43098579,133.00299866,,,,
R9,337k500,35.43067728,133.00244207,,,,
R9,338k600,35.42978959,133.00035045,,,,
R9,338k800,35.42961764,132.99836557,,,,
R9,339k000,35.42982505,132.99617139,,,,
R9,339k200,35.43004315,132.99399675,,,,
R9,339k400,35.43027709,132.99188052,,,,
R9,339k600,35.43064700,132.98932565,,,,
R9,339k800,35.43089160,132.98752019,,,,
R9,340k000,35.43083829,132.98523958,,,,
R9,340k200,35.43000215,132.98302669,,,,
R9,340k400,35.42871883,132.98221564,,,,
R9,340k600,35.42704020,132.98139323,,,,
R9,342k200,35.42273617,132.96540175,,,,
R9,342k600,35.42338559,132.96124906,,,,
R9,342k800,35.42400597,132.95910412,,,,
R9,343k000,35.42311705,132.95708940,,,,
R9,343k400,35.42106348,132.95346905,,,,
R9,343k600,35.42085249,132.95129969,,,,
R9,344k000,35.42015480,132.94719776,,,,
R9,344k400,35.41949768,132.94282682,,,,
R9,344k600,35.41902576,132.94046562,,,,
R9,345k000,35.41818509,132.93643766,,,,
R9,345k200,35.41720327,132.93435309,,,,
R9,345k400,35.41616824,132.93283945,,,,
R9,345k800,35.41479628,132.92818087,,,,
R9,346k000,35.41407514,132.92665215,,,,
R9,346k400,35.41222801,132.92277815,,,,
R9,346k600,35.41186556,132.92077362,,,,
R9,347k000,35.41283077,132.91674325,,,,
R9,347k200,35.41216920,132.91404441,,,,
R9,347k600,35.41171215,132.91007605,,,,
R9,347k800,35.41111775,132.90844162,,,,
R9,348k200,35.40838211,132.90489122,,,,
R9,348k400,35.40717507,132.90366935,,,,
R9,348k800,35.40444964,132.90088083,,,,
R9,349k000,35.40342208,132.89904199,,,,
R9,349k400,35.40249152,132.89479759,,,,
R9,349k800,35.40106783,132.89096248,,,,
R9,350k000,35.40003161,132.88886351,,,,
R9,350k200,35.39918178,132.88706482,,,,
R9,350k600,35.39852209,132.88272346,,,,
R9,351k200,35.39782704,132.87618475,,,,
R9,351k400,35.39763707,132.87405930,,,,
R9,351k800,35.39658936,132.87011225,,,,
R9,352k000,35.39566215,132.86796201,,,,
R9,352k200,35.39514247,132.86595938,,,,
R9,352k400,35.39457101,132.86376286,,,,
R9,352k600,35.39417460,132.86161331,,,,
R9,352k800,35.39466720,132.85944340,,,,
R9,353k000,35.39525606,132.85746555,,,,
R9,353k400,35.39658449,132.85332358,,,,
R9,353k600,35.39654187,132.85119262,,,,
R9,354k000,35.39549884,132.84681198,,,,
R9,354k200,35.39484909,132.84475363,,,,
R9,354k600,35.39385523,132.84054136,,,,
R9,355k000,35.39290290,132.83619471,,,,
R9,355k200,35.39240508,132.83416168,,,,
R9,355k400,35.39188502,132.83207480,,,,
R9,355k600,35.39136883,132.82990163,,,,
R9,356k000,35.39050474,132.82573090,,,,
R9,356k200,35.39057401,132.82352526,,,,
R9,357k200,35.38848625,132.81306701,,,,
R9,357k600,35.38679498,132.80925943,,,,
R9,357k800,35.38563697,132.80743985,,,,
R9,358k200,35.38326319,132.80419130,,,,
R9,358k400,35.38186741,132.80304619,,,,
R9,358k600,35.38047649,132.80135950,,,,
R9,359k000,35.37827389,132.79786503,,,,
R9,359k200,35.37707669,132.79621258,,,,
R9,359k600,35.37468078,132.79291399,,,,
R9,360k000,35.37293744,132.78929050,,,,
R9,360k300,35.37326412,132.78585510,,,,
R9,360k900,35.37438537,132.77940576,,,,
R9,361k600,35.37563986,132.77202561,,,,
R9,361k800,35.37601430,132.76989469,,,,
R9,362k000,35.37634087,132.76770178,,,,
R9,362k200,35.37641035,132.76549186,,,,
R9,362k400,35.37612198,132.76328682,,,,
R9,362k600,35.37562980,132.76117095,,,,
R9,362k800,35.37511007,132.75900499,,,,
R9,363k000,35.37461426,132.75692874,,,,
R9,363k200,35.37402366,132.75482351,,,,
R9,363k400,35.37327540,132.75282842,,,,
R9,363k600,35.37158531,132.75088069,,,,
R9,363k800,35.37159479,132.74891682,,,,
R9,364k600,35.36987199,132.74043527,,,,
R9,364k800,35.36926345,132.73811322,,,,
R9,365k000,35.36844256,132.73633444,,,,
R9,365k200,35.36754916,132.73456107,,,,
R9,365k400,35.36652142,132.73249255,,,,
R9,365k600,35.36522158,132.73081486,,,,
R9,365k800,35.36382034,132.72968766,,,,
R9,366k000,35.36221978,132.72851937,,,,
R9,366k200,35.36071868,132.72743022,,,,
R9,366k400,35.35919036,132.72630577,,,,
R9,366k600,35.35762630,132.72517184,,,,
R9,366k800,35.35581326,132.72436061,,,,
R9,368k400,35.34157619,132.71466082,,,,
R9,368k600,35.34043305,132.71273344,,,,
R9,368k800,35.33943495,132.71105079,,,,
R9,369k200,35.33838934,132.70687712,,,,
R9,369k400,35.33814888,132.70473728,,,,
R9,369k800,35.33757960,132.70039905,,,,
R9,370k200,35.33692639,132.69609921,,,,
R9,370k400,35.33654256,132.69385199,,,,
R9,370k800,35.33573906,132.68958748,,,,
R9,371k000,35.33532883,132.68738584,,,,
R9,371k200,35.33501404,132.68523562,,,,
R9,371k400,35.33478479,132.68320294,,,,
R9,371k600,35.33401116,132.68109921,,,,
R9,371k800,35.33280937,132.67953813,,,,
R9,372k000,35.33140402,132.67809188,,,,
R9,372k200,35.33052938,132.67609749,,,,
R9,372k400,35.32922995,132.67461758,,,,
R9,372k600,35.32751382,132.67395362,,,,
R9,372k800,35.32587093,132.67311829,,,,
R9,373k000,35.32466346,132.67154216,,,,
R9,373k200,35.32350799,132.66986876,,,,
R9,373k400,35.32214209,132.66841900,,,,
R9,373k600,35.32057261,132.66731772,,,,
R9,373k800,35.31909013,132.66607504,,,,
R9,374k000,35.31783399,132.66451211,,,,
R9,374k200,35.31661165,132.66288563,,,,
R9,374k400,35.31498751,132.66166896,,,,
R9,374k600,35.31310592,132.66106181,,,,
R9,374k800,35.31123843,132.66029406,,,,
R9,375k000,35.30996163,132.65941792,,,,
R9,375k200,35.30851886,132.65831693,,,,
R9,375k400,35.30728298,132.65669887,,,,
R9,375k600,35.30600641,132.65517358,,,,
R9,375k800,35.30449253,132.65380835,,,,
R9,376k000,35.30324185,132.65242938,,,,
R9,376k200,35.30223213,132.65060615,,,,
R9,376k400,35.30073955,132.64929888,,,,
R9,376k600,35.29895187,132.64894592,,,,
R9,376k800,35.29720192,132.64843543,,,,
R9,377k000,35.29568920,132.64723466,,,,
R9,377k200,35.29531460,132.64507576,,,,
R9,377k400,35.29459673,132.64309289,,,,
R9,377k600,35.29351102,132.64132247,,,,
R9,377k800,35.29243153,132.63958075,,,,
R9,378k000,35.29158539,132.63766546,,,,
R9,378k200,35.29112986,132.63553627,,,,
R9,378k400,35.29061389,132.63331555,,,,
R9,378k600,35.28960278,132.63161119,,,,
R9,378k800,35.28847735,132.62989693,,,,
R9,379k000,35.28721730,132.62844982,,,,
R9,379k200,35.28586610,132.62701197,,,,
R9,379k400,35.28452148,132.62537462,,,,
R9,379k600,35.28394415,132.62378674,,,,
R9,379k800,35.28335182,132.62153492,,,,
R9,380k000,35.28283525,132.61921971,,,,
R9,380k200,35.28160546,132.61788690,,,,
R9,380k400,35.28016914,132.61641030,,,,
R9,380k600,35.28015203,132.61440208,,,,
R9,380k800,35.27931322,132.61258470,,,,
R9,381k000,35.27825741,132.61084998,,,,
R9,381k200,35.27834939,132.60864603,,,,
R9,381k400,35.27753137,132.60669448,,,,
R9,381k600,35.27692891,132.60464187,,,,
R9,381k800,35.27651434,132.60253776,,,,
R9,382k000,35.27626059,132.60036484,,,,
R9,382k200,35.27559081,132.59838785,,,,
R9,382k400,35.27514638,132.59623098,,,,
R9,382k600,35.27556410,132.59416903,,,,
R9,382k800,35.27588569,132.59217711,,,,
R9,383k000,35.27540896,132.59006266,,,,
R9,383k200,35.27507372,132.58783978,,,,
R9,383k400,35.27405639,132.58610767,,,,
R9,383k600,35.27271299,132.58510109,,,,
R9,383k800,35.27204571,132.58309026,,,,
R9,384k000,35.27111304,132.58131803,,,,
R9,384k200,35.26924934,132.58075376,,,,
R9,384k400,35.26754476,132.58126058,,,,
R9,384k800,35.26403996,132.58174753,,,,
R9,385k000,35.26222891,132.58147840,,,,
R9,385k200,35.26149370,132.57978006,,,,
R9,386k400,35.25508418,132.57370437,,,,
R9,386k600,35.25404628,132.57234099,,,,
R9,386k800,35.25263795,132.57004036,,,,
R9,387k000,35.25113000,132.56982802,,,,
R9,387k400,35.24858100,132.56768614,,,,
R9,387k600,35.24899246,132.56556696,,,,
R9,387k800,35.24960977,132.56353209,,,,
R9,388k000,35.24978624,132.56137806,,,,
R9,388k200,35.24885298,132.55968049,,,,
R9,389k200,35.24443562,132.55030275,,,,
R9,389k600,35.24486712,132.54623634,,,,
R9,389k800,35.24432121,132.54401847,,,,
R9,390k200,35.24214460,132.54060235,,,,
R9,390k400,35.24099756,132.53886727,,,,
R9,390k800,35.23859905,132.53585955,,,,
R9,391k000,35.23747508,132.53389403,,,,
R9,391k200,35.23670423,132.53195090,,,,
R9,391k600,35.23436783,132.52859460,,,,
R9,391k800,35.23338484,132.52695925,,,,
R9,392k200,35.23059308,132.52387033,,,,
R9,392k600,35.22802623,132.52089634,,,,
R9,392k800,35.22668172,132.51934155,,,,
R9,393k200,35.22405569,132.51632709,,,,
R9,393k400,35.22280339,132.51469563,,,,
R9,393k600,35.22163705,132.51305861,,,,
R9,394k000,35.21922465,132.50979064,,,,
R9,394k400,35.21615380,132.50762620,,,,
R9,394k600,35.21473911,132.50623433,,,,
R9,395k000,35.21163195,132.50414166,,,,
R9,395k200,35.20970423,132.50382602,,,,
R9,395k500,35.20718682,132.50353887,,,,
R9,396k800,35.20622727,132.50231254,,,,
R9,397k200,35.20397656,132.49897459,,,,
R9,397k400,35.20297503,132.49707099,,,,
R9,397k800,35.20106894,132.49335235,,,,
R9,398k000,35.20015062,132.49157419,,,,
R9,398k400,35.19834612,132.48782930,,,,
R9,398k800,35.19797772,132.48354954,,,,
R9,399k000,35.19764133,132.48135329,,,,
R9,399k400,35.19669709,132.47710034,,,,
R9,399k600,35.19699135,132.47508551,,,,
R9,399k800,35.19827567,132.47354778,,,,
R9,400k200,35.19906133,132.46916379,,,,
R9,400k600,35.20037703,132.46523164,,,,
R9,401k000,35.20149832,132.46179016,,,,
R9,401k200,35.20104970,132.45946701,,,,
R9,401k600,35.19947126,132.45585505,,,,
R9,402k000,35.19685513,132.45283989,,,,
R9,402k200,35.19621714,132.45107017,,,,
R9,402k600,35.19601854,132.44638067,,,,
R9,403k000,35.19458667,132.44239340,,,,
R9,403k200,35.19407043,132.44079823,,,,
R9,403k400,35.19328219,132.43830936,,,,
R9,403k800,35.19057566,132.43641337,,,,
R9,404k400,35.18882004,132.43013430,,,,
R9,404k800,35.18645179,132.42670361,,,,
R9,405k000,35.18484825,132.42567706,,,,
R9,405k400,35.18186598,132.42346660,,,,
R9,405k600,35.18008135,132.42349523,,,,
R9,406k000,35.17692860,132.42169525,,,,
R9,406k600,35.17172361,132.41951467,,,,
R9,406k800,35.17027578,132.41839457,,,,
R9,407k000,35.16906635,132.41770277,,,,
R9,407k600,35.16349837,132.41489391,,,,
R9,407k800,35.16196552,132.41371649,,,,
R9,408k000,35.16103883,132.41279821,,,,
R9,408k400,35.15830005,132.40978957,,,,
R9,408k600,35.15809716,132.40730016,,,,
R9,408k800,35.15708856,132.40567725,,,,
R9,409k200,35.15366802,132.40545125,,,,
R9,409k400,35.15181468,132.40521878,,,,
R9,409k800,35.14806501,132.40502161,,,,
R9,410k000,35.14667697,132.40383442,,,,
R9,410k200,35.14543549,132.40241950,,,,
R9,410k400,35.14377830,132.40172805,,,,
R9,410k600,35.14201043,132.40125538,,,,
R9,410k800,35.14023197,132.40094636,,,,
R9,411k000,35.13842337,132.40083666,,,,
R9,411k200,35.13659633,132.40039728,,,,
R9,411k400,35.13536162,132.39905327,,,,
R9,411k600,35.13404402,132.39739357,,,,
R9,411k800,35.13314770,132.39574054,,,,
R9,412k000,35.13246771,132.39441470,,,,
R9,412k200,35.13032986,132.39460612,,,,
R9,412k400,35.12871437,132.39409527,,,,
R9,412k600,35.12767796,132.39230872,,,,
R9,412k800,35.12661395,132.39054231,,,,
R9,413k000,35.12533947,132.38902643,,,,
R9,413k200,35.12444920,132.38726070,,,,
R9,413k400,35.12415775,132.38507468,,,,
R9,413k600,35.12288315,132.38369653,,,,
R9,414k200,35.11818677,132.38058421,,,,
R9,415k000,35.11117449,132.37934433,,,,
R9,415k200,35.10999394,132.37763815,,,,
R9,415k400,35.10846101,132.37648352,,,,
R9,415k600,35.10677394,132.37633824,,,,
R9,415k800,35.10507405,132.37557469,,,,
R9,416k000,35.10336342,132.37465504,,,,
R9,416k200,35.10179934,132.37381511,,,,
R9,416k400,35.10004721,132.37315307,,,,
R9,416k600,35.09832305,132.37363747,,,,
R9,416k800,35.09666234,132.37302021,,,,
R9,417k600,35.09295453,132.36541700,,,,
R9,417k800,35.09222881,132.36371861,,,,
R9,418k000,35.09197978,132.36154718,,,,
R9,418k200,35.09196552,132.35937506,,,,
R9,418k400,35.09141491,132.35727156,,,,
R9,418k600,35.09070016,132.35528392,,,,
R9,418k800,35.09054073,132.35309106,,,,
R9,419k000,35.09021495,132.35125323,,,,
R9,419k400,35.08793365,132.34745959,,,,
R9,419k600,35.08617561,132.34743848,,,,
R9,419k800,35.08447529,132.34806705,,,,
R9,420k000,35.08278281,132.34796140,,,,
R9,420k400,35.07932809,132.34702347,,,,
R9,420k600,35.07753135,132.34702627,,,,
R9,420k800,35.07571938,132.34703708,,,,
R9,421k000,35.07394717,132.34649636,,,,
R9,421k200,35.07213103,132.34599343,,,,
R9,421k400,35.07083628,132.34489712,,,,
R9,421k600,35.07037700,132.34276309,,,,
R9,421k800,35.06907546,132.34134218,,,,
R9,422k000,35.06742774,132.34031252,,,,
R9,422k200,35.06736915,132.33821504,,,,
R9,422k600,35.06954031,132.33471803,,,,
R9,422k800,35.07053830,132.33289313,,,,
R9,423k000,35.07147059,132.33106204,,,,
R9,423k400,35.07120459,132.32707943,,,,
R9,423k800,35.06984570,132.32293902,,,,
R9,424k200,35.06651631,132.32130078,,,,
R9,424k400,35.06477452,132.32076030,,,,
R9,424k600,35.06325895,132.31925733,,,,
R9,424k800,35.06208502,132.31779242,,,,
R9,425k000,35.06070807,132.31742597,,,,
R9,425k600,35.05640703,132.31387886,,,,
R9,425k620,35.05627016,132.31374581,,,,
R9,425k640,35.05611750,132.31363446,,,,
R9,425k660,35.05595245,132.31354391,,,,
R9,425k680,35.05577902,132.31348066,,,,
R9,425k700,35.05559994,132.31344789,,,,
R9,425k720,35.05542092,132.31342367,,,,
R9,425k740,35.05524164,132.31339977,,,,
R9,425k760,35.05506218,132.31337636,,,,
R9,425k780,35.05488387,132.31335238,,,,
R9,425k800,35.05470685,132.31332862,,,,
R9,425k820,35.05453020,132.31330515,,,,
R9,425k840,35.05434938,132.31328045,,,,
R9,425k860,35.05417090,132.31325614,,,,
R9,425k880,35.05399170,132.31323164,,,,
R9,425k900,35.05381157,132.31320950,,,,
R9,426k100,35.05203977,132.31291688,,,,
R9,426k400,35.05063927,132.31030793,,,,
R9,426k420,35.05059518,132.31009400,,,,
R9,426k440,35.05054657,132.30988531,,,,
R9,426k460,35.05048615,132.30967939,,,,
R9,426k480,35.05041094,132.30947976,,,,
R9,426k500,35.05032404,132.30928897,,,,
R9,426k520,35.05022281,132.30910964,,,,
R9,426k540,35.05010929,132.30893700,,,,
R9,426k560,35.04998899,132.30877557,,,,
R9,426k580,35.04986601,132.30861238,,,,
R9,426k600,35.04974224,132.30845230,,,,
R9,426k620,35.04962110,132.30829416,,,,
R9,426k640,35.04949725,132.30813390,,,,
R9,426k660,35.04937249,132.30797294,,,,
R9,426k680,35.04924959,132.30781325,,,,
R9,426k700,35.04912796,132.30765282,,,,
R9,427k100,35.04655512,132.30460533,,,,
R9,427k120,35.04645422,132.30442063,,,,
R9,427k140,35.04636334,132.30423412,,,,
R9,427k160,35.04628022,132.30403944,,,,
R9,427k180,35.04620484,132.30384252,,,,
R9,427k200,35.04613857,132.30363928,,,,
R9,427k220,35.04608024,132.30343364,,,,
R9,427k240,35.04602879,132.30322326,,,,
R9,427k260,35.04598683,132.30301331,,,,
R9,427k280,35.04595484,132.30279442,,,,
R9,427k300,35.04593094,132.30257278,,,,
R9,427k320,35.04591743,132.30235412,,,,
R9,427k340,35.04590878,132.30213440,,,,
R9,427k360,35.04590135,132.30191820,,,,
R9,427k380,35.04589335,132.30169919,,,,
R9,427k400,35.04588445,132.30147923,,,,
R9,427k600,35.04580531,132.29927961,,,,
R9,427k620,35.04579754,132.29906058,,,,
R9,427k640,35.04578984,132.29884151,,,,
R9,427k660,35.04578210,132.29862248,,,,
R9,427k680,35.04577210,132.29840354,,,,
R9,427k700,35.04575634,132.29818678,,,,
R9,427k900,35.04527985,132.29608568,,,,
R9,427k920,35.04519892,132.29588560,,,,
R9,427k940,35.04511346,132.29568884,,,,
R9,427k960,35.04502556,132.29550318,,,,
R9,427k980,35.04493192,132.29531204,,,,
R9,428k000,35.04484007,132.29512157,,,,
R9,428k020,35.04474907,132.29494105,,,,
R9,428k040,35.04465092,132.29474763,,,,
R9,428k060,35.04455742,132.29456148,,,,
R9,428k080,35.04446343,132.29437308,,,,
R9,428k100,35.04436876,132.29418545,,,,
R9,428k120,35.04427639,132.29400301,,,,
R9,428k140,35.04418081,132.29381228,,,,
R9,428k160,35.04408905,132.29362988,,,,
R9,428k180,35.04399474,132.29344311,,,,
R9,428k200,35.04390010,132.29325311,,,,
R9,428k300,35.04343067,132.29231491,,,,
R9,428k320,35.04333705,132.29213095,,,,
R9,428k340,35.04324460,132.29194453,,,,
R9,428k360,35.04315157,132.29175793,,,,
R9,428k380,35.04305842,132.29157209,,,,
R9,428k400,35.04296328,132.29138402,,,,
R9,428k420,35.04287077,132.29119790,,,,
R9,428k440,35.04277684,132.29101025,,,,
R9,428k460,35.04268353,132.29082509,,,,
R9,428k480,35.04259133,132.29064096,,,,
R9,428k500,35.04249553,132.29045242,,,,
R9,429k600,35.03692135,132.28057423,,,,
R9,429k620,35.03686761,132.28036516,,,,
R9,429k640,35.03681764,132.28015478,,,,
R9,429k660,35.03677115,132.27994312,,,,
R9,429k680,35.03672805,132.27973049,,,,
R9,429k700,35.03668795,132.27951693,,,,
R9,430k300,35.03648108,132.27298929,,,,
R9,430k320,35.03648370,132.27277015,,,,
R9,430k340,35.03648465,132.27255096,,,,
R9,430k360,35.03647985,132.27233186,,,,
R9,430k380,35.03646537,132.27211336,,,,
R9,430k400,35.03644011,132.27189638,,,,
R9,430k500,35.03623599,132.27082905,,,,
R9,430k600,35.03606514,132.26975376,,,,
R9,430k620,35.03606043,132.26953469,,,,
R9,430k640,35.03607156,132.26931596,,,,
R9,430k660,35.03609191,132.26909819,,,,
R9,430k680,35.03611466,132.26888072,,,,
R9,430k700,35.03613991,132.26862346,,,,
R9,431k300,35.03655538,132.26235880,,,,
R9,431k400,35.03712930,132.26152846,,,,
R9,431k500,35.03742920,132.26051189,,,,
R9,431k600,35.03763699,132.25945592,,,,
R9,431k700,35.03754777,132.25839405,,,,
R9,431k800,35.03699729,132.25754513,,,,
R9,432k000,35.03576594,132.25590895,,,,
R9,432k100,35.03550446,132.25490762,,,,
R9,432k300,35.03656548,132.25311891,,,,
R9,432k400,35.03635405,132.25204835,,,,
R9,432k600,35.03599727,132.24992852,,,,
R9,432k700,35.03578113,132.24886443,,,,
R9,432k800,35.03556513,132.24780036,,,,
R9,432k900,35.03534578,132.24674597,,,,
R9,433k000,35.03511053,132.24568601,,,,
R9,433k100,35.03467942,132.24473681,,,,
R9,433k200,35.03401940,132.24398377,,,,
R9,433k300,35.03332443,132.24328569,,,,
R9,433k400,35.03262950,132.24258757,,,,
R9,433k700,35.03059026,132.24047956,,,,
R9,433k800,35.02994056,132.23971752,,,,
R9,433k900,35.02941086,132.23882639,,,,
R9,434k000,35.02929068,132.23774917,,,,
R9,434k100,35.02870450,132.23691749,,,,
R9,434k200,35.02802250,132.23619351,,,,
R9,434k400,35.02666231,132.23475022,,,,
R9,434k500,35.02598723,132.23403196,,,,
R9,434k600,35.02526228,132.23336358,,,,
R9,434k620,35.02510383,132.23324807,,,,
R9,434k640,35.02494617,132.23314347,,,,
R9,434k660,35.02478721,132.23304674,,,,
R9,434k680,35.02462387,132.23295500,,,,
R9,434k700,35.02446310,132.23287377,,,,
R9,434k900,35.02270045,132.23244609,,,,
R9,435k500,35.01746565,132.23336668,,,,
R9,435k600,35.01666500,132.23285879,,,,
R9,435k700,35.01624634,132.23197538,,,,
R9,435k900,35.01556055,132.22998027,,,,
R9,436k000,35.01522030,132.22896551,,,,
R9,436k100,35.01488479,132.22794843,,,,
R9,436k300,35.01426789,132.22591719,,,,
R9,436k320,35.01421288,132.22570628,,,,
R9,436k340,35.01415452,132.22549941,,,,
R9,436k360,35.01409261,132.22529453,,,,
R9,436k380,35.01402746,132.22509024,,,,
R9,436k400,35.01395795,132.22488732,,,,
R9,436k420,35.01388557,132.22469066,,,,
R9,436k440,35.01380788,132.22449311,,,,
R9,436k460,35.01372844,132.22429450,,,,
R9,436k480,35.01365090,132.22409865,,,,
R9,436k500,35.01357112,132.22390246,,,,
R9,436k520,35.01349194,132.22370518,,,,
R9,436k540,35.01341219,132.22350657,,,,
R9,436k560,35.01333346,132.22331164,,,,
R9,436k580,35.01325422,132.22311425,,,,
R9,436k600,35.01317483,132.22291742,,,,
R9,436k620,35.01308848,132.22272415,,,,
R9,436k640,35.01300625,132.22252737,,,,
R9,436k660,35.01292650,132.22233002,,,,
R9,436k680,35.01284777,132.22213427,,,,
R9,436k700,35.01276446,132.22193590,,,,
R9,436k720,35.01269082,132.22173945,,,,
R9,436k740,35.01263742,132.22153260,,,,
R9,436k760,35.01258417,132.22132670,,,,
R9,436k780,35.01253150,132.22112083,,,,
R9,436k800,35.01247830,132.22091347,,,,
R9,436k820,35.01241771,132.22069208,,,,
R9,436k840,35.01231816,132.22051053,,,,
R9,436k860,35.01217524,132.22037855,,,,
R9,436k880,35.01200468,132.22031074,,,,
R9,436k900,35.01183153,132.22027602,,,,
R9,436k920,35.01165223,132.22024169,,,,
R9,436k940,35.01147531,132.22020567,,,,
R9,436k960,35.01130373,132.22013671,,,,
R9,436k980,35.01114716,132.22002891,,,,
R9,437k000,35.01100972,132.21988389,,,,
R9,437k020,35.01089159,132.21973071,,,,
R9,437k040,35.01079021,132.21954742,,,,
R9,437k060,35.01068987,132.21936609,,,,
R9,437k080,35.01058917,132.21918459,,,,
R9,437k100,35.01048848,132.21900318,,,,
R9,437k120,35.01038751,132.21882029,,,,
R9,437k140,35.01028654,132.21863922,,,,
R9,437k160,35.01018527,132.21845799,,,,
R9,437k180,35.01008430,132.21827572,,,,
R9,437k200,35.00998357,132.21809480,,,,
R9,437k220,35.00988457,132.21791525,,,,
R9,437k240,35.00978305,132.21773348,,,,
R9,437k260,35.00968270,132.21755125,,,,
R9,437k280,35.00958158,132.21736898,,,,
R9,437k300,35.00947988,132.21718926,,,,
R9,437k320,35.00937942,132.21700618,,,,
R9,437k340,35.00927836,132.21682532,,,,
R9,437k360,35.00917841,132.21664339,,,,
R9,437k380,35.00907692,132.21646027,,,,
R9,437k400,35.00897658,132.21627987,,,,
R9,437k420,35.00887677,132.21610058,,,,
R9,437k440,35.00877529,132.21591823,,,,
R9,437k460,35.00867530,132.21573786,,,,
R9,437k480,35.00857473,132.21555630,,,,
R9,437k500,35.00847457,132.21537510,,,,
R9,437k520,35.00837361,132.21519208,,,,
R9,437k540,35.00827277,132.21500942,,,,
R9,437k560,35.00817219,132.21482824,,,,
R9,437k580,35.00807162,132.21464507,,,,
R9,437k600,35.00797015,132.21446499,,,,
R9,437k620,35.00787142,132.21428098,,,,
R9,437k640,35.00777084,132.21409967,,,,
R9,437k660,35.00767034,132.21391794,,,,
R9,437k680,35.00757011,132.21373614,,,,
R9,437k700,35.00746885,132.21355370,,,,
R9,437k900,35.00646147,132.21173589,,,,
R9,437k920,35.00636110,132.21155443,,,,
R9,437k940,35.00626098,132.21137287,,,,
R9,437k960,35.00616045,132.21119096,,,,
R9,437k980,35.00605971,132.21100882,,,,
R9,438k000,35.00596162,132.21082967,,,,
R9,438k020,35.00586068,132.21064613,,,,
R9,438k040,35.00575990,132.21046541,,,,
R9,438k060,35.00565936,132.21028407,,,,
R9,438k080,35.00555901,132.21010232,,,,
R9,438k100,35.00545763,132.20991939,,,,
R9,438k200,35.00495373,132.20900824,,,,
R9,438k220,35.00485433,132.20882830,,,,
R9,438k240,35.00475283,132.20864632,,,,
R9,438k260,35.00465240,132.20846573,,,,
R9,438k280,35.00455212,132.20828473,,,,
R9,438k300,35.00444972,132.20810342,,,,
R9,438k320,35.00434951,132.20792060,,,,
R9,438k340,35.00424896,132.20773989,,,,
R9,438k360,35.00414762,132.20755961,,,,
R9,438k380,35.00404712,132.20737693,,,,
R9,438k400,35.00394770,132.20719863,,,,
R9,438k420,35.00384633,132.20701475,,,,
R9,438k440,35.00374520,132.20683383,,,,
R9,438k460,35.00364401,132.20665260,,,,
R9,438k480,35.00354373,132.20646894,,,,
R9,438k500,35.00344621,132.20628560,,,,
R9,438k520,35.00335246,132.20609390,,,,
R9,438k540,35.00325837,132.20590777,,,,
R9,438k560,35.00316591,132.20571894,,,,
R9,438k580,35.00307692,132.20552900,,,,
R9,438k600,35.00298760,132.20533739,,,,
R9,438k620,35.00290048,132.20514938,,,,
R9,438k640,35.00281168,132.20495907,,,,
R9,438k660,35.00272318,132.20476849,,,,
R9,438k680,35.00263545,132.20457856,,,,
R9,438k700,35.00254698,132.20438793,,,,
R9,439k100,35.00079166,132.20055685,,,,
R9,439k120,35.00072186,132.20035579,,,,
R9,439k140,35.00065937,132.20014965,,,,
R9,439k160,35.00060516,132.19994057,,,,
R9,439k180,35.00054960,132.19973217,,,,
R9,439k200,35.00049462,132.19952346,,,,
R9,439k220,35.00043881,132.19931768,,,,
R9,439k240,35.00038354,132.19910954,,,,
R9,439k260,35.00032941,132.19890152,,,,
R9,439k280,35.00027462,132.19869348,,,,
R9,439k300,35.00021955,132.19848480,,,,
R9,439k400,34.99991839,132.19744850,,,,
R9,439k420,34.99982999,132.19725887,,,,
R9,439k440,34.99973363,132.19707538,,,,
R9,439k460,34.99963550,132.19689182,,,,
R9,439k480,34.99953832,132.19670820,,,,
R9,439k500,34.99943991,132.19652348,,,,
R9,439k520,34.99934251,132.19634081,,,,
R9,439k540,34.99924512,132.19615632,,,,
R9,439k560,34.99914651,132.19597305,,,,
R9,439k580,34.99904931,132.19578913,,,,
R9,439k600,34.99895071,132.19560384,,,,
R9,439k620,34.99885424,132.19542198,,,,
R9,439k640,34.99875683,132.19523869,,,,
R9,439k660,34.99865920,132.19505396,,,,
R9,439k680,34.99855435,132.19487712,,,,
R9,439k700,34.99843945,132.19470523,,,,
R9,440k100,34.99550855,132.19218455,,,,
R9,440k120,34.99535346,132.19207202,,,,
R9,440k140,34.99519862,132.19195999,,,,
R9,440k160,34.99504437,132.19184782,,,,
R9,440k180,34.99488988,132.19173559,,,,
R9,440k200,34.99473561,132.19162378,,,,
R9,440k300,34.99397371,132.19103480,,,,
R9,440k500,34.99248966,132.18979271,,,,
R9,440k600,34.99169074,132.18930122,,,,
R9,440k620,34.99151589,132.18924194,,,,
R9,440k640,34.99133381,132.18919605,,,,
R9,440k660,34.99115378,132.18916437,,,,
R9,440k680,34.99097331,132.18913073,,,,
R9,440k700,34.99079318,132.18910038,,,,
R9,440k720,34.99061239,132.18906728,,,,
R9,440k740,34.99043311,132.18903458,,,,
R9,440k760,34.99025101,132.18900290,,,,
R9,440k780,34.99007172,132.18897114,,,,
R9,440k800,34.98989181,132.18893137,,,,
R9,440k820,34.98971435,132.18888431,,,,
R9,440k840,34.98953750,132.18882875,,,,
R9,440k860,34.98936340,132.18876454,,,,
R9,440k880,34.98919220,132.18869155,,,,
R9,440k900,34.98901996,132.18860701,,,,
R9,441k500,34.98461414,132.18487031,,,,
R9,441k520,34.98446390,132.18475156,,,,
R9,441k540,34.98431279,132.18462937,,,,
R9,441k560,34.98416183,132.18450696,,,,
R9,441k580,34.98401027,132.18438174,,,,
R9,441k600,34.98385909,132.18426066,,,,
R9,441k620,34.98371050,132.18413876,,,,
R9,441k640,34.98356184,132.18401680,,,,
R9,441k660,34.98341417,132.18389433,,,,
R9,441k680,34.98326529,132.18376313,,,,
R9,441k700,34.98312402,132.18361879,,,,
R9,441k720,34.98299657,132.18346901,,,,
R9,441k740,34.98287648,132.18330914,,,,
R9,441k760,34.98276330,132.18313708,,,,
R9,441k780,34.98265527,132.18295327,,,,
R9,441k820,34.98246886,132.18261806,,,,
R9,441k840,34.98236166,132.18243597,,,,
R9,441k860,34.98225546,132.18225565,,,,
R9,441k880,34.98214857,132.18207221,,,,
R9,441k900,34.98204358,132.18189189,,,,
R9,441k920,34.98193734,132.18171203,,,,
R9,441k940,34.98183087,132.18153172,,,,
R9,441k960,34.98172540,132.18135095,,,,
R9,441k980,34.98161886,132.18117065,,,,
R9,442k000,34.98151350,132.18098897,,,,
R9,442k020,34.98140950,132.18081053,,,,
R9,442k040,34.98130446,132.18063329,,,,
R9,442k060,34.98119907,132.18045395,,,,
R9,442k080,34.98109474,132.18027501,,,,
R9,442k200,34.98045344,132.17921541,,,,
R9,442k220,34.98034461,132.17904307,,,,
R9,442k240,34.98023313,132.17886612,,,,
R9,442k260,34.98012105,132.17868981,,,,
R9,442k280,34.98000929,132.17851384,,,,
R9,442k300,34.97989758,132.17833753,,,,
R9,442k320,34.97978986,132.17816450,,,,
R9,442k340,34.97967970,132.17798829,,,,
R9,442k360,34.97956805,132.17781204,,,,
R9,442k380,34.97946004,132.17764032,,,,
R9,442k400,34.97934276,132.17746119,,,,
R9,444k800,34.97068480,132.15382639,,,,
R9,444k820,34.97065370,132.15361283,,,,
R9,444k840,34.97062745,132.15339662,,,,
R9,444k860,34.97060179,132.15318035,,,,
R9,444k880,34.97055711,132.15297561,,,,
R9,444k900,34.97048315,132.15277789,,,,
R9,444k920,34.97038044,132.15259786,,,,
R9,444k940,34.97026211,132.15242920,,,,
R9,444k960,34.97014720,132.15226880,,,,
R9,444k980,34.97003192,132.15210618,,,,
R9,445k000,34.96991642,132.15194374,,,,
R9,445k100,34.96931812,132.15111248,,,,
R9,445k120,34.96920137,132.15094556,,,,
R9,445k140,34.96908259,132.15077784,,,,
R9,445k160,34.96896637,132.15061172,,,,
R9,445k180,34.96884843,132.15044555,,,,
R9,445k200,34.96873144,132.15028014,,,,
R9,445k220,34.96861747,132.15011487,,,,
R9,445k240,34.96848770,132.14996396,,,,
R9,445k260,34.96834148,132.14983057,,,,
R9,445k280,34.96818100,132.14972332,,,,
R9,445k300,34.96801411,132.14964627,,,,
R9,445k400,34.96713354,132.14940658,,,,
R9,445k420,34.96695731,132.14936037,,,,
R9,445k440,34.96678109,132.14931404,,,,
R9,445k460,34.96660506,132.14926656,,,,
R9,445k480,34.96643029,132.14919850,,,,
R9,445k500,34.96626218,132.14910472,,,,
R9,445k520,34.96611293,132.14898182,,,,
R9,445k540,34.96597571,132.14883970,,,,
R9,445k560,34.96584376,132.14868962,,,,
R9,445k580,34.96571316,132.14854039,,,,
R9,445k600,34.96558276,132.14839015,,,,
R9,447k000,34.95665739,132.13781064,,,,
R9,447k300,34.95497990,132.13533636,,,,
R9,447k320,34.95480884,132.13526745,,,,
R9,447k340,34.95463520,132.13520866,,,,
R9,447k360,34.95446148,132.13514981,,,,
R9,447k380,34.95428786,132.13509089,,,,
R9,447k400,34.95411419,132.13503207,,,,
R9,447k420,34.95394057,132.13497284,,,,
R9,447k440,34.95376816,132.13490894,,,,
R9,447k460,34.95359894,132.13483354,,,,
R9,447k480,34.95343580,132.13474063,,,,
R9,447k500,34.95328103,132.13462842,,,,
R9,447k800,34.95162669,132.13204925,,,,
R9,447k820,34.95149941,132.13189433,,,,
R9,447k840,34.95135877,132.13175737,,,,
R9,447k860,34.95120635,132.13164012,,,,
R9,447k880,34.95104592,132.13154102,,,,
R9,447k900,34.95088121,132.13145191,,,,
R9,447k920,34.95071568,132.13136528,,,,
R9,447k940,34.95055009,132.13127853,,,,
R9,447k960,34.95038450,132.13119185,,,,
R9,447k980,34.95021898,132.13110520,,,,
R9,448k000,34.95005337,132.13101851,,,,
R9,448k020,34.94988783,132.13093183,,,,
R9,448k040,34.94972226,132.13084513,,,,
R9,448k060,34.94955666,132.13075845,,,,
R9,448k080,34.94939109,132.13067180,,,,
R9,448k100,34.94922554,132.13058506,,,,
R9,448k120,34.94905999,132.13049839,,,,
R9,448k140,34.94889444,132.13041169,,,,
R9,448k160,34.94872879,132.13032498,,,,
R9,448k180,34.94856381,132.13023682,,,,
R9,448k200,34.94840173,132.13014104,,,,
R9,448k300,34.94776775,132.12939009,,,,
R9,448k320,34.94769661,132.12918902,,,,
R9,448k340,34.94764803,132.12897839,,,,
R9,448k360,34.94761809,132.12876243,,,,
R9,448k380,34.94758975,132.12854620,,,,
R9,448k400,34.94756154,132.12832989,,,,
R9,448k900,34.94496775,132.12438548,,,,
R9,449k100,34.94328514,132.12362340,,,,
R9,449k120,34.94311673,132.12354710,,,,
R9,449k140,34.94294769,132.12347056,,,,
R9,449k160,34.94277769,132.12339407,,,,
R9,449k180,34.94260964,132.12331735,,,,
R9,449k200,34.94244122,132.12323930,,,,
R9,449k400,34.94087452,132.12216972,,,,
R9,449k420,34.94072570,132.12204853,,,,
R9,449k440,34.94057614,132.12192603,,,,
R9,449k460,34.94042771,132.12180212,,,,
R9,449k480,34.94028264,132.12167293,,,,
R9,449k500,34.94014248,132.12153324,,,,
R9,450k200,34.93801653,132.11473083,,,,
R9,450k220,34.93799737,132.11451494,,,,
R9,450k240,34.93796771,132.11429855,,,,
R9,450k260,34.93792600,132.11408871,,,,
R9,450k280,34.93787295,132.11387806,,,,
R9,450k300,34.93781197,132.11367969,,,,
R9,450k320,34.93773454,132.11347540,,,,
R9,450k340,34.93764959,132.11328726,,,,
R9,450k360,34.93755455,132.11310396,,,,
R9,450k380,34.93744587,132.11292674,,,,
R9,450k400,34.93733414,132.11276352,,,,
R9,450k420,34.93721690,132.11260223,,,,
R9,450k440,34.93709786,132.11243845,,,,
R9,450k460,34.93698103,132.11227767,,,,
R9,450k480,34.93686101,132.11211257,,,,
R9,450k500,34.93674400,132.11195152,,,,
R9,450k900,34.93358675,132.11010489,,,,
R9,450k920,34.93340890,132.11006481,,,,
R9,450k940,34.93323326,132.11002552,,,,
R9,450k960,34.93305622,132.10998600,,,,
R9,450k980,34.93287718,132.10994449,,,,
R9,451k000,34.93270312,132.10990396,,,,
R9,451k020,34.93253058,132.10986379,,,,
R9,451k040,34.93235430,132.10982275,,,,
R9,451k060,34.93217978,132.10977736,,,,
R9,451k080,34.93200551,132.10972093,,,,
R9,451k100,34.93183212,132.10965375,,,,
R9,451k120,34.93165688,132.10958690,,,,
R9,451k140,34.93148809,132.10949879,,,,
R9,451k160,34.93132063,132.10940283,,,,
R9,451k180,34.93115439,132.10930848,,,,
R9,451k200,34.93098593,132.10921729,,,,
R9,451k220,34.93081506,132.10913595,,,,
R9,451k240,34.93064198,132.10907070,,,,
R9,451k260,34.93046369,132.10901958,,,,
R9,451k280,34.93028450,132.10898193,,,,
R9,451k300,34.93010234,132.10895900,,,,
R9,451k320,34.92992268,132.10895040,,,,
R9,451k340,34.92974328,132.10895317,,,,
R9,451k360,34.92956393,132.10895776,,,,
R9,451k380,34.92938462,132.10896273,,,,
R9,451k400,34.92920531,132.10896928,,,,
R9,451k500,34.92830700,132.10901554,,,,
R9,451k520,34.92812587,132.10902100,,,,
R9,451k540,34.92794627,132.10902674,,,,
R9,451k560,34.92776459,132.10903332,,,,
R9,451k580,34.92758475,132.10903842,,,,
R9,451k600,34.92740566,132.10904387,,,,
R9,451k620,34.92722552,132.10906148,,,,
R9,451k640,34.92704938,132.10910128,,,,
R9,451k660,34.92688101,132.10918846,,,,
R9,451k680,34.92672911,132.10930241,,,,
R9,451k700,34.92658247,132.10943494,,,,
R9,452k100,34.92313580,132.10980272,,,,
R9,452k120,34.92297313,132.10971273,,,,
R9,452k140,34.92281608,132.10960557,,,,
R9,452k160,34.92266493,132.10948422,,,,
R9,452k180,34.92252328,132.10934742,,,,
R9,452k200,34.92239624,132.10919280,,,,
R9,452k400,34.92145287,132.10738174,,,,
R9,452k420,34.92134666,132.10720158,,,,
R9,452k440,34.92122596,132.10704150,,,,
R9,452k460,34.92108571,132.10690038,,,,
R9,452k480,34.92093358,132.10678518,,,,
R9,452k500,34.92072923,132.10667922,,,,
R9,452k520,34.92055541,132.10662419,,,,
R9,452k540,34.92037660,132.10659286,,,,
R9,452k560,34.92019391,132.10657612,,,,
R9,452k580,34.92001463,132.10656160,,,,
R9,452k600,34.91984009,132.10654824,,,,
R9,452k700,34.91895892,132.10696146,,,,
R9,452k900,34.91816388,132.10870053,,,,
R9,452k920,34.91800752,132.10880876,,,,
R9,452k940,34.91784047,132.10889223,,,,
R9,452k960,34.91766546,132.10894904,,,,
R9,452k980,34.91748756,132.10897789,,,,
R9,453k000,34.91730994,132.10897916,,,,
R9,453k020,34.91713000,132.10895844,,,,
R9,453k040,34.91695343,132.10892141,,,,
R9,453k060,34.91677904,132.10886791,,,,
R9,453k080,34.91660815,132.10879832,,,,
R9,453k100,34.91644281,132.10871345,,,,
R9,453k120,34.91628211,132.10861358,,,,
R9,453k140,34.91612911,132.10850120,,,,
R9,453k160,34.91597939,132.10838065,,,,
R9,453k180,34.91583214,132.10825217,,,,
R9,453k200,34.91568520,132.10812156,,,,
R9,454k100,34.90925552,132.10259236,,,,
R9,454k200,34.90840609,132.10225342,,,,
R9,454k300,34.90760257,132.10178942,,,,
R9,454k400,34.90695084,132.10104305,,,,
R9,454k700,34.90573887,132.09820088,,,,
R9,454k800,34.90554062,132.09713082,,,,
R9,454k900,34.90543653,132.09602739,,,,
R9,455k000,34.90532264,132.09494195,,,,
R9,455k300,34.90497822,132.09170759,,,,
R9,455k500,34.90478808,132.08952838,,,,
R9,455k600,34.90469278,132.08844196,,,,
R9,455k620,34.90466957,132.08822739,,,,
R9,455k640,34.90464704,132.08801130,,,,
R9,455k660,34.90462470,132.08779565,,,,
R9,455k680,34.90459974,132.08757896,,,,
R9,455k700,34.90457651,132.08736441,,,,
R9,455k720,34.90455326,132.08714821,,,,
R9,455k740,34.90453084,132.08693362,,,,
R9,455k760,34.90450679,132.08671905,,,,
R9,455k780,34.90447826,132.08650279,,,,
R9,455k800,34.90440800,132.08630293,,,,
R9,455k900,34.90366413,132.08573439,,,,
R9,456k000,34.90282982,132.08531987,,,,
R9,456k100,34.90203054,132.08481829,,,,
R9,456k200,34.90125217,132.08426364,,,,
R9,456k300,34.90058797,132.08353434,,,,
R9,456k400,34.90015747,132.08261167,,,,
R9,456k500,34.89997351,132.08154701,,,,
R9,456k520,34.89993635,132.08133196,,,,
R9,456k540,34.89991214,132.08111520,,,,
R9,456k560,34.89990445,132.08089697,,,,
R9,456k580,34.89989850,132.08067805,,,,
R9,456k600,34.89989253,132.08045784,,,,
R9,456k620,34.89988664,132.08023794,,,,
R9,456k640,34.89988066,132.08001896,,,,
R9,456k660,34.89987476,132.07980040,,,,
R9,456k680,34.89986885,132.07958081,,,,
R9,456k700,34.89986300,132.07936413,,,,
R9,456k720,34.89985705,132.07914362,,,,
R9,456k740,34.89985410,132.07892392,,,,
R9,456k760,34.89986266,132.07870559,,,,
R9,456k780,34.89988274,132.07848829,,,,
R9,456k800,34.89990502,132.07826358,,,,
R9,456k820,34.89993028,132.07804825,,,,
R9,456k840,34.89995463,132.07783353,,,,
R9,456k860,34.89998023,132.07761600,,,,
R9,456k880,34.90000558,132.07740209,,,,
R9,456k900,34.90005292,132.07719097,,,,
R9,456k920,34.90011545,132.07698951,,,,
R9,456k940,34.90017935,132.07678622,,,,
R9,456k960,34.90024107,132.07658116,,,,
R9,456k980,34.90029850,132.07637518,,,,
R9,457k000,34.90032439,132.07615932,,,,
R9,457k100,34.90006135,132.07513539,,,,
R9,457k120,34.89998949,132.07493488,,,,
R9,457k140,34.89991742,132.07473266,,,,
R9,457k160,34.89984478,132.07453311,,,,
R9,457k180,34.89977268,132.07433144,,,,
R9,457k200,34.89969984,132.07412935,,,,
R9,457k500,34.89825325,132.07182982,,,,
R9,457k520,34.89808449,132.07190715,,,,
R9,457k540,34.89791657,132.07198483,,,,
R9,457k560,34.89774668,132.07206278,,,,
R9,457k580,34.89757842,132.07214145,,,,
R9,457k600,34.89740763,132.07221401,,,,
R9,457k620,34.89723627,132.07227850,,,,
R9,457k640,34.89706066,132.07233548,,,,
R9,457k660,34.89688542,132.07238351,,,,
R9,457k680,34.89670834,132.07243267,,,,
R9,457k700,34.89653500,132.07247630,,,,
R9,457k800,34.89565470,132.07272977,,,,
R9,457k900,34.89476841,132.07274359,,,,
R9,458k000,34.89391000,132.07240579,,,,
R9,458k020,34.89374036,132.07233382,,,,
R9,458k040,34.89357035,132.07226266,,,,
R9,458k060,34.89339974,132.07219173,,,,
R9,458k080,34.89322855,132.07212045,,,,
R9,458k100,34.89305792,132.07204980,,,,
R9,458k120,34.89288859,132.07197912,,,,
R9,458k140,34.89271748,132.07190843,,,,
R9,458k160,34.89254747,132.07183730,,,,
R9,458k180,34.89237900,132.07176289,,,,
R9,458k200,34.89222505,132.07164623,,,,
R9,458k300,34.89157860,132.07104245,,,,
R9,458k400,34.89093836,132.07013434,,,,
R9,458k500,34.89021331,132.06950187,,,,
R9,458k600,34.88959509,132.06872985,,,,
R9,458k700,34.88923533,132.06772322,,,,
R9,458k800,34.88888920,132.06670927,,,,
R9,458k900,34.88853691,132.06569924,,,,
R9,459k000,34.88802549,132.06481600,,,,
R9,459k100,34.88721973,132.06434998,,,,
R9,459k200,34.88632514,132.06416660,,,,
R9,459k300,34.88547990,132.06378621,,,,
R9,459k400,34.88467205,132.06329381,,,,
R9,459k500,34.88386647,132.06280292,,,,
R9,459k520,34.88370633,132.06270702,,,,
R9,459k540,34.88354609,132.06261143,,,,
R9,459k560,34.88338402,132.06251432,,,,
R9,459k580,34.88321436,132.06242961,,,,
R9,459k600,34.88304557,132.06240589,,,,
R9,459k700,34.88215915,132.06209691,,,,
R9,459k800,34.88140045,132.06147747,,,,
R9,459k820,34.88124895,132.06135932,,,,
R9,459k840,34.88109599,132.06124002,,,,
R9,459k860,34.88094685,132.06112373,,,,
R9,459k880,34.88079683,132.06100672,,,,
R9,459k900,34.88064406,132.06088863,,,,
R9,459k920,34.88048810,132.06078707,,,,
R9,459k940,34.88032126,132.06070352,,,,
R9,459k960,34.88014875,132.06064102,,,,
R9,459k980,34.87997496,132.06060055,,,,
R9,460k000,34.87979560,132.06058119,,,,
R9,460k020,34.87961257,132.06058416,,,,
R9,460k040,34.87943376,132.06060394,,,,
R9,460k060,34.87925688,132.06062396,,,,
R9,460k080,34.87907562,132.06064446,,,,
R9,460k100,34.87889478,132.06066439,,,,
R9,460k200,34.87799425,132.06077449,,,,
R9,460k300,34.87709758,132.06068578,,,,
R9,460k320,34.87692154,132.06063563,,,,
R9,460k340,34.87674805,132.06057246,,,,
R9,460k360,34.87657328,132.06050362,,,,
R9,460k380,34.87640277,132.06043434,,,,
R9,460k400,34.87623754,132.06036925,,,,
R9,461k600,34.86820389,132.05246673,,,,
R9,461k620,34.86817786,132.05223839,,,,
R9,461k640,34.86816103,132.05202091,,,,
R9,461k660,34.86815749,132.05180225,,,,
R9,461k680,34.86816552,132.05158520,,,,
R9,461k700,34.86818536,132.05136516,,,,
R9,461k720,34.86821681,132.05115214,,,,
R9,461k740,34.86825422,132.05094150,,,,
R9,461k760,34.86829277,132.05072684,,,,
R9,461k780,34.86833154,132.05051374,,,,
R9,461k800,34.86837039,132.05029880,,,,
R9,461k820,34.86840811,132.05008355,,,,
R9,461k840,34.86844777,132.04986837,,,,
R9,461k860,34.86848512,132.04965672,,,,
R9,461k880,34.86852319,132.04944499,,,,
R9,461k900,34.86856090,132.04923285,,,,
R9,462k100,34.86895114,132.04710413,,,,
R9,462k200,34.86914360,132.04603435,,,,
R9,462k300,34.86927557,132.04495564,,,,
R9,462k400,34.86910327,132.04388764,,,,
R9,462k500,34.86881461,132.04285147,,,,
R9,462k600,34.86852587,132.04181223,,,,
R9,462k700,34.86823629,132.04077642,,,,
R9,462k800,34.86793189,132.03975994,,,,
R9,462k900,34.86759734,132.03874245,,,,
R9,463k000,34.86726216,132.03772266,,,,
R9,463k100,34.86693073,132.03671460,,,,
R9,463k200,34.86659835,132.03569785,,,,
R9,463k300,34.86626539,132.03467964,,,,
R9,463k400,34.86593148,132.03365821,,,,
R9,463k500,34.86559987,132.03263569,,,,
R9,463k520,34.86554073,132.03243274,,,,
R9,463k540,34.86548989,132.03222501,,,,
R9,463k560,34.86544603,132.03201213,,,,
R9,463k580,34.86541551,132.03179844,,,,
R9,463k600,34.86539233,132.03158159,,,,
R9,463k700,34.86541217,132.03050000,,,,
R9,463k720,34.86544214,132.03027938,,,,
R9,463k740,34.86548284,132.03006538,,,,
R9,463k760,34.86552665,132.02985424,,,,
R9,463k780,34.86557167,132.02964331,,,,
R9,463k800,34.86561459,132.02943169,,,,
R9,463k820,34.86565176,132.02922097,,,,
R9,463k840,34.86567857,132.02900376,,,,
R9,463k860,34.86568990,132.02878682,,,,
R9,463k880,34.86568812,132.02857045,,,,
R9,463k900,34.86567270,132.02835150,,,,
R9,463k920,34.86564293,132.02813565,,,,
R9,463k940,34.86559910,132.02792725,,,,
R9,463k960,34.86554031,132.02771733,,,,
R9,463k980,34.86547190,132.02752179,,,,
R9,464k000,34.86538026,132.02732882,,,,
R9,464k900,34.85835802,132.02263369,,,,
R9,464k920,34.85822592,132.02248592,,,,
R9,464k940,34.85809945,132.02233351,,,,
R9,464k960,34.85797738,132.02217499,,,,
R9,464k980,34.85786111,132.02200941,,,,
R9,465k000,34.85774960,132.02183937,,,,
R9,465k020,34.85764377,132.02166789,,,,
R9,465k040,34.85754017,132.02148837,,,,
R9,465k060,34.85744433,132.02130553,,,,
R9,465k080,34.85735312,132.02111544,,,,
R9,465k100,34.85726195,132.02092628,,,,
R9,465k120,34.85717248,132.02072857,,,,
R9,465k140,34.85709197,132.02052617,,,,
R9,465k160,34.85702083,132.02032072,,,,
R9,465k180,34.85695828,132.02010975,,,,
R9,465k200,34.85690617,132.01990218,,,,
R9,465k300,34.85664804,132.01884851,,,,
R9,465k320,34.85659423,132.01864091,,,,
R9,465k340,34.85653793,132.01843095,,,,
R9,465k360,34.85647471,132.01822623,,,,
R9,465k380,34.85640603,132.01802212,,,,
R9,465k400,34.85632968,132.01782209,,,,
R9,465k600,34.85527932,132.01607335,,,,
R9,465k800,34.85501210,132.01571263,,,,
R9,465k820,34.85489158,132.01554990,,,,
R9,465k840,34.85477110,132.01538722,,,,
R9,465k860,34.85465057,132.01522453,,,,
R9,465k880,34.85453008,132.01506183,,,,
R9,465k900,34.85440960,132.01489917,,,,
R9,465k920,34.85428908,132.01473647,,,,
R9,465k940,34.85416858,132.01457376,,,,
R9,465k960,34.85404806,132.01441106,,,,
R9,465k980,34.85392757,132.01424841,,,,
R9,466k000,34.85380706,132.01408568,,,,
R9,466k020,34.85368801,132.01392482,,,,
R9,466k040,34.85356750,132.01376212,,,,
R9,466k060,34.85344703,132.01359936,,,,
R9,466k080,34.85332654,132.01343666,,,,
R9,466k100,34.85320078,132.01326675,,,,
R9,466k120,34.85308023,132.01310413,,,,
R9,466k140,34.85295975,132.01294144,,,,
R9,466k160,34.85283928,132.01277870,,,,
R9,466k180,34.85271874,132.01261603,,,,
R9,466k200,34.85259736,132.01245208,,,,
R9,466k220,34.85247605,132.01229027,,,,
R9,466k240,34.85235590,132.01213981,,,,
R9,466k260,34.85222241,132.01199269,,,,
R9,466k280,34.85207830,132.01186141,,,,
R9,466k300,34.85192409,132.01174819,,,,
R9,467k000,34.84571246,132.01058922,,,,
R9,467k100,34.84489195,132.01015693,,,,
R9,467k200,34.84433884,132.00930217,,,,
R9,467k300,34.84407855,132.00825231,,,,
R9,467k320,34.84402976,132.00805622,,,,
R9,467k340,34.84396475,132.00785212,,,,
R9,467k360,34.84387891,132.00765983,,,,
R9,467k380,34.84377534,132.00748097,,,,
R9,467k400,34.84365584,132.00731576,,,,
R9,467k420,34.84353590,132.00715518,,,,
R9,467k440,34.84341408,132.00699550,,,,
R9,467k460,34.84329089,132.00683644,,,,
R9,467k480,34.84316944,132.00667593,,,,
R9,467k500,34.84304628,132.00651617,,,,
R9,467k520,34.84292374,132.00635682,,,,
R9,467k540,34.84280386,132.00619590,,,,
R9,467k560,34.84268135,132.00603495,,,,
R9,467k580,34.84256098,132.00587287,,,,
R9,467k600,34.84244056,132.00571119,,,,
R9,467k900,34.84071635,132.00322107,,,,
R9,467k920,34.84063644,132.00302042,,,,
R9,467k940,34.84055859,132.00281992,,,,
R9,467k960,34.84048152,132.00261880,,,,
R9,467k980,34.84040498,132.00242113,,,,
R9,468k000,34.84033495,132.00221864,,,,
R9,468k020,34.84027589,132.00201011,,,,
R9,468k040,34.84023592,132.00179201,,,,
R9,468k060,34.84021720,132.00157123,,,,
R9,468k080,34.84021918,132.00134935,,,,
R9,468k100,34.84022965,132.00112519,,,,
R9,468k120,34.84023985,132.00089894,,,,
R9,468k140,34.84024080,132.00067566,,,,
R9,468k160,34.84022403,132.00045433,,,,
R9,468k180,34.84018689,132.00023508,,,,
R9,468k200,34.84012519,132.00003492,,,,
R9,468k220,34.84004627,131.99984857,,,,
R9,468k240,34.83994732,131.99967569,,,,
R9,468k260,34.83983444,131.99952059,,,,
R9,468k280,34.83970473,131.99938291,,,,
R9,468k300,34.83956163,131.99926909,,,,
R9,468k320,34.83940281,131.99916537,,,,
R9,468k340,34.83923659,131.99909554,,,,
R9,468k360,34.83905953,131.99905360,,,,
R9,468k380,34.83888313,131.99901636,,,,
R9,468k400,34.83870691,131.99898255,,,,
R9,468k500,34.83782551,131.99879151,,,,
R9,468k700,34.83625763,131.99790222,,,,
R9,468k900,34.83469034,131.99707221,,,,
R9,468k920,34.83450913,131.99706077,,,,
R9,468k940,34.83432995,131.99703640,,,,
R9,468k960,34.83415338,131.99699449,,,,
R9,468k980,34.83398071,131.99692688,,,,
R9,469k000,34.83382137,131.99682887,,,,
R9,469k100,34.83332339,131.99595842,,,,
R9,469k200,34.83341483,131.99488019,,,,
R9,469k300,34.83355730,131.99380722,,,,
R9,469k400,34.83319263,131.99283420,,,,
R9,469k500,34.83240007,131.99236009,,,,
R9,469k600,34.83149855,131.99237904,,,,
R9,469k700,34.83060078,131.99237068,,,,
R9,469k800,34.82995343,131.99199725,,,,
R9,469k900,34.82928839,131.99125971,,,,
R9,470k000,34.82863096,131.99051165,,,,
R9,470k100,34.82797121,131.98976220,,,,
R9,470k200,34.82734604,131.98896924,,,,
R9,470k320,34.82672050,131.98792381,,,,
R9,470k340,34.82662444,131.98773676,,,,
R9,470k360,34.82653268,131.98754740,,,,
R9,470k380,34.82644483,131.98735465,,,,
R9,470k400,34.82636127,131.98715819,,,,
R9,470k600,34.82569668,131.98512520,,,,
R9,470k700,34.82555399,131.98401315,,,,
R9,470k900,34.82469893,131.98215885,,,,
R9,470k920,34.82458958,131.98198269,,,,
R9,470k940,34.82448168,131.98180963,,,,
R9,470k960,34.82437302,131.98163340,,,,
R9,470k980,34.82426299,131.98145771,,,,
R9,471k000,34.82415648,131.98128371,,,,
R9,471k020,34.82404911,131.98111054,,,,
R9,471k040,34.82394298,131.98093839,,,,
R9,471k060,34.82383341,131.98076007,,,,
R9,471k080,34.82371971,131.98059232,,,,
R9,471k100,34.82359613,131.98043138,,,,
R9,471k120,34.82346248,131.98028108,,,,
R9,471k140,34.82331904,131.98014859,,,,
R9,471k160,34.82316750,131.98002730,,,,
R9,471k180,34.82301173,131.97992745,,,,
R9,471k200,34.82284301,131.97983403,,,,
R9,471k300,34.82199728,131.97944679,,,,
R9,471k400,34.82124609,131.97885873,,,,
R9,471k420,34.82112148,131.97870064,,,,
R9,471k440,34.82100713,131.97853193,,,,
R9,471k460,34.82090019,131.97835747,,,,
R9,471k480,34.82079329,131.97817943,,,,
R9,471k500,34.82068466,131.97800015,,,,
R9,471k900,34.81822369,131.97737365,,,,
R9,472k000,34.81733373,131.97726744,,,,
R9,472k100,34.81645260,131.97711622,,,,
R9,472k400,34.81400033,131.97578144,,,,
R9,472k420,34.81384333,131.97569197,,,,
R9,472k440,34.81368242,131.97560191,,,,
R9,472k460,34.81352436,131.97551104,,,,
R9,472k480,34.81336393,131.97542682,,,,
R9,472k500,34.81319068,131.97538133,,,,
R9,472k600,34.81233666,131.97562398,,,,
R9,473k000,34.80907705,131.97495548,,,,
R9,473k020,34.80889545,131.97497169,,,,
R9,473k040,34.80871529,131.97497181,,,,
R9,473k060,34.80853116,131.97495870,,,,
R9,473k080,34.80834875,131.97493829,,,,
R9,473k100,34.80816677,131.97491841,,,,
R9,473k300,34.80635271,131.97470572,,,,
R9,473k320,34.80617738,131.97468937,,,,
R9,473k340,34.80600132,131.97466978,,,,
R9,473k360,34.80582778,131.97463996,,,,
R9,473k380,34.80565678,131.97458859,,,,
R9,473k400,34.80549417,131.97450871,,,,
R9,473k420,34.80533799,131.97440385,,,,
R9,473k440,34.80519552,131.97427401,,,,
R9,473k460,34.80506594,131.97412838,,,,
R9,473k480,34.80494894,131.97396604,,,,
R9,473k500,34.80484458,131.97378558,,,,
R9,473k700,34.80389014,131.97191932,,,,
R9,473k720,34.80374264,131.97179709,,,,
R9,473k740,34.80358570,131.97168258,,,,
R9,473k760,34.80343099,131.97157186,,,,
R9,473k780,34.80327493,131.97146035,,,,
R9,473k800,34.80311868,131.97134926,,,,
R9,474k000,34.80143294,131.97079870,,,,
R9,474k020,34.80125547,131.97081227,,,,
R9,474k040,34.80107493,131.97082890,,,,
R9,474k060,34.80089442,131.97083823,,,,
R9,474k080,34.80071291,131.97083319,,,,
R9,474k100,34.80053418,131.97081467,,,,
R9,474k120,34.80035622,131.97078071,,,,
R9,474k140,34.80017979,131.97073206,,,,
R9,474k160,34.80000434,131.97066989,,,,
R9,474k180,34.79983904,131.97059574,,,,
R9,474k200,34.79966554,131.97051979,,,,
R9,474k500,34.79712325,131.96941129,,,,
R9,474k520,34.79694666,131.96937956,,,,
R9,474k540,34.79676987,131.96934851,,,,
R9,474k560,34.79659184,131.96931574,,,,
R9,474k580,34.79641203,131.96928295,,,,
R9,474k600,34.79623032,131.96924965,,,,
R9,474k620,34.79605513,131.96920857,,,,
R9,474k640,34.79588203,131.96915041,,,,
R9,474k660,34.79570928,131.96906914,,,,
R9,474k680,34.79555101,131.96897153,,,,
R9,474k700,34.79539769,131.96884957,,,,
R9,474k720,34.79525703,131.96871281,,,,
R9,474k740,34.79512697,131.96855901,,,,
R9,474k760,34.79501071,131.96839890,,,,
R9,474k780,34.79489912,131.96822928,,,,
R9,474k800,34.79478637,131.96806035,,,,
R9,474k820,34.79467614,131.96789382,,,,
R9,474k840,34.79456317,131.96772349,,,,
R9,474k860,34.79445015,131.96755312,,,,
R9,474k880,34.79433717,131.96738277,,,,
R9,474k900,34.79422417,131.96721249,,,,
R9,475k100,34.79288107,131.96579363,,,,
R9,475k200,34.79211635,131.96523103,,,,
R9,475k220,34.79196774,131.96510696,,,,
R9,475k240,34.79181798,131.96498363,,,,
R9,475k260,34.79166995,131.96486097,,,,
R9,475k280,34.79152156,131.96473806,,,,
R9,475k300,34.79137182,131.96461273,,,,
R9,475k400,34.79062827,131.96399274,,,,
R9,475k600,34.78903072,131.96350264,,,,
R9,475k700,34.78826969,131.96407674,,,,
R9,475k800,34.78741304,131.96437643,,,,
R9,475k900,34.78651588,131.96448286,,,,
R9,475k920,34.78633598,131.96449744,,,,
R9,475k940,34.78615594,131.96450978,,,,
R9,475k960,34.78597586,131.96451969,,,,
R9,475k980,34.78579564,131.96452741,,,,
R9,476k000,34.78561542,131.96453284,,,,
R9,476k020,34.78543698,131.96453754,,,,
R9,476k040,34.78525670,131.96454223,,,,
R9,476k060,34.78507651,131.96454791,,,,
R9,476k080,34.78489628,131.96455503,,,,
R9,476k100,34.78471611,131.96456373,,,,
R9,476k120,34.78453614,131.96457388,,,,
R9,476k140,34.78435599,131.96458552,,,,
R9,476k160,34.78417599,131.96459862,,,,
R9,476k180,34.78399609,131.96461320,,,,
R9,476k200,34.78381627,131.96462927,,,,
R9,476k220,34.78363656,131.96464686,,,,
R9,476k240,34.78345697,131.96466587,,,,
R9,476k260,34.78327740,131.96468535,,,,
R9,476k280,34.78309761,131.96470202,,,,
R9,476k300,34.78291769,131.96471562,,,,
R9,476k400,34.78202145,131.96464081,,,,
R9,476k500,34.78117721,131.96427805,,,,
R9,476k600,34.78037504,131.96375183,,,,
R9,476k700,34.77957298,131.96321678,,,,
R9,476k800,34.77877522,131.96268250,,,,
R9,477k000,34.77721530,131.96173472,,,,
R9,477k100,34.77639000,131.96124694,,,,
R9,477k300,34.77512517,131.95979628,,,,
R9,477k400,34.77498947,131.95873610,,,,
R9,477k500,34.77526246,131.95769344,,,,
R9,477k800,34.77537834,131.95732303,,,,
R9,478k100,34.77624290,131.95422788,,,,
R9,478k200,34.77641672,131.95315376,,,,
R9,478k300,34.77637500,131.95204616,,,,
R9,478k400,34.77633337,131.95095334,,,,
R9,478k500,34.77629201,131.94989203,,,,
R9,478k600,34.77622503,131.94880598,,,,
R9,478k800,34.77492498,131.94746315,,,,
R9,478k900,34.77407871,131.94708936,,,,
R9,479k100,34.77238618,131.94633680,,,,
R9,479k120,34.77222613,131.94623648,,,,
R9,479k140,34.77207839,131.94611146,,,,
R9,479k160,34.77194504,131.94596464,,,,
R9,479k180,34.77182169,131.94580532,,,,
R9,479k200,34.77170453,131.94564575,,,,
R9,479k300,34.77090939,131.94519585,,,,
R9,479k320,34.77072980,131.94517395,,,,
R9,479k340,34.77055215,131.94513645,,,,
R9,479k360,34.77037696,131.94507148,,,,
R9,479k380,34.77021242,131.94498705,,,,
R9,479k400,34.77005352,131.94488621,,,,
R9,479k420,34.76989876,131.94478100,,,,
R9,479k440,34.76974422,131.94467593,,,,
R9,479k460,34.76958828,131.94456959,,,,
R9,479k480,34.76943078,131.94446194,,,,
R9,479k500,34.76927669,131.94435491,,,,
R9,479k520,34.76911582,131.94424296,,,,
R9,479k540,34.76895840,131.94413389,,,,
R9,479k560,34.76880314,131.94402503,,,,
R9,479k580,34.76864590,131.94391474,,,,
R9,479k600,34.76848683,131.94380550,,,,
R9,479k620,34.76833233,131.94368662,,,,
R9,479k640,34.76818904,131.94355671,,,,
R9,479k660,34.76805190,131.94341459,,,,
R9,479k680,34.76792856,131.94325704,,,,
R9,479k700,34.76781786,131.94308261,,,,
R9,479k720,34.76772071,131.94289445,,,,
R9,479k740,34.76764256,131.94270155,,,,
R9,479k760,34.76757847,131.94249829,,,,
R9,479k780,34.76752860,131.94228849,,,,
R9,479k800,34.76748970,131.94208304,,,,
R9,479k820,34.76745589,131.94186512,,,,
R9,479k840,34.76742568,131.94165331,,,,
R9,479k860,34.76739087,131.94143903,,,,
R9,479k880,34.76734938,131.94122715,,,,
R9,479k900,34.76729391,131.94101668,,,,
R9,479k920,34.76722157,131.94081159,,,,
R9,479k940,34.76712959,131.94062382,,,,
R9,479k960,34.76702844,131.94044583,,,,
R9,479k980,34.76691851,131.94026990,,,,
R9,480k000,34.76680629,131.94009709,,,,
R9,480k020,34.76670125,131.93991493,,,,
R9,480k040,34.76662013,131.93972506,,,,
R9,480k060,34.76656115,131.93951433,,,,
R9,480k080,34.76653496,131.93930056,,,,
R9,480k100,34.76653885,131.93908141,,,,
R9,480k120,34.76657206,131.93886263,,,,
R9,480k140,34.76663350,131.93866175,,,,
R9,480k160,34.76671966,131.93847103,,,,
R9,480k180,34.76682316,131.93829032,,,,
R9,480k300,34.76746558,131.93727581,,,,
R9,480k400,34.76787180,131.93629813,,,,
R9,480k500,34.76821619,131.93528822,,,,
R9,480k600,34.76851106,131.93424035,,,,
R9,480k700,34.76850407,131.93316107,,,,
R9,480k800,34.76813360,131.93216075,,,,
R9,480k820,34.76802919,131.93199176,,,,
R9,480k840,34.76790857,131.93182333,,,,
R9,480k860,34.76778650,131.93166649,,,,
R9,480k880,34.76766301,131.93150512,,,,
R9,480k900,34.76754252,131.93133776,,,,
R9,480k920,34.76743706,131.93116550,,,,
R9,480k940,34.76734424,131.93098044,,,,
R9,480k960,34.76727323,131.93078708,,,,
R9,480k980,34.76722500,131.93057719,,,,
R9,481k000,34.76720005,131.93036163,,,,
R9,481k020,34.76720166,131.93014329,,,,
R9,481k040,34.76722430,131.92992665,,,,
R9,481k060,34.76725904,131.92971227,,,,
R9,481k080,34.76729694,131.92949862,,,,
R9,481k100,34.76733485,131.92928500,,,,
R9,481k120,34.76737276,131.92907145,,,,
R9,481k140,34.76741068,131.92885788,,,,
R9,481k160,34.76744857,131.92864428,,,,
R9,481k180,34.76748651,131.92843067,,,,
R9,481k200,34.76752378,131.92821697,,,,
R9,481k220,34.76755724,131.92800218,,,,
R9,481k240,34.76758243,131.92778590,,,,
R9,481k260,34.76759613,131.92756812,,,,
R9,481k280,34.76759785,131.92734968,,,,
R9,481k300,34.76758762,131.92713160,,,,
R9,481k320,34.76756533,131.92691483,,,,
R9,481k340,34.76753123,131.92670037,,,,
R9,481k360,34.76748538,131.92648913,,,,
R9,481k380,34.76742806,131.92628204,,,,
R9,481k400,34.76735939,131.92608002,,,,
R9,481k420,34.76727988,131.92588396,,,,
R9,481k440,34.76718971,131.92569481,,,,
R9,481k460,34.76708937,131.92551336,,,,
R9,481k480,34.76697932,131.92534043,,,,
R9,481k500,34.76685992,131.92517668,,,,
R9,481k520,34.76673178,131.92502305,,,,
R9,481k540,34.76659552,131.92488003,,,,
R9,481k560,34.76645171,131.92474838,,,,
R9,481k580,34.76630100,131.92462860,,,,
R9,481k600,34.76614394,131.92452127,,,,
R9,481k620,34.76598139,131.92442687,,,,
R9,481k640,34.76581406,131.92434577,,,,
R9,481k660,34.76564260,131.92427833,,,,
R9,481k680,34.76546796,131.92422415,,,,
R9,481k700,34.76529153,131.92417916,,,,
R9,482k600,34.76041692,131.92142015,,,,
R9,482k700,34.75986059,131.92055398,,,,
R9,482k800,34.75924989,131.91973945,,,,
R9,482k900,34.75866828,131.91890420,,,,
R9,483k800,34.75458332,131.91043109,,,,
R9,483k820,34.75449068,131.91023931,,,,
R9,483k840,34.75439883,131.91005627,,,,
R9,483k860,34.75430708,131.90987193,,,,
R9,483k880,34.75421242,131.90968376,,,,
R9,483k900,34.75412617,131.90949694,,,,
R9,483k920,34.75406656,131.90929193,,,,
R9,483k940,34.75403438,131.90907994,,,,
R9,483k960,34.75402505,131.90886820,,,,
R9,483k980,34.75402153,131.90864983,,,,
R9,484k000,34.75401905,131.90843134,,,,
R9,484k020,34.75402443,131.90821308,,,,
R9,484k040,34.75404653,131.90799634,,,,
R9,484k060,34.75409041,131.90778466,,,,
R9,484k080,34.75415565,131.90758116,,,,
R9,484k100,34.75423997,131.90738815,,,,
R9,484k300,34.75468811,131.90536640,,,,
R9,484k320,34.75463211,131.90515876,,,,
R9,484k340,34.75457184,131.90495286,,,,
R9,484k360,34.75452444,131.90474218,,,,
R9,484k380,34.75449552,131.90452670,,,,
R9,484k400,34.75448541,131.90430866,,,,
R9,484k420,34.75449472,131.90409057,,,,
R9,484k440,34.75452402,131.90387519,,,,
R9,484k460,34.75457307,131.90366509,,,,
R9,484k480,34.75464126,131.90346292,,,,
R9,484k500,34.75472575,131.90327010,,,,
R9,484k600,34.75514014,131.90248925,,,,
R9,484k620,34.75523577,131.90229936,,,,
R9,484k640,34.75531225,131.90209829,,,,
R9,484k660,34.75536586,131.90188872,,,,
R9,484k680,34.75539599,131.90167598,,,,
R9,484k800,34.75546283,131.90039685,,,,
R9,484k900,34.75550206,131.89932047,,,,
R9,485k100,34.75597389,131.89719786,,,,
R9,485k200,34.75627557,131.89616851,,,,
R9,485k300,34.75649462,131.89511514,,,,
R9,485k400,34.75624195,131.89408133,,,,
R9,485k600,34.75542986,131.89213956,,,,
R9,485k700,34.75527037,131.89106702,,,,
R9,485k800,34.75521677,131.88997660,,,,
R9,485k900,34.75518022,131.88888143,,,,
R9,486k000,34.75534189,131.88780929,,,,
R9,486k100,34.75560928,131.88676344,,,,
R9,486k200,34.75571466,131.88569579,,,,
R9,486k300,34.75559888,131.88461607,,,,
R9,486k400,34.75516803,131.88367281,,,,
R9,486k500,34.75446831,131.88298970,,,,
R9,486k520,34.75433328,131.88284286,,,,
R9,486k540,34.75420438,131.88269015,,,,
R9,486k560,34.75406834,131.88251244,,,,
R9,486k580,34.75396698,131.88236576,,,,
R9,486k600,34.75385487,131.88219183,,,,
R9,486k620,34.75375444,131.88202980,,,,
R9,486k640,34.75363662,131.88184235,,,,
R9,486k660,34.75352770,131.88166893,,,,
R9,486k680,34.75341824,131.88149477,,,,
R9,486k700,34.75330924,131.88132131,,,,
R9,486k800,34.75276442,131.88045578,,,,
R9,486k820,34.75264930,131.88028872,,,,
R9,486k840,34.75252989,131.88012496,,,,
R9,486k860,34.75240842,131.87996361,,,,
R9,486k880,34.75228650,131.87980272,,,,
R9,486k900,34.75216454,131.87964199,,,,
R9,487k000,34.75160377,131.87878810,,,,
R9,487k020,34.75150064,131.87860896,,,,
R9,487k040,34.75139589,131.87843121,,,,
R9,487k060,34.75128756,131.87825651,,,,
R9,487k080,34.75117436,131.87808639,,,,
R9,487k100,34.75106911,131.87793847,,,,
R9,487k200,34.75047657,131.87711621,,,,
R9,487k220,34.75035568,131.87695397,,,,
R9,487k240,34.75023443,131.87679028,,,,
R9,487k260,34.75011524,131.87662847,,,,
R9,487k280,34.74999460,131.87646502,,,,
R9,487k300,34.74987439,131.87630155,,,,
R9,487k320,34.74975430,131.87613892,,,,
R9,487k340,34.74963460,131.87597700,,,,
R9,487k360,34.74951399,131.87581405,,,,
R9,487k380,34.74939419,131.87565056,,,,
R9,487k400,34.74927609,131.87548724,,,,
R9,487k500,34.74868435,131.87466783,,,,
R9,487k520,34.74856669,131.87450186,,,,
R9,487k540,34.74844929,131.87433627,,,,
R9,487k560,34.74833206,131.87417086,,,,
R9,487k580,34.74821420,131.87400461,,,,
R9,487k600,34.74809670,131.87383892,,,,
R9,487k700,34.74741001,131.87314751,,,,
R9,487k800,34.74653223,131.87303759,,,,
R9,487k900,34.74569853,131.87344210,,,,
R9,488k000,34.74496921,131.87409275,,,,
R9,488k100,34.74458176,131.87507342,,,,
R9,488k200,34.74389383,131.87570500,,,,
R9,488k300,34.74300549,131.87582067,,,,
R9,488k400,34.74211116,131.87586345,,,,
R9,488k500,34.74124364,131.87558812,,,,
R9,488k600,34.74048630,131.87499951,,,,
R9,488k620,34.74035381,131.87484797,,,,
R9,488k640,34.74023115,131.87468946,,,,
R9,488k660,34.74010946,131.87452314,,,,
R9,488k680,34.73998537,131.87436594,,,,
R9,488k700,34.73984716,131.87422453,,,,
R9,488k720,34.73969738,131.87410434,,,,
R9,488k740,34.73953465,131.87400872,,,,
R9,488k760,34.73936416,131.87394068,,,,
R9,488k780,34.73918523,131.87389703,,,,
R9,488k800,34.73900759,131.87388258,,,,
R9,488k900,34.73810720,131.87384706,,,,
R9,489k000,34.73720439,131.87383199,,,,
R9,489k100,34.73630309,131.87385679,,,,
R9,489k200,34.73540775,131.87396731,,,,
R9,489k300,34.73451328,131.87412229,,,,
R9,489k400,34.73364104,131.87389147,,,,
R9,489k500,34.73286113,131.87336678,,,,
R9,489k600,34.73199392,131.87309806,,,,
R9,489k700,34.73109449,131.87300557,,,,
R9,489k800,34.73025235,131.87304050,,,,
R9,489k900,34.72936523,131.87322821,,,,
R9,490k000,34.72847361,131.87308660,,,,
R9,490k100,34.72758356,131.87291207,,,,
R9,490k200,34.72668872,131.87279079,,,,
R9,490k300,34.72579313,131.87266867,,,,
R9,490k400,34.72491148,131.87247044,,,,
R9,490k500,34.72436358,131.87163293,,,,
R9,490k600,34.72395138,131.87066328,,,,
R9,490k700,34.72365558,131.86962711,,,,
R9,490k720,34.72359685,131.86942060,,,,
R9,490k740,34.72353803,131.86921421,,,,
R9,490k760,34.72347928,131.86900778,,,,
R9,490k780,34.72342046,131.86880132,,,,
R9,490k800,34.72336172,131.86859483,,,,
R9,490k820,34.72330294,131.86838839,,,,
R9,490k840,34.72324416,131.86818200,,,,
R9,490k860,34.72318537,131.86797553,,,,
R9,490k880,34.72313106,131.86776722,,,,
R9,490k900,34.72307674,131.86755887,,,,
R9,491k000,34.72280521,131.86651732,,,,
R9,491k020,34.72274997,131.86631708,,,,
R9,491k040,34.72269569,131.86610631,,,,
R9,491k060,34.72264132,131.86589813,,,,
R9,491k080,34.72258697,131.86568991,,,,
R9,491k100,34.72253274,131.86548161,,,,
R9,491k200,34.72217630,131.86449148,,,,
R9,491k220,34.72206177,131.86432044,,,,
R9,491k240,34.72193897,131.86416251,,,,
R9,491k260,34.72181279,131.86400557,,,,
R9,491k280,34.72168797,131.86384800,,,,
R9,491k300,34.72156310,131.86369049,,,,
R9,491k320,34.72143846,131.86353290,,,,
R9,491k340,34.72131515,131.86337355,,,,
R9,491k360,34.72118688,131.86322028,,,,
R9,491k380,34.72105407,131.86307349,,,,
R9,491k400,34.72091884,131.86293559,,,,
R9,491k500,34.72016384,131.86234289,,,,
R9,491k600,34.71934900,131.86187588,,,,
R9,491k700,34.71853302,131.86142172,,,,
R9,491k800,34.71771523,131.86096252,,,,
R9,491k900,34.71689748,131.86050305,,,,
R9,491k920,34.71673636,131.86040500,,,,
R9,491k940,34.71658129,131.86029362,,,,
R9,491k960,34.71643593,131.86016468,,,,
R9,491k980,34.71630183,131.86001880,,,,
R9,492k000,34.71618024,131.85985767,,,,
R9,492k020,34.71606866,131.85968618,,,,
R9,492k040,34.71595874,131.85950279,,,,
R9,492k060,34.71585409,131.85932501,,,,
R9,492k080,34.71574338,131.85915283,,,,
R9,492k100,34.71562233,131.85899113,,,,
R9,492k120,34.71548603,131.85884832,,,,
R9,492k140,34.71533928,131.85872155,,,,
R9,492k160,34.71518347,131.85861190,,,,
R9,492k180,34.71501983,131.85852032,,,,
R9,492k200,34.71485115,131.85844809,,,,
R9,492k300,34.71414416,131.85828103,,,,
R9,492k320,34.71396503,131.85825563,,,,
R9,492k340,34.71378596,131.85823062,,,,
R9,492k360,34.71360683,131.85820569,,,,
R9,492k380,34.71342756,131.85818268,,,,
R9,492k400,34.71324784,131.85816530,,,,
R9,492k420,34.71306767,131.85815748,,,,
R9,492k440,34.71288744,131.85816294,,,,
R9,492k460,34.71270791,131.85818299,,,,
R9,492k480,34.71252992,131.85821732,,,,
R9,492k500,34.71235419,131.85826601,,,,
R9,492k520,34.71218073,131.85832912,,,,
R9,492k540,34.71201185,131.85840552,,,,
R9,492k560,34.71184683,131.85849344,,,,
R9,492k580,34.71168477,131.85858914,,,,
R9,492k600,34.71152450,131.85868906,,,,
R9,492k620,34.71136463,131.85879003,,,,
R9,492k640,34.71120527,131.85889207,,,,
R9,492k660,34.71104718,131.85899713,,,,
R9,492k680,34.71089047,131.85910511,,,,
R9,492k700,34.71073511,131.85921596,,,,
R9,492k720,34.71058121,131.85932964,,,,
R9,492k740,34.71042880,131.85944624,,,,
R9,492k760,34.71027749,131.85956514,,,,
R9,492k780,34.71012756,131.85968347,,,,
R9,492k800,34.70997644,131.85980256,,,,
R9,492k820,34.70982591,131.85992261,,,,
R9,492k840,34.70967480,131.86004170,,,,
R9,492k860,34.70952368,131.86016080,,,,
R9,492k880,34.70937252,131.86027984,,,,
R9,492k900,34.70922149,131.86039894,,,,
R9,492k920,34.70907035,131.86051803,,,,
R9,492k940,34.70891922,131.86063711,,,,
R9,492k960,34.70876812,131.86075624,,,,
R9,492k980,34.70861697,131.86087530,,,,
R9,493k000,34.70846586,131.86099438,,,,
R9,493k020,34.70831475,131.86111345,,,,
R9,493k040,34.70816363,131.86123253,,,,
R9,493k060,34.70801235,131.86135155,,,,
R9,493k080,34.70786067,131.86146960,,,,
R9,493k100,34.70770854,131.86158747,,,,
R9,493k300,34.70621661,131.86273024,,,,
R9,493k320,34.70606600,131.86285032,,,,
R9,493k340,34.70591540,131.86297037,,,,
R9,493k360,34.70576470,131.86309024,,,,
R9,493k380,34.70561273,131.86320778,,,,
R9,493k400,34.70545806,131.86331784,,,,
R9,493k420,34.70529233,131.86340142,,,,
R9,493k440,34.70512167,131.86347160,,,,
R9,493k460,34.70494821,131.86353128,,,,
R9,493k480,34.70477335,131.86358447,,,,
R9,493k500,34.70459720,131.86364041,,,,
R9,493k520,34.70442261,131.86369583,,,,
R9,493k540,34.70424803,131.86375125,,,,
R9,493k560,34.70407348,131.86380675,,,,
R9,493k580,34.70389887,131.86386211,,,,
R9,493k600,34.70372425,131.86391755,,,,
R9,493k620,34.70354970,131.86397304,,,,
R9,493k640,34.70337513,131.86402844,,,,
R9,493k660,34.70320169,131.86408354,,,,
R9,493k680,34.70302711,131.86413895,,,,
R9,493k700,34.70285331,131.86419574,,,,
R9,493k720,34.70268058,131.86425048,,,,
R9,493k740,34.70250535,131.86430598,,,,
R9,493k760,34.70233123,131.86436123,,,,
R9,493k780,34.70215660,131.86441652,,,,
R9,493k800,34.70198187,131.86447185,,,,
R9,493k820,34.70180722,131.86452720,,,,
R9,493k840,34.70163255,131.86458256,,,,
R9,493k860,34.70146065,131.86463531,,,,
R9,493k880,34.70128434,131.86468149,,,,
R9,493k900,34.70110829,131.86472050,,,,
R9,493k920,34.70093082,131.86475058,,,,
R9,493k940,34.70075208,131.86477700,,,,
R9,493k960,34.70057031,131.86479891,,,,
R9,493k980,34.70038856,131.86482076,,,,
R9,494k000,34.70021104,131.86484349,,,,
R9,494k200,34.69842970,131.86468911,,,,
R9,494k220,34.69825374,131.86463804,,,,
R9,494k240,34.69807773,131.86458697,,,,
R9,494k260,34.69790174,131.86453591,,,,
R9,494k280,34.69772578,131.86448484,,,,
R9,494k300,34.69755157,131.86443442,,,,
R9,494k320,34.69737705,131.86437996,,,,
R9,494k340,34.69720215,131.86432544,,,,
R9,494k360,34.69703072,131.86426261,,,,
R9,494k380,34.69686155,131.86418677,,,,
R9,494k400,34.69669626,131.86409698,,,,
R9,494k420,34.69653698,131.86399546,,,,
R9,494k440,34.69638289,131.86388164,,,,
R9,494k460,34.69623678,131.86375656,,,,
R9,494k480,34.69609471,131.86361955,,,,
R9,494k500,34.69596146,131.86347229,,,,
R9,494k600,34.69539239,131.86262949,,,,
R9,494k620,34.69528361,131.86245602,,,,
R9,494k640,34.69517448,131.86228195,,,,
R9,494k660,34.69506535,131.86210788,,,,
R9,494k680,34.69495624,131.86193389,,,,
R9,494k700,34.69484713,131.86175986,,,,
R9,494k720,34.69473798,131.86158579,,,,
R9,494k740,34.69462886,131.86141174,,,,
R9,494k760,34.69451980,131.86123771,,,,
R9,494k780,34.69441066,131.86106365,,,,
R9,494k800,34.69430154,131.86088960,,,,
R9,494k820,34.69419240,131.86071553,,,,
R9,494k840,34.69408331,131.86054155,,,,
R9,494k860,34.69397417,131.86036748,,,,
R9,494k880,34.69386504,131.86019343,,,,
R9,494k900,34.69375588,131.86001938,,,,
R9,494k920,34.69364774,131.85984793,,,,
R9,494k940,34.69353906,131.85967549,,,,
R9,494k960,34.69342872,131.85950246,,,,
R9,494k980,34.69331936,131.85933013,,,,
R9,495k000,34.69320905,131.85915697,,,,
R9,495k020,34.69309837,131.85898394,,,,
R9,495k040,34.69299118,131.85881113,,,,
R9,495k060,34.69288140,131.85863607,,,,
R9,495k080,34.69277305,131.85846273,,,,
R9,495k100,34.69266475,131.85828979,,,,
R9,495k120,34.69255518,131.85811617,,,,
R9,495k140,34.69244418,131.85794555,,,,
R9,495k160,34.69232455,131.85778323,,,,
R9,495k180,34.69219989,131.85763432,,,,
R9,495k200,34.69206241,131.85748981,,,,
R9,495k220,34.69191485,131.85736287,,,,
R9,495k240,34.69176272,131.85724425,,,,
R9,495k260,34.69160331,131.85713692,,,,
R9,495k280,34.69143993,131.85704405,,,,
R9,495k300,34.69127104,131.85696370,,,,
R9,495k320,34.69109921,131.85689671,,,,
R9,495k340,34.69092627,131.85683334,,,,
R9,495k360,34.69075340,131.85676995,,,,
R9,495k380,34.69058043,131.85670653,,,,
R9,495k400,34.69040755,131.85664313,,,,
R9,495k420,34.69023490,131.85657885,,,,
R9,495k440,34.69006724,131.85651466,,,,
R9,495k460,34.68990380,131.85643129,,,,
R9,495k480,34.68974373,131.85632635,,,,
R9,495k500,34.68959150,131.85620171,,,,
R9,495k600,34.68904009,131.85536025,,,,
R9,495k620,34.68897393,131.85515696,,,,
R9,495k640,34.68892687,131.85494794,,,,
R9,495k660,34.68889402,131.85473280,,,,
R9,495k680,34.68886783,131.85451631,,,,
R9,495k700,34.68884171,131.85430061,,,,
R9,495k800,34.68871139,131.85322227,,,,
R9,495k820,34.68867454,131.85299737,,,,
R9,495k840,34.68864072,131.85278099,,,,
R9,495k860,34.68860682,131.85256713,,,,
R9,495k880,34.68857266,131.85235632,,,,
R9,495k900,34.68853750,131.85214385,,,,
R9,495k920,34.68849977,131.85193325,,,,
R9,495k940,34.68846019,131.85172028,,,,
R9,495k960,34.68841928,131.85150867,,,,
R9,495k980,34.68837396,131.85129848,,,,
R9,496k000,34.68833284,131.85108782,,,,
R9,496k020,34.68828791,131.85087528,,,,
R9,496k040,34.68824145,131.85066615,,,,
R9,496k060,34.68819327,131.85045540,,,,
R9,496k080,34.68814407,131.85024520,,,,
R9,496k100,34.68809309,131.85003540,,,,
R9,496k400,34.68715270,131.84695942,,,,
R9,496k420,34.68708024,131.84675615,,,,
R9,496k440,34.68700930,131.84655583,,,,
R9,496k460,34.68693938,131.84635607,,,,
R9,496k480,34.68686891,131.84615544,,,,
R9,496k500,34.68679809,131.84595761,,,,
R9,496k520,34.68672619,131.84576070,,,,
R9,496k540,34.68664973,131.84556172,,,,
R9,496k560,34.68657284,131.84536161,,,,
R9,496k580,34.68649887,131.84516728,,,,
R9,496k600,34.68642348,131.84496883,,,,
R9,496k620,34.68634837,131.84477204,,,,
R9,496k640,34.68627216,131.84457128,,,,
R9,496k660,34.68619722,131.84437363,,,,
R9,496k680,34.68612182,131.84417433,,,,
R9,496k700,34.68604744,131.84397471,,,,
R9,496k720,34.68597216,131.84377639,,,,
R9,496k740,34.68589692,131.84357802,,,,
R9,496k760,34.68582174,131.84337963,,,,
R9,496k780,34.68574641,131.84318130,,,,
R9,496k800,34.68567122,131.84298289,,,,
R9,496k820,34.68559598,131.84278454,,,,
R9,496k840,34.68552071,131.84258619,,,,
R9,496k860,34.68544550,131.84238781,,,,
R9,496k880,34.68537025,131.84218944,,,,
R9,496k900,34.68529497,131.84199107,,,,
R9,497k300,34.68379842,131.83801646,,,,
R9,497k320,34.68372950,131.83781820,,,,
R9,497k340,34.68365965,131.83761738,,,,
R9,497k360,34.68358424,131.83741753,,,,
R9,497k380,34.68350406,131.83722736,,,,
R9,497k400,34.68341640,131.83703808,,,,
R9,497k420,34.68332041,131.83685086,,,,
R9,497k440,34.68321874,131.83667336,,,,
R9,497k460,34.68310940,131.83649819,,,,
R9,497k480,34.68299229,131.83632986,,,,
R9,497k500,34.68287088,131.83616822,,,,
R9,497k520,34.68274574,131.83601642,,,,
R9,497k540,34.68261498,131.83586621,,,,
R9,497k560,34.68247905,131.83572330,,,,
R9,497k580,34.68233781,131.83558659,,,,
R9,497k700,34.68136333,131.83501527,,,,
R9,497k800,34.68048714,131.83476118,,,,
R9,497k900,34.67962880,131.83456580,,,,
R9,498k000,34.67876397,131.83426812,,,,
R9,498k300,34.67817431,131.83117990,,,,
R9,498k400,34.67755063,131.83039075,,,,
R9,498k500,34.67689807,131.82956511,,,,
R9,498k520,34.67676486,131.82942155,,,,
R9,498k540,34.67663939,131.82926482,,,,
R9,498k560,34.67651398,131.82910809,,,,
R9,498k580,34.67638849,131.82895136,,,,
R9,498k600,34.67626297,131.82879466,,,,
R9,498k620,34.67613754,131.82863788,,,,
R9,498k640,34.67601206,131.82848115,,,,
R9,498k660,34.67588658,131.82832442,,,,
R9,498k680,34.67576110,131.82816769,,,,
R9,498k700,34.67563561,131.82801097,,,,
R9,498k720,34.67553708,131.82788782,,,,
R9,498k740,34.67541159,131.82773109,,,,
R9,498k760,34.67528612,131.82757436,,,,
R9,498k780,34.67516063,131.82741764,,,,
R9,498k800,34.67503517,131.82726096,,,,
R9,498k820,34.67490991,131.82710383,,,,
R9,498k840,34.67478493,131.82694700,,,,
R9,498k860,34.67465965,131.82678988,,,,
R9,498k880,34.67453440,131.82663272,,,,
R9,498k900,34.67440960,131.82647614,,,,
R9,498k920,34.67428376,131.82631840,,,,
R9,498k940,34.67415812,131.82616074,,,,
R9,498k960,34.67403284,131.82600361,,,,
R9,498k980,34.67390784,131.82584686,,,,
R9,499k000,34.67378292,131.82569020,,,,
R9,499k020,34.67365711,131.82553228,,,,
R9,499k040,34.67353246,131.82537587,,,,
R9,499k060,34.67340748,131.82521901,,,,
R9,499k080,34.67328145,131.82506087,,,,
R9,499k100,34.67315454,131.82490914,,,,
R9,499k400,34.67139232,131.82271821,,,,
R9,499k500,34.67061401,131.82215917,,,,
R9,499k520,34.67045659,131.82205963,,,,
R9,499k540,34.67029744,131.82195904,,,,
R9,499k560,34.67013808,131.82185833,,,,
R9,499k580,34.66997765,131.82176073,,,,
R9,499k600,34.66981435,131.82167649,,,,
R9,499k620,34.66964241,131.82160422,,,,
R9,499k640,34.66946962,131.82154825,,,,
R9,499k660,34.66928846,131.82150691,,,,
R9,499k680,34.66910818,131.82147817,,,,
R9,499k700,34.66892886,131.82144779,,,,
R9,499k720,34.66874998,131.82142079,,,,
R9,499k740,34.66857105,131.82139364,,,,
R9,499k760,34.66839215,131.82136649,,,,
R9,499k780,34.66821329,131.82133938,,,,
R9,499k800,34.66803440,131.82131178,,,,
R9,499k820,34.66785613,131.82127926,,,,
R9,499k840,34.66767969,131.82123470,,,,
R9,499k860,34.66750712,131.82117155,,,,
R9,499k880,34.66734013,131.82108945,,,,
R9,499k900,34.66717770,131.82099471,,,,
R9,499k920,34.66701782,131.82089398,,,,
R9,499k940,34.66685750,131.82079405,,,,
R9,499k960,34.66669356,131.82070337,,,,
R9,499k980,34.66652363,131.82063093,,,,
R9,500k000,34.66634749,131.82058504,,,,
R9,500k100,34.66545779,131.82062221,,,,
R9,500k200,34.66457011,131.82050205,,,,
R9,500k300,34.66383937,131.81988313,,,,
R9,500k400,34.66336662,131.81896046,,,,
R9,500k500,34.66281526,131.81810093,,,,
R9,500k600,34.66225644,131.81724503,,,,
R9,500k900,34.66125820,131.81418164,,,,
R9,501k000,34.66108566,131.81387498,,,,
R9,501k100,34.66057287,131.81297767,,,,
R9,501k120,34.66047030,131.81279818,,,,
R9,501k140,34.66036773,131.81261872,,,,
R9,501k160,34.66026517,131.81243925,,,,
R9,501k180,34.66016260,131.81225978,,,,
R9,501k200,34.66006003,131.81208029,,,,
R9,501k220,34.65995658,131.81190103,,,,
R9,501k240,34.65985412,131.81172148,,,,
R9,501k260,34.65975166,131.81154198,,,,
R9,501k280,34.65964900,131.81136266,,,,
R9,501k300,34.65954281,131.81118631,,,,
R9,501k400,34.65883752,131.81053080,,,,
R9,501k500,34.65794787,131.81044794,,,,
R9,501k520,34.65777889,131.81050849,,,,
R9,501k540,34.65762115,131.81058950,,,,
R9,501k560,34.65746691,131.81069153,,,,
R9,501k580,34.65731841,131.81080535,,,,
R9,501k600,34.65716750,131.81092765,,,,
R9,501k700,34.65635533,131.81137538,,,,
R9,501k800,34.65545813,131.81150011,,,,
R9,501k820,34.65527804,131.81151225,,,,
R9,501k840,34.65509805,131.81152447,,,,
R9,501k860,34.65491807,131.81153736,,,,
R9,501k880,34.65473841,131.81155809,,,,
R9,501k900,34.65455920,131.81158688,,,,
R9,501k920,34.65438512,131.81162275,,,,
R9,501k940,34.65420817,131.81166692,,,,
R9,501k960,34.65403319,131.81172008,,,,
R9,501k980,34.65385982,131.81177993,,,,
R9,502k000,34.65368831,131.81184765,,,,
R9,502k020,34.65351753,131.81191915,,,,
R9,502k040,34.65334623,131.81198791,,,,
R9,502k060,34.65317499,131.81205702,,,,
R9,502k080,34.65300212,131.81211917,,,,
R9,502k120,34.65265884,131.81221098,,,,
R9,502k140,34.65248393,131.81226398,,,,
R9,502k160,34.65230941,131.81231887,,,,
R9,502k180,34.65213744,131.81238438,,,,
R9,502k200,34.65196825,131.81245959,,,,
R9,502k220,34.65179817,131.81253196,,,,
R9,502k240,34.65162477,131.81259176,,,,
R9,502k260,34.65144747,131.81263087,,,,
R9,502k280,34.65126773,131.81264596,,,,
R9,502k300,34.65108759,131.81263896,,,,
R9,502k320,34.65090812,131.81261748,,,,
R9,502k340,34.65072925,131.81259031,,,,
R9,502k360,34.65055038,131.81256275,,,,
R9,502k380,34.65037156,131.81253528,,,,
R9,502k400,34.65019269,131.81250767,,,,
R9,502k420,34.65001063,131.81248337,,,,
R9,502k440,34.64983173,131.81245602,,,,
R9,502k460,34.64965289,131.81242867,,,,
R9,502k480,34.64947401,131.81240132,,,,
R9,502k500,34.64929516,131.81237396,,,,
R9,502k520,34.64911628,131.81234655,,,,
R9,502k540,34.64893740,131.81231925,,,,
R9,502k560,34.64875850,131.81229188,,,,
R9,502k580,34.64857981,131.81226243,,,,
R9,502k600,34.64840222,131.81222479,,,,
R9,502k620,34.64822605,131.81217854,,,,
R9,502k640,34.64805055,131.81212872,,,,
R9,502k660,34.64787502,131.81207881,,,,
R9,502k680,34.64769876,131.81203266,,,,
R9,502k800,34.64662943,131.81214018,,,,
R9,502k820,34.64644648,131.81216812,,,,
R9,502k840,34.64626854,131.81217347,,,,
R9,502k860,34.64608911,131.81215034,,,,
R9,502k880,34.64591414,131.81209821,,,,
R9,502k900,34.64574769,131.81201909,,,,
R9,503k000,34.64513172,131.81137045,,,,
R9,503k020,34.64501986,131.81119931,,,,
R9,503k040,34.64490940,131.81102695,,,,
R9,503k060,34.64479791,131.81085540,,,,
R9,503k080,34.64468706,131.81068330,,,,
R9,503k100,34.64457329,131.81050534,,,,
R9,503k200,34.64411727,131.80957172,,,,
R9,503k220,34.64404192,131.80938267,,,,
R9,503k240,34.64396206,131.80918594,,,,
R9,503k260,34.64388560,131.80898768,,,,
R9,503k280,34.64381290,131.80878753,,,,
R9,503k300,34.64374740,131.80858452,,,,
R9,503k320,34.64368665,131.80837537,,,,
R9,503k340,34.64363151,131.80816819,,,,
R9,503k360,34.64357876,131.80796130,,,,
R9,503k380,34.64352490,131.80775015,,,,
R9,503k400,34.64347151,131.80754097,,,,
R9,503k500,34.64319987,131.80650323,,,,
R9,503k520,34.64313838,131.80629910,,,,
R9,503k540,34.64307358,131.80609454,,,,
R9,503k560,34.64300531,131.80589230,,,,
R9,503k580,34.64293225,131.80568494,,,,
R9,503k600,34.64285704,131.80548653,,,,
R9,503k700,34.64243959,131.80451578,,,,
R9,503k800,34.64200249,131.80356444,,,,
R9,503k900,34.64156372,131.80260943,,,,
R9,504k000,34.64112708,131.80166060,,,,
R9,504k100,34.64063872,131.80074273,,,,
R9,504k120,34.64053574,131.80056404,,,,
R9,504k140,34.64043244,131.80038488,,,,
R9,504k160,34.64032965,131.80020656,,,,
R9,504k180,34.64022598,131.80002674,,,,
R9,504k200,34.64012285,131.79984792,,,,
R9,504k300,34.63950030,131.79906698,,,,
R9,504k320,34.63934623,131.79895181,,,,
R9,504k340,34.63919200,131.79883779,,,,
R9,504k360,34.63903816,131.79872387,,,,
R9,504k380,34.63888412,131.79860993,,,,
R9,504k400,34.63873139,131.79849691,,,,
R9,504k420,34.63857855,131.79838391,,,,
R9,504k440,34.63842419,131.79826961,,,,
R9,504k460,34.63827007,131.79815568,,,,
R9,504k480,34.63811666,131.79804209,,,,
R9,504k500,34.63796034,131.79792643,,,,
R9,504k520,34.63780676,131.79779661,,,,
R9,504k540,34.63764568,131.79770057,,,,
R9,504k560,34.63747895,131.79762085,,,,
R9,504k580,34.63730521,131.79756684,,,,
R9,504k600,34.63712690,131.79754235,,,,
R9,504k620,34.63694749,131.79754738,,,,
R9,504k640,34.63676984,131.79757919,,,,
R9,504k660,34.63659705,131.79763927,,,,
R9,504k680,34.63643323,131.79772902,,,,
R9,504k700,34.63628217,131.79784658,,,,
R9,504k800,34.63560229,131.79857707,,,,
R9,504k900,34.63493773,131.79932084,,,,
R9,505k000,34.63427442,131.80005932,,,,
R9,505k100,34.63360803,131.80080118,,,,
R9,505k120,34.63347744,131.80095138,,,,
R9,505k140,34.63334497,131.80109847,,,,
R9,505k160,34.63321266,131.80124649,,,,
R9,505k180,34.63307938,131.80139476,,,,
R9,505k200,34.63294637,131.80154357,,,,
R9,505k300,34.63228486,131.80228087,,,,
R9,505k320,34.63215260,131.80242810,,,,
R9,505k340,34.63201955,131.80257570,,,,
R9,505k360,34.63188798,131.80272197,,,,
R9,505k380,34.63175389,131.80287192,,,,
R9,505k400,34.63162148,131.80302021,,,,
R9,505k420,34.63149204,131.80316968,,,,
R9,505k440,34.63136085,131.80331852,,,,
R9,505k460,34.63122910,131.80346947,,,,
R9,505k480,34.63109816,131.80361873,,,,
R9,505k500,34.63096756,131.80376846,,,,
R9,505k520,34.63083506,131.80391965,,,,
R9,505k540,34.63070417,131.80406923,,,,
R9,505k560,34.63057324,131.80421896,,,,
R9,505k580,34.63044233,131.80436845,,,,
R9,505k600,34.63031157,131.80451786,,,,
R9,505k700,34.62965304,131.80527064,,,,
R9,505k720,34.62952208,131.80542064,,,,
R9,505k740,34.62938991,131.80557025,,,,
R9,505k760,34.62925714,131.80571751,,,,
R9,505k780,34.62912398,131.80586229,,,,
R9,505k800,34.62898871,131.80600651,,,,
R9,505k820,34.62885237,131.80615072,,,,
R9,505k840,34.62871456,131.80628964,,,,
R9,505k860,34.62856900,131.80641618,,,,
R9,505k880,34.62841174,131.80652272,,,,
R9,505k900,34.62824588,131.80660511,,,,
R9,505k920,34.62807215,131.80666293,,,,
R9,505k940,34.62789396,131.80669555,,,,
R9,505k960,34.62771406,131.80670925,,,,
R9,505k980,34.62753384,131.80671468,,,,
R9,506k000,34.62738763,131.80671843,,,,
R9,506k100,34.62649152,131.80674068,,,,
R9,506k120,34.62631147,131.80674528,,,,
R9,506k140,34.62613067,131.80674991,,,,
R9,506k160,34.62595083,131.80675448,,,,
R9,506k180,34.62576951,131.80675914,,,,
R9,506k200,34.62559055,131.80676371,,,,
R9,506k220,34.62540973,131.80676829,,,,
R9,506k240,34.62523185,131.80677289,,,,
R9,506k260,34.62505110,131.80677741,,,,
R9,506k280,34.62487128,131.80678208,,,,
R9,506k320,34.62451024,131.80681962,,,,
R9,506k340,34.62433000,131.80681384,,,,
R9,506k360,34.62414986,131.80680162,,,,
R9,506k380,34.62397059,131.80678143,,,,
R9,506k400,34.62379045,131.80675924,,,,
R9,506k420,34.62361257,131.80673511,,,,
R9,506k440,34.62343205,131.80671132,,,,
R9,506k460,34.62325360,131.80668805,,,,
R9,506k480,34.62307283,131.80666227,,,,
R9,506k500,34.62289406,131.80663668,,,,
R9,506k520,34.62271385,131.80660999,,,,
R9,506k540,34.62253296,131.80658414,,,,
R9,506k560,34.62235333,131.80655751,,,,
R9,506k580,34.62217565,131.80653155,,,,
R9,506k600,34.62200774,131.80650660,,,,
R9,506k620,34.62182771,131.80647761,,,,
R9,506k640,34.62164850,131.80644056,,,,
R9,506k660,34.62147471,131.80638706,,,,
R9,506k680,34.62130437,131.80631142,,,,
R9,506k700,34.62114273,131.80621712,,,,
R9,506k720,34.62098707,131.80610201,,,,
R9,506k740,34.62084255,131.80597373,,,,
R9,506k760,34.62070552,131.80583384,,,,
R9,506k780,34.62057000,131.80568809,,,,
R9,506k800,34.62043650,131.80554401,,,,
R9,506k820,34.62030153,131.80539753,,,,
R9,506k840,34.62016836,131.80525140,,,,
R9,506k860,34.62003360,131.80510478,,,,
R9,506k880,34.61989876,131.80496084,,,,
R9,506k900,34.61976534,131.80481594,,,,
R9,507k800,34.61250244,131.80042929,,,,
R9,507k820,34.61232911,131.80036916,,,,
R9,507k840,34.61215578,131.80030912,,,,
R9,507k860,34.61198246,131.80024897,,,,
R9,507k880,34.61180919,131.80018884,,,,
R9,507k900,34.61163580,131.80012875,,,,
R9,507k920,34.61146253,131.80006863,,,,
R9,507k940,34.61128924,131.80000856,,,,
R9,507k960,34.61111591,131.79994848,,,,
R9,507k980,34.61094259,131.79988834,,,,
R9,508k000,34.61076878,131.79983012,,,,
R9,508k020,34.61059413,131.79977589,,,,
R9,508k040,34.61041876,131.79973036,,,,
R9,508k060,34.61024035,131.79969328,,,,
R9,508k080,34.61006135,131.79966514,,,,
R9,508k100,34.60988626,131.79964532,,,,
R9,508k120,34.60970621,131.79963330,,,,
R9,508k140,34.60952553,131.79962991,,,,
R9,508k160,34.60934438,131.79963547,,,,
R9,508k180,34.60916263,131.79964914,,,,
R9,508k200,34.60898021,131.79967269,,,,
R9,508k220,34.60880148,131.79970106,,,,
R9,508k240,34.60862262,131.79972930,,,,
R9,508k260,34.60844386,131.79975758,,,,
R9,508k280,34.60826421,131.79977712,,,,
R9,508k300,34.60808742,131.79975835,,,,
R9,508k320,34.60791425,131.79969589,,,,
R9,508k340,34.60775482,131.79959591,,,,
R9,508k360,34.60761440,131.79945415,,,,
R9,508k380,34.60747875,131.79931054,,,,
R9,508k400,34.60734305,131.79916698,,,,
R9,508k700,34.60499658,131.79890349,,,,
R9,508k720,34.60483036,131.79898789,,,,
R9,508k740,34.60466412,131.79907232,,,,
R9,508k760,34.60449787,131.79915674,,,,
R9,508k780,34.60433162,131.79924117,,,,
R9,508k800,34.60416537,131.79932559,,,,
R9,508k820,34.60399912,131.79941002,,,,
R9,508k840,34.60383287,131.79949444,,,,
R9,508k860,34.60366662,131.79957886,,,,
R9,508k880,34.60350038,131.79966329,,,,
R9,508k900,34.60333413,131.79974771,,,,
R9,508k920,34.60316788,131.79983213,,,,
R9,508k940,34.60300164,131.79991655,,,,
R9,508k960,34.60283539,131.80000098,,,,
R9,508k980,34.60266914,131.80008540,,,,
R9,509k000,34.60250072,131.80016928,,,,
R9,509k100,34.60167772,131.80060704,,,,
R9,509k120,34.60151232,131.80069375,,,,
R9,509k140,34.60134687,131.80078045,,,,
R9,509k160,34.60118146,131.80086720,,,,
R9,509k180,34.60101607,131.80095392,,,,
R9,509k200,34.60085062,131.80104063,,,,
R9,509k220,34.60068523,131.80112743,,,,
R9,509k240,34.60051980,131.80121418,,,,
R9,509k260,34.60035437,131.80130090,,,,
R9,509k280,34.60018894,131.80138767,,,,
R9,509k300,34.60002290,131.80146322,,,,
R9,509k320,34.59985368,131.80153969,,,,
R9,509k340,34.59967617,131.80159341,,,,
R9,509k360,34.59949893,131.80162500,,,,
R9,509k380,34.59931869,131.80163569,,,,
R9,509k400,34.59913840,131.80163794,,,,
R9,509k420,34.59895810,131.80164002,,,,
R9,509k440,34.59877779,131.80164207,,,,
R9,509k460,34.59859749,131.80164413,,,,
R9,509k480,34.59841717,131.80164623,,,,
R9,509k500,34.59823689,131.80164831,,,,
R9,509k520,34.59805660,131.80165255,,,,
R9,509k540,34.59787720,131.80166706,,,,
R9,509k560,34.59769796,131.80169135,,,,
R9,509k580,34.59751928,131.80172075,,,,
R9,509k600,34.59734078,131.80175141,,,,
R9,509k900,34.59465268,131.80153491,,,,
R9,510k000,34.59375022,131.80150770,,,,
R9,510k100,34.59287469,131.80132369,,,,
R9,510k200,34.59206572,131.80083945,,,,
R9,510k300,34.59131309,131.80023329,,,,
R9,510k320,34.59117234,131.80009695,,,,
R9,510k340,34.59103163,131.79996070,,,,
R9,510k360,34.59089087,131.79982444,,,,
R9,510k380,34.59075014,131.79968814,,,,
R9,510k400,34.59060939,131.79955184,,,,
R9,510k420,34.59046864,131.79941559,,,,
R9,510k440,34.59032790,131.79927931,,,,
R9,510k460,34.59018717,131.79914300,,,,
R9,510k480,34.59004643,131.79900671,,,,
R9,510k500,34.58990565,131.79887045,,,,
R9,511k100,34.58653915,131.79389903,,,,
R9,511k200,34.58606592,131.79300565,,,,
R9,511k300,34.58534183,131.79237990,,,,
R9,511k400,34.58446089,131.79227211,,,,
R9,511k900,34.58043208,131.79468428,,,,
R9,512k400,34.57627099,131.79649143,,,,
R9,512k500,34.57546804,131.79600243,,,,
R9,512k600,34.57469822,131.79544312,,,,
R9,515k300,34.55450377,131.80387287,,,,
R9,516k000,34.55089159,131.81009740,,,,
R9,516k100,34.55036005,131.81099676,,,,
R9,516k200,34.54983537,131.81188099,,,,
R9,516k220,34.54973044,131.81206152,,,,
R9,519k320,34.54833997,131.83318209,,,,
R9,519k340,34.54815936,131.83318273,,,,
R9,519k380,34.54781972,131.83332700,,,,
R9,519k400,34.54765114,131.83340479,,,,
R9,519k800,34.54425784,131.83444238,,,,
R9,519k900,34.54341475,131.83432589,,,,
R9,520k000,34.54293524,131.83347315,,,,
R9,520k120,34.54248247,131.83234083,,,,
R9,520k140,34.54233332,131.83221566,,,,
R9,520k680,34.53769280,131.83229983,,,,
R9,521k300,34.53221159,131.83140901,,,,
R9,521k400,34.53130239,131.83134694,,,,
R9,521k500,34.53039249,131.83128471,,,,
R9,523k100,34.51701931,131.82516135,,,,
R9,523k200,34.51623099,131.82462564,,,,
R9,523k300,34.51544607,131.82409029,,,,
R9,523k400,34.51466142,131.82355133,,,,
R9,526k500,34.49005702,131.80845066,,,,
R9,526k600,34.48936528,131.80775238,,,,
R9,526k700,34.48857969,131.80723188,,,,
R9,526k720,34.48841116,131.80715435,,,,
R9,527k320,34.48376987,131.80397587,,,,
R9,527k340,34.48363838,131.80382691,,,,
R9,527k360,34.48350694,131.80367791,,,,
R9,527k380,34.48337541,131.80352890,,,,
R9,527k400,34.48324393,131.80337983,,,,
R9,527k420,34.48311244,131.80323089,,,,
R9,527k440,34.48298099,131.80308189,,,,
R9,527k460,34.48284949,131.80293293,,,,
R9,527k480,34.48271993,131.80277165,,,,
R9,527k500,34.48262070,131.80258416,,,,
R9,527k520,34.48255668,131.80238114,,,,
R9,527k540,34.48252967,131.80216066,,,,
R9,527k560,34.48252488,131.80194300,,,,
R9,527k580,34.48252011,131.80172534,,,,
R9,528k480,34.47895744,131.79335530,,,,
R9,528k500,34.47895939,131.79321730,,,,
R9,528k520,34.47896856,131.79299390,,,,
R9,528k540,34.47899877,131.79277618,,,,
R9,528k560,34.47904177,131.79256379,,,,
R9,528k580,34.47909725,131.79235652,,,,
R9,528k600,34.47916452,131.79215423,,,,
R9,528k620,34.47924573,131.79195775,,,,
R9,528k640,34.47934068,131.79176698,,,,
R9,528k660,34.47944378,131.79158939,,,,
R9,528k680,34.47955803,131.79142207,,,,
R9,528k700,34.47968030,131.79126195,,,,
R9,528k900,34.48063436,131.78947949,,,,
R9,528k920,34.48059823,131.78926575,,,,
R9,528k940,34.48052587,131.78906396,,,,
R9,528k960,34.48042315,131.78888534,,,,
R9,528k980,34.48031104,131.78871335,,,,
R9,529k000,34.48020147,131.78854576,,,,
R9,529k020,34.48008761,131.78837070,,,,
R9,529k040,34.47997535,131.78819583,,,,
R9,529k060,34.47986552,131.78802425,,,,
R9,529k080,34.47975499,131.78785154,,,,
R9,529k200,34.47919370,131.78674260,,,,
R9,529k300,34.47888923,131.78572780,,,,
R9,529k320,34.47877431,131.78556021,,,,
R9,529k340,34.47864204,131.78541246,,,,
R9,529k380,34.47835028,131.78515663,,,,
R9,529k400,34.47822627,131.78505177,,,,
R9,529k800,34.47599165,131.78182428,,,,
R9,529k900,34.47575530,131.78077262,,,,
R9,530k000,34.47552453,131.77972848,,,,
R9,530k100,34.47522790,131.77869903,,,,
R9,530k200,34.47468896,131.77783227,,,,
R9,530k320,34.47379956,131.77712956,,,,
R9,530k580,34.47153304,131.77730738,,,,
R9,530k800,34.46984598,131.77856646,,,,
R9,530k820,34.46968725,131.77866924,,,,
R9,530k840,34.46951589,131.77873612,,,,
R9,530k860,34.46933739,131.77876458,,,,
R9,531k000,34.46808298,131.77873046,,,,
R9,531k100,34.46719794,131.77849017,,,,
R9,531k200,34.46638905,131.77805145,,,,
R9,531k300,34.46551260,131.77779141,,,,
R9,531k400,34.46462028,131.77762215,,,,
R9,531k500,34.46374354,131.77736026,,,,
R9,531k600,34.46291407,131.77693276,,,,
R9,531k700,34.46208905,131.77648903,,,,
R9,531k800,34.46126564,131.77604871,,,,
R9,531k900,34.46044534,131.77560897,,,,
R9,532k000,34.45961325,131.77520199,,,,
R9,532k100,34.45872422,131.77499626,,,,
R9,532k200,34.45783872,131.77481184,,,,
R9,532k300,34.45709751,131.77420794,,,,
R9,532k400,34.45642509,131.77347628,,,,
R9,532k420,34.45627135,131.77337542,,,,
R9,532k440,34.45610113,131.77330429,,,,
R9,532k460,34.45592351,131.77326839,,,,
R9,532k480,34.45574345,131.77326840,,,,
R9,532k500,34.45556369,131.77328624,,,,
R9,532k600,34.45466634,131.77335846,,,,
R9,532k700,34.45376898,131.77334683,,,,
R9,533k300,34.44890554,131.77456816,,,,
R9,533k320,34.44880086,131.77438979,,,,
R9,533k340,34.44869583,131.77421291,,,,
R9,533k360,34.44858963,131.77403694,,,,
R9,533k380,34.44847889,131.77386531,,,,
R9,533k400,34.44836019,131.77370141,,,,
R9,533k420,34.44823289,131.77354740,,,,
R9,533k440,34.44809734,131.77340392,,,,
R9,533k460,34.44795414,131.77327179,,,,
R9,533k480,34.44780399,131.77315130,,,,
R9,533k500,34.44764751,131.77304328,,,,
R9,533k520,34.44748538,131.77294806,,,,
R9,533k540,34.44731843,131.77286603,,,,
R9,533k560,34.44714730,131.77279766,,,,
R9,533k580,34.44697282,131.77274293,,,,
R9,533k600,34.44679626,131.77269855,,,,
R9,533k900,34.44413433,131.77212086,,,,
R9,534k000,34.44324469,131.77216798,,,,
R9,534k020,34.44307449,131.77223984,,,,
R9,534k040,34.44290551,131.77231579,,,,
R9,534k060,34.44273658,131.77239184,,,,
R9,534k080,34.44256769,131.77246792,,,,
R9,534k100,34.44241567,131.77253633,,,,
R9,534k120,34.44224673,131.77261243,,,,
R9,534k140,34.44207776,131.77268844,,,,
R9,534k160,34.44190783,131.77276097,,,,
R9,534k180,34.44173036,131.77279433,,,,
R9,534k200,34.44155429,131.77275041,,,,
R9,534k300,34.44126233,131.77179371,,,,
R9,534k400,34.44123025,131.77071217,,,,
R9,534k500,34.44119993,131.76962466,,,,
R9,534k800,34.43904305,131.76888118,,,,
R9,534k900,34.43823510,131.76842039,,,,
R9,535k000,34.43755954,131.76769986,,,,
R9,535k100,34.43674134,131.76756349,,,,
R9,535k300,34.43504024,131.76831701,,,,
R9（出雲BP KP重複区間）,367k400,35.34681342,132.72358656,,,,
R9（原井ICアクセス）,459k400,34.88659279,132.06957937,,,,
R9（原井ICアクセス）,459k420,34.88645388,132.06943990,,,,
R9（原井ICアクセス）,459k440,34.88631503,132.06930044,,,,
R9（原井ICアクセス）,459k460,34.88617641,132.06916127,,,,
R9（原井ICアクセス）,459k480,34.88603731,132.06902155,,,,
R9（原井ICアクセス）,459k500,34.88589850,132.06888217,,,,
R9（原井ICアクセス）,459k520,34.88575943,132.06874203,,,,
R9（原井ICアクセス）,459k540,34.88562083,132.06860292,,,,
R9（原井ICアクセス）,459k560,34.88548330,132.06846174,,,,
R9（原井ICアクセス）,459k580,34.88534681,132.06831858,,,,
R9（原井ICアクセス）,459k600,34.88520661,132.06816164,,,,
R9（原井ICアクセス）,459k620,34.88508481,132.06801915,,,,
R9（原井ICアクセス）,459k640,34.88495867,132.06786212,,,,
R9（原井ICアクセス）,459k660,34.88483748,132.06769879,,,,
R9（原井ICアクセス）,459k680,34.88472230,132.06753057,,,,
R9（原井ICアクセス）,459k700,34.88461268,132.06735682,,,,
R9（原井ICアクセス）,459k720,34.88450585,132.06718175,,,,
R9（原井ICアクセス）,459k740,34.88440560,132.06699972,,,,
R9（原井ICアクセス）,459k760,34.88431260,132.06681300,,,,
R9（原井ICアクセス）,459k780,34.88422410,132.06662234,,,,
R9（原井ICアクセス）,459k800,34.88414010,132.06642852,,,,
R9（原井ICアクセス）,460k000,34.88336753,132.06445055,,,,
R9（原井ICアクセス）,460k020,34.88329121,132.06425207,,,,
R9（原井ICアクセス）,460k040,34.88321493,132.06405363,,,,
R9（原井ICアクセス）,460k060,34.88313887,132.06385596,,,,
R9（原井ICアクセス）,460k080,34.88306155,132.06365838,,,,
R9（原井ICアクセス）,460k100,34.88298177,132.06346201,,,,
R9（山陰自動車道）,324k200,35.42825160,133.12940964,,,,
R9（山陰自動車道）,324k400,35.42905426,133.12750287,,,,
R9（山陰自動車道）,324k600,35.42990955,133.12527111,,,,
R9（山陰自動車道）,324k800,35.43076670,133.12343077,,,,
R9（山陰自動車道）,325k000,35.43197982,133.12124126,,,,
R9（山陰自動車道）,325k200,35.43303797,133.11978628,,,,
R9（山陰自動車道）,325k400,35.43440888,133.11834661,,,,
R9（山陰自動車道）,325k600,35.43578390,133.11695835,,,,
R9（山陰自動車道）,325k800,35.43735985,133.11533925,,,,
R9（山陰自動車道）,326k000,35.43871210,133.11420027,,,,
R9（山陰自動車道）,326k200,35.44009203,133.11304846,,,,
R9（山陰自動車道）,326k400,35.44144568,133.11157234,,,,
R9（山陰自動車道）,326k600,35.44219222,133.11010192,,,,
R9（山陰自動車道）,326k800,35.44273600,133.10747961,,,,
R9（山陰自動車道）,327k000,35.44311763,133.10474925,,,,
R9（山陰自動車道）,327k200,35.44332971,133.10341267,,,,
R9（山陰自動車道）,327k400,35.44364893,133.10131241,,,,
R9（山陰自動車道）,327k600,35.44409349,133.09935425,,,,
R9（山陰自動車道）,327k800,35.44550583,133.09708233,,,,
R9（山陰自動車道）,328k000,35.44670193,133.09572795,,,,
R9（山陰自動車道）,328k200,35.44798041,133.09457582,,,,
R9（山陰自動車道）,328k400,35.44872653,133.09188735,,,,
R9（山陰自動車道）,328k600,35.44934657,133.09034930,,,,
R9（山陰自動車道）,328k800,35.44980183,133.08800598,,,,
R9（山陰自動車道）,329k000,35.44982802,133.08638222,,,,
R9（山陰自動車道）,329k200,35.44941712,133.08393173,,,,
R9（山陰自動車道）,329k400,35.44854607,133.08202730,,,,
R9（山陰自動車道）,329k600,35.44742575,133.08037454,,,,
R9（山陰自動車道）,329k800,35.44618654,133.07876346,,,,
R9（山陰自動車道）,330k000,35.44521364,133.07679160,,,,
R9（山陰自動車道）,330k200,35.44495862,133.07440096,,,,
R9（山陰自動車道）,330k400,35.44445716,133.07243629,,,,
R9（山陰自動車道）,330k600,35.44372802,133.07105640,,,,
R9（山陰自動車道）,330k800,35.44351349,133.06803861,,,,
R9（山陰自動車道）,331k000,35.44350496,133.06625980,,,,
R9（山陰自動車道）,331k200,35.44325459,133.06380472,,,,
R9（山陰自動車道）,331k400,35.44255713,133.06147711,,,,
R9（山陰自動車道）,332k000,35.44067918,133.05599214,,,,
R9（山陰自動車道）,332k200,35.43973520,133.05367153,,,,
R9（山陰自動車道）,332k400,35.43851456,133.05260942,,,,
R9（山陰自動車道）,332k600,35.43727608,133.05055707,,,,
R9（山陰自動車道）,332k800,35.43595569,133.04815980,,,,
R9（山陰自動車道）,333k400,35.43426801,133.04272160,,,,
R9（山陰自動車道）,436k000,35.01352557,132.23370604,,,,
R9（山陰自動車道）,436k200,35.01255559,132.23187491,,,,
R9（山陰自動車道）,436k300,35.01220931,132.23086372,,,,
R9（山陰自動車道）,436k400,35.01187126,132.22984642,,,,
R9（山陰自動車道）,436k500,35.01152482,132.22883356,,,,
R9（山陰自動車道）,436k600,35.01115097,132.22783458,,,,
R9（山陰自動車道）,436k700,35.01074610,132.22685653,,,,
R9（山陰自動車道）,437k600,35.00617508,132.21879598,,,,
R9（山陰自動車道）,437k620,35.00605594,132.21863150,,,,
R9（山陰自動車道）,437k640,35.00593636,132.21846748,,,,
R9（山陰自動車道）,437k660,35.00581631,132.21830394,,,,
R9（山陰自動車道）,437k680,35.00569581,132.21814090,,,,
R9（山陰自動車道）,437k700,35.00557489,132.21797831,,,,
R9（山陰自動車道）,437k720,35.00545354,132.21781633,,,,
R9（山陰自動車道）,437k740,35.00533168,132.21765470,,,,
R9（山陰自動車道）,437k760,35.00520947,132.21749369,,,,
R9（山陰自動車道）,437k780,35.00508672,132.21733307,,,,
R9（山陰自動車道）,437k800,35.00496359,132.21717303,,,,
R9（山陰自動車道）,437k820,35.00484009,132.21701350,,,,
R9（山陰自動車道）,437k840,35.00471612,132.21685441,,,,
R9（山陰自動車道）,437k860,35.00459328,132.21669402,,,,
R9（山陰自動車道）,437k880,35.00447242,132.21653145,,,,
R9（山陰自動車道）,437k900,35.00435350,132.21636668,,,,
R9（山陰自動車道）,454k000,34.90963615,132.10520755,,,,
R9（山陰自動車道）,454k020,34.90948534,132.10508773,,,,
R9（山陰自動車道）,454k040,34.90932932,132.10497809,,,,
R9（山陰自動車道）,454k060,34.90916855,132.10487906,,,,
R9（山陰自動車道）,454k080,34.90900347,132.10479108,,,,
R9（山陰自動車道）,454k100,34.90883467,132.10471430,,,,
R9（山陰自動車道）,454k120,34.90866259,132.10464906,,,,
R9（山陰自動車道）,454k140,34.90848780,132.10459552,,,,
R9（山陰自動車道）,454k160,34.90831080,132.10455384,,,,
R9（山陰自動車道）,454k180,34.90813220,132.10452414,,,,
R9（山陰自動車道）,454k200,34.90795253,132.10450656,,,,
R9（山陰自動車道）,454k400,34.90621720,132.10498787,,,,
R9（山陰自動車道）,454k420,34.90605958,132.10509416,,,,
R9（山陰自動車道）,454k440,34.90590361,132.10520394,,,,
R9（山陰自動車道）,454k460,34.90574767,132.10531382,,,,
R9（山陰自動車道）,454k480,34.90559022,132.10542039,,,,
R9（山陰自動車道）,454k500,34.90542975,132.10552018,,,,
R9（山陰自動車道）,454k700,34.90368410,132.10600969,,,,
R9（山陰自動車道）,454k720,34.90350487,132.10603348,,,,
R9（山陰自動車道）,454k740,34.90332566,132.10605727,,,,
R9（山陰自動車道）,454k760,34.90314642,132.10608106,,,,
R9（山陰自動車道）,454k780,34.90296718,132.10610488,,,,
R9（山陰自動車道）,454k800,34.90278796,132.10612865,,,,
R9（山陰自動車道）,454k820,34.90260873,132.10615245,,,,
R9（山陰自動車道）,454k840,34.90242952,132.10617626,,,,
R9（山陰自動車道）,454k860,34.90225028,132.10620006,,,,
R9（山陰自動車道）,454k880,34.90207105,132.10622385,,,,
R9（山陰自動車道）,454k900,34.90189180,132.10624762,,,,
R9（山陰自動車道）,455k000,34.90099807,132.10636663,,,,
R9（山陰自動車道）,455k020,34.90081883,132.10639045,,,,
R9（山陰自動車道）,455k040,34.90063959,132.10641423,,,,
R9（山陰自動車道）,455k060,34.90046039,132.10643803,,,,
R9（山陰自動車道）,455k080,34.90028115,132.10646182,,,,
R9（山陰自動車道）,455k100,34.90010189,132.10648559,,,,
R9（山陰自動車道）,455k120,34.89992269,132.10650941,,,,
R9（山陰自動車道）,455k140,34.89974346,132.10653319,,,,
R9（山陰自動車道）,455k160,34.89956422,132.10655701,,,,
R9（山陰自動車道）,455k180,34.89938501,132.10658077,,,,
R9（山陰自動車道）,455k200,34.89920575,132.10660438,,,,
R9（山陰自動車道）,455k300,34.89830408,132.10666999,,,,
R9（山陰自動車道）,455k320,34.89812391,132.10666202,,,,
R9（山陰自動車道）,455k340,34.89794423,132.10664389,,,,
R9（山陰自動車道）,455k360,34.89776548,132.10661543,,,,
R9（山陰自動車道）,455k380,34.89758806,132.10657672,,,,
R9（山陰自動車道）,455k400,34.89741231,132.10652782,,,,
R9（山陰自動車道）,455k900,34.89421594,132.10288218,,,,
R9（山陰自動車道）,456k000,34.89373112,132.10195981,,,,
R9（山陰自動車道）,456k100,34.89325523,132.10103052,,,,
R9（山陰自動車道）,456k200,34.89277349,132.10010572,,,,
R9（山陰自動車道）,456k220,34.89267621,132.09992150,,,,
R9（山陰自動車道）,456k240,34.89257866,132.09973750,,,,
R9（山陰自動車道）,456k260,34.89248101,132.09955355,,,,
R9（山陰自動車道）,456k280,34.89238334,132.09936960,,,,
R9（山陰自動車道）,456k300,34.89228565,132.09918569,,,,
R9（山陰自動車道）,456k500,34.89132455,132.09733466,,,,
R9（山陰自動車道）,456k520,34.89123616,132.09714396,,,,
R9（山陰自動車道）,456k540,34.89115091,132.09695114,,,,
R9（山陰自動車道）,456k560,34.89106929,132.09675600,,,,
R9（山陰自動車道）,456k580,34.89099181,132.09655847,,,,
R9（山陰自動車道）,456k600,34.89091899,132.09635830,,,,
R9（山陰自動車道）,456k700,34.89063564,132.09532091,,,,
R9（山陰自動車道）,456k720,34.89059573,132.09510754,,,,
R9（山陰自動車道）,456k740,34.89056149,132.09489269,,,,
R9（山陰自動車道）,456k760,34.89053295,132.09467663,,,,
R9（山陰自動車道）,456k780,34.89051020,132.09445960,,,,
R9（山陰自動車道）,456k800,34.89049324,132.09424175,,,,
R9（山陰自動車道）,456k820,34.89048204,132.09402335,,,,
R9（山陰自動車道）,456k840,34.89047669,132.09380465,,,,
R9（山陰自動車道）,456k860,34.89047713,132.09358585,,,,
R9（山陰自動車道）,456k880,34.89048340,132.09336715,,,,
R9（山陰自動車道）,456k900,34.89049544,132.09314883,,,,
R9（山陰自動車道）,457k100,34.89092394,132.09103217,,,,
R9（山陰自動車道）,457k120,34.89099252,132.09082983,,,,
R9（山陰自動車道）,457k140,34.89106404,132.09062897,,,,
R9（山陰自動車道）,457k160,34.89113794,132.09042940,,,,
R9（山陰自動車道）,457k180,34.89121379,132.09023086,,,,
R9（山陰自動車道）,457k200,34.89129109,132.09003315,,,,
R9（山陰自動車道）,457k700,34.89334893,132.08516821,,,,
R9（山陰自動車道）,457k720,34.89343448,132.08497557,,,,
R9（山陰自動車道）,457k740,34.89351518,132.08477991,,,,
R9（山陰自動車道）,457k760,34.89358941,132.08458051,,,,
R9（山陰自動車道）,457k780,34.89361757,132.08435879,,,,
R9（山陰自動車道）,457k800,34.89367409,132.08415101,,,,
R9（山陰自動車道）,458k000,34.89369791,132.08199106,,,,
R9（山陰自動車道）,458k020,34.89364597,132.08178154,,,,
R9（山陰自動車道）,458k040,34.89358456,132.08157582,,,,
R9（山陰自動車道）,458k060,34.89351377,132.08137456,,,,
R9（山陰自動車道）,458k080,34.89343403,132.08117837,,,,
R9（山陰自動車道）,458k100,34.89334643,132.08098714,,,,
R9（山陰自動車道）,458k200,34.89284693,132.08007048,,,,
R9（山陰自動車道）,458k220,34.89274621,132.07988865,,,,
R9（山陰自動車道）,458k240,34.89264696,132.07970629,,,,
R9（山陰自動車道）,458k260,34.89254866,132.07952267,,,,
R9（山陰自動車道）,458k280,34.89245198,132.07933924,,,,
R9（山陰自動車道）,458k300,34.89235564,132.07915283,,,,
R9（山陰自動車道）,458k400,34.89189603,132.07821292,,,,
R9（山陰自動車道）,458k420,34.89180787,132.07802211,,,,
R9（山陰自動車道）,458k440,34.89172114,132.07783034,,,,
R9（山陰自動車道）,458k460,34.89163512,132.07763786,,,,
R9（山陰自動車道）,458k480,34.89155130,132.07744414,,,,
R9（山陰自動車道）,458k500,34.89146723,132.07724782,,,,
R9（山陰自動車道）,458k600,34.89108660,132.07630730,,,,
R9（山陰自動車道）,458k700,34.89071908,132.07530828,,,,
R9（山陰自動車道）,458k800,34.89029723,132.07430072,,,,
R9（山陰自動車道）,458k900,34.88983482,132.07340984,,,,
R9（山陰自動車道）,459k000,34.88928843,132.07254011,,,,
R9（山陰自動車道）,459k100,34.88865296,132.07170269,,,,
R9（山陰自動車道）,459k120,34.88852494,132.07154976,,,,
R9（山陰自動車道）,459k140,34.88839359,132.07139918,,,,
R9（山陰自動車道）,459k160,34.88826126,132.07125097,,,,
R9（山陰自動車道）,459k180,34.88812673,132.07110642,,,,
R9（山陰自動車道）,459k200,34.88798944,132.07096404,,,,
R9（山陰自動車道）,459k300,34.88729742,132.07026288,,,,
R9（山陰自動車道）,459k320,34.88715925,132.07012210,,,,
R9（山陰自動車道）,459k340,34.88702144,132.06998110,,,,
R9（山陰自動車道）,459k360,34.88688364,132.06984104,,,,
R9（山陰自動車道）,459k380,34.88674479,132.06969950,,,,
R9（山陰自動車道）,459k420,34.88644602,132.06943066,,,,
R9（山陰自動車道）,459k440,34.88630691,132.06929141,,,,
R9（山陰自動車道）,459k460,34.88616781,132.06915224,,,,
R9（山陰自動車道）,459k480,34.88602871,132.06901306,,,,
R9（山陰自動車道）,459k500,34.88588961,132.06887385,,,,
R9（山陰自動車道）,459k520,34.88575050,132.06873464,,,,
R9（山陰自動車道）,459k540,34.88561176,132.06859487,,,,
R9（山陰自動車道）,459k560,34.88547423,132.06845343,,,,
R9（山陰自動車道）,459k580,34.88533867,132.06830920,,,,
R9（山陰自動車道）,459k600,34.88520790,132.06816329,,,,
R9（山陰自動車道）,459k700,34.88458976,132.06736758,,,,
R9（山陰自動車道）,459k720,34.88446967,132.06720434,,,,
R9（山陰自動車道）,459k740,34.88434765,132.06704330,,,,
R9（山陰自動車道）,459k760,34.88422200,132.06688639,,,,
R9（山陰自動車道）,459k780,34.88409122,132.06673578,,,,
R9（山陰自動車道）,459k800,34.88395398,132.06659397,,,,
R9（山陰自動車道）,459k820,34.88380928,132.06646350,,,,
R9（山陰自動車道）,459k840,34.88365730,132.06634584,,,,
R9（山陰自動車道）,459k860,34.88349881,132.06624170,,,,
R9（山陰自動車道）,459k880,34.88333458,132.06615149,,,,
R9（山陰自動車道）,459k900,34.88316548,132.06607577,,,,
R9（山陰自動車道）,459k920,34.88299236,132.06601489,,,,
R9（山陰自動車道）,459k940,34.88281608,132.06596902,,,,
R9（山陰自動車道）,459k960,34.88263775,132.06593677,,,,
R9（山陰自動車道）,459k980,34.88245832,132.06591573,,,,
R9（山陰自動車道）,460k000,34.88227833,132.06590338,,,,
R9（山陰自動車道）,460k020,34.88209811,132.06589726,,,,
R9（山陰自動車道）,460k040,34.88191781,132.06589472,,,,
R9（山陰自動車道）,460k060,34.88173752,132.06589333,,,,
R9（山陰自動車道）,460k080,34.88155722,132.06589201,,,,
R9（山陰自動車道）,460k100,34.88137693,132.06589072,,,,
R9（山陰自動車道）,460k120,34.88119662,132.06588936,,,,
R9（山陰自動車道）,460k140,34.88101635,132.06588803,,,,
R9（山陰自動車道）,460k160,34.88083604,132.06588671,,,,
R9（山陰自動車道）,460k180,34.88065572,132.06588539,,,,
R9（山陰自動車道）,460k200,34.88047544,132.06588406,,,,
R9（山陰自動車道）,460k220,34.88029516,132.06588273,,,,
R9（山陰自動車道）,460k240,34.88011485,132.06588141,,,,
R9（山陰自動車道）,460k260,34.87993459,132.06588006,,,,
R9（山陰自動車道）,460k280,34.87975426,132.06587874,,,,
R9（山陰自動車道）,460k300,34.87957397,132.06587743,,,,
R9（山陰自動車道）,460k500,34.87777190,132.06591364,,,,
R9（山陰自動車道）,460k520,34.87759235,132.06593377,,,,
R9（山陰自動車道）,460k540,34.87741322,132.06595828,,,,
R9（山陰自動車道）,460k560,34.87723446,132.06598718,,,,
R9（山陰自動車道）,460k580,34.87705629,132.06602030,,,,
R9（山陰自動車道）,460k800,34.87511718,132.06655826,,,,
R9（山陰自動車道）,460k820,34.87494401,132.06661421,,,,
R9（山陰自動車道）,460k840,34.87477028,132.06666744,,,,
R9（山陰自動車道）,460k860,34.87459587,132.06671732,,,,
R9（山陰自動車道）,460k880,34.87442070,132.06676305,,,,
R9（山陰自動車道）,460k900,34.87424738,132.06681065,,,,
R9（山陰自動車道）,460k920,34.87406907,132.06684280,,,,
R9（山陰自動車道）,460k940,34.87389007,132.06686946,,,,
R9（山陰自動車道）,460k960,34.87371067,132.06689079,,,,
R9（山陰自動車道）,460k980,34.87353083,132.06690659,,,,
R9（山陰自動車道）,461k000,34.87335074,132.06691698,,,,
R9（山陰自動車道）,461k200,34.87155886,132.06672670,,,,
R9（山陰自動車道）,461k400,34.86983484,132.06609573,,,,
R9（山陰自動車道）,461k500,34.86900934,132.06565681,,,,
R9（山陰自動車道）,461k600,34.86821409,132.06514220,,,,
R9（山陰自動車道）,461k620,34.86805912,132.06503046,,,,
R9（山陰自動車道）,461k640,34.86790554,132.06491583,,,,
R9（山陰自動車道）,461k660,34.86775344,132.06479839,,,,
R9（山陰自動車道）,461k680,34.86760282,132.06467810,,,,
R9（山陰自動車道）,461k700,34.86745379,132.06455499,,,,
R9（山陰自動車道）,461k900,34.86609102,132.06311958,,,,
R9（山陰自動車道）,462k000,34.86538233,132.06246171,,,,
R9（山陰自動車道）,462k700,34.86166708,132.05628463,,,,
R9（山陰自動車道）,465k300,34.85105916,132.03176460,,,,
R9（山陰自動車道）,465k320,34.85091077,132.03164038,,,,
R9（山陰自動車道）,465k340,34.85076263,132.03151568,,,,
R9（山陰自動車道）,465k360,34.85061497,132.03139027,,,,
R9（山陰自動車道）,465k380,34.85046771,132.03126401,,,,
R9（山陰自動車道）,467k500,34.84213612,132.01136184,,,,
R9（山陰自動車道）,467k520,34.84208233,132.01115310,,,,
R9（山陰自動車道）,467k540,34.84202697,132.01094501,,,,
R9（山陰自動車道）,467k560,34.84196993,132.01073751,,,,
R9（山陰自動車道）,467k580,34.84191130,132.01053076,,,,
R9（山陰自動車道）,467k600,34.84185103,132.01032463,,,,
R9（山陰自動車道）,467k620,34.84178913,132.01011921,,,,
R9（山陰自動車道）,467k640,34.84172564,132.00991456,,,,
R9（山陰自動車道）,467k660,34.84166053,132.00971061,,,,
R9（山陰自動車道）,467k680,34.84159384,132.00950746,,,,
R9（山陰自動車道）,467k700,34.84152554,132.00930504,,,,
R9（山陰自動車道）,467k900,34.84075646,132.00732809,,,,
R9（山陰自動車道）,467k920,34.84067109,132.00713548,,,,
R9（山陰自動車道）,467k940,34.84058417,132.00694386,,,,
R9（山陰自動車道）,467k960,34.84049580,132.00675328,,,,
R9（山陰自動車道）,467k980,34.84040590,132.00656370,,,,
R9（山陰自動車道）,468k000,34.84031453,132.00637518,,,,
R9（山陰自動車道）,468k200,34.83932120,132.00455112,,,,
R9（山陰自動車道）,468k220,34.83921412,132.00437520,,,,
R9（山陰自動車道）,468k240,34.83910566,132.00420051,,,,
R9（山陰自動車道）,468k260,34.83899606,132.00402687,,,,
R9（山陰自動車道）,468k280,34.83888534,132.00385431,,,,
R9（山陰自動車道）,468k300,34.83877346,132.00368279,,,,
R9（山陰自動車道）,468k900,34.83487096,131.99917504,,,,
R9（山陰自動車道）,469k100,34.83337879,131.99794777,,,,
R9（山陰自動車道）,469k200,34.83263367,131.99733234,,,,
R9（山陰自動車道）,469k220,34.83248529,131.99720816,,,,
R9（山陰自動車道）,469k240,34.83233704,131.99708362,,,,
R9（山陰自動車道）,469k260,34.83218906,131.99695875,,,,
R9（山陰自動車道）,469k280,34.83204124,131.99683351,,,,
R9（山陰自動車道）,469k300,34.83189368,131.99670789,,,,
R9（山陰自動車道）,469k400,34.83115886,131.99607453,,,,
R9（山陰自動車道）,469k500,34.83042931,131.99543231,,,,
R9（山陰自動車道）,469k700,34.82898730,131.99411985,,,,
R9（山陰自動車道）,469k720,34.82884470,131.99398608,,,,
R9（山陰自動車道）,469k740,34.82870240,131.99385181,,,,
R9（山陰自動車道）,469k760,34.82856040,131.99371702,,,,
R9（山陰自動車道）,469k780,34.82841873,131.99358178,,,,
R9（山陰自動車道）,469k800,34.82827738,131.99344605,,,,
R9（山陰自動車道）,470k000,34.82688172,131.99206192,,,,
R9（山陰自動車道）,470k020,34.82674400,131.99192085,,,,
R9（山陰自動車道）,470k040,34.82660655,131.99177935,,,,
R9（山陰自動車道）,470k060,34.82646944,131.99163730,,,,
R9（山陰自動車道）,470k080,34.82633269,131.99149484,,,,
R9（山陰自動車道）,470k100,34.82619628,131.99135188,,,,
R9（山陰自動車道）,470k600,34.82291695,131.98760511,,,,
R9（山陰自動車道）,470k620,34.82279557,131.98744350,,,,
R9（山陰自動車道）,470k640,34.82267562,131.98728022,,,,
R9（山陰自動車道）,470k660,34.82255733,131.98711525,,,,
R9（山陰自動車道）,470k680,34.82244074,131.98694841,,,,
R9（山陰自動車道）,470k700,34.82232601,131.98677982,,,,
R9（山陰自動車道）,470k900,34.82127706,131.98500302,,,,
R9（山陰自動車道）,470k920,34.82117923,131.98481934,,,,
R9（山陰自動車道）,470k940,34.82108181,131.98463537,,,,
R9（山陰自動車道）,470k960,34.82098460,131.98445129,,,,
R9（山陰自動車道）,470k980,34.82088721,131.98426728,,,,
R9（山陰自動車道）,471k000,34.82078933,131.98408366,,,,
R9（山陰自動車道）,471k200,34.81971154,131.98233389,,,,
R9（山陰自動車道）,471k220,34.81959048,131.98217190,,,,
R9（山陰自動車道）,471k240,34.81946696,131.98201261,,,,
R9（山陰自動車道）,471k260,34.81934109,131.98185611,,,,
R9（山陰自動車道）,471k280,34.81921289,131.98170238,,,,
R9（山陰自動車道）,471k300,34.81908240,131.98155153,,,,
R9（山陰自動車道）,471k500,34.81766179,131.98021013,,,,
R9（山陰自動車道）,471k600,34.81688585,131.97965401,,,,
R9（山陰自動車道）,471k800,34.81532340,131.97856450,,,,
R9（山陰自動車道）,471k820,34.81517476,131.97844082,,,,
R9（山陰自動車道）,471k840,34.81502897,131.97831223,,,,
R9（山陰自動車道）,471k860,34.81488621,131.97817865,,,,
R9（山陰自動車道）,471k880,34.81474673,131.97804019,,,,
R9（山陰自動車道）,471k900,34.81461048,131.97789697,,,,
R9（山陰自動車道）,472k100,34.81336111,131.97625909,,,,
R9（山陰自動車道）,472k120,34.81323857,131.97609869,,,,
R9（山陰自動車道）,472k140,34.81311478,131.97593977,,,,
R9（山陰自動車道）,472k160,34.81298932,131.97578280,,,,
R9（山陰自動車道）,472k180,34.81286173,131.97562833,,,,
R9（山陰自動車道）,472k200,34.81273174,131.97547687,,,,
R9（山陰自動車道）,472k400,34.81126581,131.97428000,,,,
R9（山陰自動車道）,472k420,34.81110424,131.97418299,,,,
R9（山陰自動車道）,472k440,34.81094046,131.97409162,,,,
R9（山陰自動車道）,472k460,34.81077456,131.97400595,,,,
R9（山陰自動車道）,472k480,34.81060673,131.97392607,,,,
R9（山陰自動車道）,472k500,34.81043710,131.97385204,,,,
R9（山陰自動車道）,473k000,34.80604842,131.97267549,,,,
R9（山陰自動車道）,473k020,34.80588310,131.97258819,,,,
R9（山陰自動車道）,473k040,34.80571945,131.97249650,,,,
R9（山陰自動車道）,473k060,34.80555726,131.97240098,,,,
R9（山陰自動車道）,473k080,34.80539634,131.97230243,,,,
R9（山陰自動車道）,473k100,34.80523645,131.97220142,,,,
R9（山陰自動車道）,473k300,34.80363934,131.97118774,,,,
R9（山陰自動車道）,473k320,34.80347522,131.97109726,,,,
R9（山陰自動車道）,473k340,34.80330986,131.97101011,,,,
R9（山陰自動車道）,473k360,34.80314336,131.97092635,,,,
R9（山陰自動車道）,473k380,34.80297570,131.97084593,,,,
R9（山陰自動車道）,473k400,34.80280702,131.97076872,,,,
R9（山陰自動車道）,473k600,34.80109946,131.97006730,,,,
R9（山陰自動車道）,473k700,34.80025212,131.96969437,,,,
R9（山陰自動車道）,473k900,34.79861774,131.96877521,,,,
R9（山陰自動車道）,474k000,34.79784195,131.96821897,,,,
R9（山陰自動車道）,474k200,34.79639048,131.96692495,,,,
R9（山陰自動車道）,474k300,34.79571797,131.96619743,,,,
R9（山陰自動車道）,493k900,34.70212261,131.85595605,,,,
R9（山陰自動車道）,494k000,34.70143981,131.85524318,,,,
R9（山陰自動車道）,494k100,34.70075797,131.85452912,,,,
R9（山陰自動車道）,494k200,34.70008545,131.85380221,,,,
R9（山陰自動車道）,497k000,34.68961530,131.82673213,,,,
R9（山陰自動車道）,497k100,34.68899503,131.82594067,,,,
R9（山陰自動車道）,497k200,34.68831795,131.82522067,,,,
R9（山陰自動車道）,497k900,34.68326946,131.82070015,,,,
R9（山陰自動車道）,498k000,34.68270563,131.81984878,,,,
R9（山陰自動車道）,498k100,34.68217324,131.81896813,,,,
R9（山陰自動車道）,499k200,34.67473209,131.81138940,,,,
R9（山陰自動車道）,499k700,34.67027210,131.81075817,,,,
R9（山陰自動車道）,499k720,34.67009180,131.81075791,,,,
R9（山陰自動車道）,499k740,34.66991154,131.81075550,,,,
R9（山陰自動車道）,499k760,34.66973127,131.81075040,,,,
R9（山陰自動車道）,499k780,34.66955113,131.81074208,,,,
R9（山陰自動車道）,499k800,34.66937109,131.81073004,,,,
R9（山陰自動車道）,499k900,34.66847531,131.81061049,,,,
R9（山陰自動車道）,500k000,34.66759218,131.81039302,,,,
R9（山陰自動車道）,500k300,34.66531631,131.80928727,,,,
R9（山陰自動車道）,500k600,34.66274284,131.80996192,,,,
R9（山陰自動車道）,500k620,34.66257595,131.81004443,,,,
R9（山陰自動車道）,500k640,34.66240903,131.81012697,,,,
R9（山陰自動車道）,500k660,34.66224214,131.81020948,,,,
R9（山陰自動車道）,500k680,34.66207521,131.81029201,,,,
R9（山陰自動車道）,500k700,34.66190830,131.81037454,,,,
R9（山陰自動車道）,500k720,34.66174140,131.81045706,,,,
R9（山陰自動車道）,500k740,34.66157449,131.81053958,,,,
R9（山陰自動車道）,500k760,34.66140756,131.81062211,,,,
R9（山陰自動車道）,500k780,34.66124063,131.81070466,,,,
R9（山陰自動車道）,500k800,34.66107373,131.81078717,,,,
R9（山陰自動車道）,500k900,34.66028011,131.81117957,,,,
R9（松江道路KP重複区間）,335k600,35.43519820,133.02148097,,,,
R9（松江道路KP重複区間）,335k800,35.43494745,133.01947137,,,,
R9（米子市KP重複区間）,305k200,35.40941333,133.31603758,,,,
R9（米子市KP重複区間）,305k400,35.40903707,133.31404576,,,,
R9（米子市KP重複区間）,305k600,35.40869352,133.31220840,,,,
R2,221k800,34.50135366,133.45211585,,,,
R2,306k860,34.44202197,132.68193671,,,,
R2,306k900,34.44235876,132.68208858,,,,
R2,307k000,34.44320881,132.68246927,,,,
R2,307k140,34.44445694,132.68268790,,,,
R2,307k160,34.44463719,132.68268644,,,,
R2,307k180,34.44481749,132.68268487,,,,
R2,349k100,34.37716850,132.34580581,,,,
R2,366k400,34.24994387,132.22576350,,,,
R2,367k000,34.24534895,132.22233107,,,,
R2,367k900,34.23759277,132.22029426,,,,
R2,371k000,34.21085967,132.22713342,,,,
R2東広島BP,309k700,34.43624159,132.65415344,,,,
R2東広島BP,310k400,34.43246106,132.64830685,,,,
